"n","j","k","m","theta","replication","index_form","index"
100,3,3,5,0.01,1,"multinomial",1.31856029171638
100,3,3,5,0.01,1,"mixed",1.3084055014824
100,3,3,5,0.01,1,"mixed_population",1.3084067103246
100,3,3,5,0.01,2,"multinomial",1.30280217597769
100,3,3,5,0.01,2,"mixed",1.29874276875947
100,3,3,5,0.01,2,"mixed_population",1.29874074700565
100,3,3,5,0.01,3,"multinomial",1.21812954028407
100,3,3,5,0.01,3,"mixed",1.21413311608783
100,3,3,5,0.01,3,"mixed_population",1.21413311616482
100,3,3,5,0.01,4,"multinomial",1.44649002688932
100,3,3,5,0.01,4,"mixed",1.443308437031
100,3,3,5,0.01,4,"mixed_population",1.44330841660912
100,3,3,5,0.01,5,"multinomial",1.2296969580835
100,3,3,5,0.01,5,"mixed",1.22391451910724
100,3,3,5,0.01,5,"mixed_population",1.22391509131581
100,3,3,5,0.01,6,"multinomial",1.32116482678816
100,3,3,5,0.01,6,"mixed",1.3129136853422
100,3,3,5,0.01,6,"mixed_population",1.31291380055062
100,3,3,5,0.01,7,"multinomial",1.55345844021529
100,3,3,5,0.01,7,"mixed",1.54967473880464
100,3,3,5,0.01,7,"mixed_population",1.54967827880583
100,3,3,5,0.01,8,"multinomial",1.29972746082693
100,3,3,5,0.01,8,"mixed",1.29641865953475
100,3,3,5,0.01,8,"mixed_population",1.29641865433586
100,3,3,5,0.01,9,"multinomial",1.24158522009123
100,3,3,5,0.01,9,"mixed",1.24121686906274
100,3,3,5,0.01,9,"mixed_population",1.24121684196318
100,3,3,5,0.01,10,"multinomial",1.32329796223034
100,3,3,5,0.01,10,"mixed",1.31614705128911
100,3,3,5,0.01,10,"mixed_population",1.31614705691041
100,3,3,5,0.01,11,"multinomial",1.21357888278176
100,3,3,5,0.01,11,"mixed",1.20678598837138
100,3,3,5,0.01,11,"mixed_population",1.20678571911903
100,3,3,5,0.01,12,"multinomial",1.258571531974
100,3,3,5,0.01,12,"mixed",1.25601520442239
100,3,3,5,0.01,12,"mixed_population",1.25601520381218
100,3,3,5,0.01,13,"multinomial",1.24000817160615
100,3,3,5,0.01,13,"mixed",1.24016372231574
100,3,3,5,0.01,13,"mixed_population",1.24016371555384
100,3,3,5,0.01,14,"multinomial",1.26549779215853
100,3,3,5,0.01,14,"mixed",1.26319924116658
100,3,3,5,0.01,14,"mixed_population",1.26319926974358
100,3,3,5,0.01,15,"multinomial",1.24450120310488
100,3,3,5,0.01,15,"mixed",1.24096906231577
100,3,3,5,0.01,15,"mixed_population",1.24020597863699
100,3,3,5,0.01,16,"multinomial",1.35774216147877
100,3,3,5,0.01,16,"mixed",1.35974645456592
100,3,3,5,0.01,16,"mixed_population",1.35962532007084
100,3,3,5,0.01,17,"multinomial",1.28377386408158
100,3,3,5,0.01,17,"mixed",1.26770476511041
100,3,3,5,0.01,17,"mixed_population",1.26700595303817
100,3,3,5,0.01,18,"multinomial",1.23477244705002
100,3,3,5,0.01,18,"mixed",1.22739475677506
100,3,3,5,0.01,18,"mixed_population",1.22739499815568
100,3,3,5,0.01,19,"multinomial",1.24283007484663
100,3,3,5,0.01,19,"mixed",1.23329448995583
100,3,3,5,0.01,19,"mixed_population",1.23329447488619
100,3,3,5,0.01,20,"multinomial",1.39509048382777
100,3,3,5,0.01,20,"mixed",1.39360864169001
100,3,3,5,0.01,20,"mixed_population",1.39360861889751
100,3,3,5,0.01,21,"multinomial",1.23200106841365
100,3,3,5,0.01,21,"mixed",1.22614291432074
100,3,3,5,0.01,21,"mixed_population",1.22614291968012
100,3,3,5,0.01,22,"multinomial",1.33543762972819
100,3,3,5,0.01,22,"mixed",1.33438561586185
100,3,3,5,0.01,22,"mixed_population",1.33438550946423
100,3,3,5,0.01,23,"multinomial",1.27815176613616
100,3,3,5,0.01,23,"mixed",1.26979064937865
100,3,3,5,0.01,23,"mixed_population",1.26979065176114
100,3,3,5,0.01,24,"multinomial",1.28142521818931
100,3,3,5,0.01,24,"mixed",1.2827481860592
100,3,3,5,0.01,24,"mixed_population",1.28000062471974
100,3,3,5,0.01,25,"multinomial",1.40491082211147
100,3,3,5,0.01,25,"mixed",1.39944627371659
100,3,3,5,0.01,25,"mixed_population",1.39944628437796
100,3,3,5,0.01,26,"multinomial",1.30567081951129
100,3,3,5,0.01,26,"mixed",1.30537526274377
100,3,3,5,0.01,26,"mixed_population",1.30477728748301
100,3,3,5,0.01,27,"multinomial",1.25367270850363
100,3,3,5,0.01,27,"mixed",1.24955478811773
100,3,3,5,0.01,27,"mixed_population",1.24955485675732
100,3,3,5,0.01,28,"multinomial",1.30981401910624
100,3,3,5,0.01,28,"mixed",1.30341762118004
100,3,3,5,0.01,28,"mixed_population",1.30341770956351
100,3,3,5,0.01,29,"multinomial",1.25508241030502
100,3,3,5,0.01,29,"mixed",1.25241133883616
100,3,3,5,0.01,29,"mixed_population",1.25241134909057
100,3,3,5,0.01,30,"multinomial",1.21533394520372
100,3,3,5,0.01,30,"mixed",1.21071378186202
100,3,3,5,0.01,30,"mixed_population",1.21071379301693
100,3,3,5,0.01,31,"multinomial",1.22614079300898
100,3,3,5,0.01,31,"mixed",1.22308975622148
100,3,3,5,0.01,31,"mixed_population",1.22300228165672
100,3,3,5,0.01,32,"multinomial",1.30310689179239
100,3,3,5,0.01,32,"mixed",1.30078522896211
100,3,3,5,0.01,32,"mixed_population",1.30078511701851
100,3,3,5,0.01,33,"multinomial",1.1746773578007
100,3,3,5,0.01,33,"mixed",1.17248883471338
100,3,3,5,0.01,33,"mixed_population",1.17248885191977
100,3,3,5,0.01,34,"multinomial",1.26891952470746
100,3,3,5,0.01,34,"mixed",1.26189653972854
100,3,3,5,0.01,34,"mixed_population",1.2618967148063
100,3,3,5,0.01,35,"multinomial",1.35269401581822
100,3,3,5,0.01,35,"mixed",1.35060050658066
100,3,3,5,0.01,35,"mixed_population",1.35060050226727
100,3,3,5,0.01,36,"multinomial",1.23376154573389
100,3,3,5,0.01,36,"mixed",1.22654582678591
100,3,3,5,0.01,36,"mixed_population",1.22654476262161
100,3,3,5,0.01,37,"multinomial",1.34069051835255
100,3,3,5,0.01,37,"mixed",1.33916136887637
100,3,3,5,0.01,37,"mixed_population",1.3391614603812
100,3,3,5,0.01,38,"multinomial",1.26317028006767
100,3,3,5,0.01,38,"mixed",1.2594161649161
100,3,3,5,0.01,38,"mixed_population",1.2594161595053
100,3,3,5,0.01,39,"multinomial",1.22636031091534
100,3,3,5,0.01,39,"mixed",1.22021623802755
100,3,3,5,0.01,39,"mixed_population",1.22021623707773
100,3,3,5,0.01,40,"multinomial",1.20472916752157
100,3,3,5,0.01,40,"mixed",1.20005973949211
100,3,3,5,0.01,40,"mixed_population",1.20005973626949
100,3,3,5,0.01,41,"multinomial",1.25557987603386
100,3,3,5,0.01,41,"mixed",1.25146402103299
100,3,3,5,0.01,41,"mixed_population",1.25146402111271
100,3,3,5,0.01,42,"multinomial",1.29683856397699
100,3,3,5,0.01,42,"mixed",1.29691443124218
100,3,3,5,0.01,42,"mixed_population",1.29691443159815
100,3,3,5,0.01,43,"multinomial",1.40324559125998
100,3,3,5,0.01,43,"mixed",1.39656039836524
100,3,3,5,0.01,43,"mixed_population",1.39656027816087
100,3,3,5,0.01,44,"multinomial",1.23124880034607
100,3,3,5,0.01,44,"mixed",1.22692154771999
100,3,3,5,0.01,44,"mixed_population",1.22692103648865
100,3,3,5,0.01,45,"multinomial",1.28358580684626
100,3,3,5,0.01,45,"mixed",1.28061003672764
100,3,3,5,0.01,45,"mixed_population",1.28061009270876
100,3,3,5,0.01,46,"multinomial",1.25451128023455
100,3,3,5,0.01,46,"mixed",1.25455372032963
100,3,3,5,0.01,46,"mixed_population",1.25375777265505
100,3,3,5,0.01,47,"multinomial",1.1988826967511
100,3,3,5,0.01,47,"mixed",1.19277557021749
100,3,3,5,0.01,47,"mixed_population",1.1927755370531
100,3,3,5,0.01,48,"multinomial",1.34369684742686
100,3,3,5,0.01,48,"mixed",1.33553307878131
100,3,3,5,0.01,48,"mixed_population",1.33553307955695
100,3,3,5,0.01,49,"multinomial",1.37924906610438
100,3,3,5,0.01,49,"mixed",1.37375899592896
100,3,3,5,0.01,49,"mixed_population",1.37375891652252
100,3,3,5,0.01,50,"multinomial",1.23139072027878
100,3,3,5,0.01,50,"mixed",1.22940403963141
100,3,3,5,0.01,50,"mixed_population",1.22940366378576
100,3,3,5,0.01,51,"multinomial",1.35737429486586
100,3,3,5,0.01,51,"mixed",1.34196452102354
100,3,3,5,0.01,51,"mixed_population",1.34196452094358
100,3,3,5,0.01,52,"multinomial",1.32763371032583
100,3,3,5,0.01,52,"mixed",1.32340919824019
100,3,3,5,0.01,52,"mixed_population",1.32340920044417
100,3,3,5,0.01,53,"multinomial",1.43443311042262
100,3,3,5,0.01,53,"mixed",1.4308597293742
100,3,3,5,0.01,53,"mixed_population",1.43085989382973
100,3,3,5,0.01,54,"multinomial",1.43675626793222
100,3,3,5,0.01,54,"mixed",1.42937442000771
100,3,3,5,0.01,54,"mixed_population",1.42937441965395
100,3,3,5,0.01,55,"multinomial",1.2732291864022
100,3,3,5,0.01,55,"mixed",1.26841746708288
100,3,3,5,0.01,55,"mixed_population",1.26841746344556
100,3,3,5,0.01,56,"multinomial",1.27722007211212
100,3,3,5,0.01,56,"mixed",1.2718795232564
100,3,3,5,0.01,56,"mixed_population",1.27187976616039
100,3,3,5,0.01,57,"multinomial",1.2944824975235
100,3,3,5,0.01,57,"mixed",1.28558230967325
100,3,3,5,0.01,57,"mixed_population",1.28558230984833
100,3,3,5,0.01,58,"multinomial",1.318989811666
100,3,3,5,0.01,58,"mixed",1.30766102060795
100,3,3,5,0.01,58,"mixed_population",1.3076615363212
100,3,3,5,0.01,59,"multinomial",1.39908745753321
100,3,3,5,0.01,59,"mixed",1.39070989478065
100,3,3,5,0.01,59,"mixed_population",1.39070989802504
100,3,3,5,0.01,60,"multinomial",1.21469822785101
100,3,3,5,0.01,60,"mixed",1.20823929452763
100,3,3,5,0.01,60,"mixed_population",1.20823930829519
100,3,3,5,0.01,61,"multinomial",1.28399073097185
100,3,3,5,0.01,61,"mixed",1.27897035476927
100,3,3,5,0.01,61,"mixed_population",1.27897036401413
100,3,3,5,0.01,62,"multinomial",1.41537603813654
100,3,3,5,0.01,62,"mixed",1.41210491767275
100,3,3,5,0.01,62,"mixed_population",1.41210453477965
100,3,3,5,0.01,63,"multinomial",1.32458709134426
100,3,3,5,0.01,63,"mixed",1.32167520365152
100,3,3,5,0.01,63,"mixed_population",1.3216759617429
100,3,3,5,0.01,64,"multinomial",1.29207406121053
100,3,3,5,0.01,64,"mixed",1.28970055232591
100,3,3,5,0.01,64,"mixed_population",1.2897005431942
100,3,3,5,0.01,65,"multinomial",1.29561668990602
100,3,3,5,0.01,65,"mixed",1.29448107806573
100,3,3,5,0.01,65,"mixed_population",1.29448107443338
100,3,3,5,0.01,66,"multinomial",1.23898493077578
100,3,3,5,0.01,66,"mixed",1.23306711479863
100,3,3,5,0.01,66,"mixed_population",1.23306714555875
100,3,3,5,0.01,67,"multinomial",1.193962163763
100,3,3,5,0.01,67,"mixed",1.18798626274594
100,3,3,5,0.01,67,"mixed_population",1.18798633800194
100,3,3,5,0.01,68,"multinomial",1.3035391707744
100,3,3,5,0.01,68,"mixed",1.29838258261488
100,3,3,5,0.01,68,"mixed_population",1.29746015809547
100,3,3,5,0.01,69,"multinomial",1.18848117732318
100,3,3,5,0.01,69,"mixed",1.18244471612163
100,3,3,5,0.01,69,"mixed_population",1.1824447319933
100,3,3,5,0.01,70,"multinomial",1.24179235539779
100,3,3,5,0.01,70,"mixed",1.23054269042119
100,3,3,5,0.01,70,"mixed_population",1.23054268308473
100,3,3,5,0.01,71,"multinomial",1.33612938445739
100,3,3,5,0.01,71,"mixed",1.33059575292792
100,3,3,5,0.01,71,"mixed_population",1.33059575268833
100,3,3,5,0.01,72,"multinomial",1.21885465253519
100,3,3,5,0.01,72,"mixed",1.21764888910147
100,3,3,5,0.01,72,"mixed_population",1.21764890987099
100,3,3,5,0.01,73,"multinomial",1.21531839234135
100,3,3,5,0.01,73,"mixed",1.21219713262837
100,3,3,5,0.01,73,"mixed_population",1.21219714095173
100,3,3,5,0.01,74,"multinomial",1.31721038600934
100,3,3,5,0.01,74,"mixed",1.30748183451096
100,3,3,5,0.01,74,"mixed_population",1.30748183806431
100,3,3,5,0.01,75,"multinomial",1.34636680255538
100,3,3,5,0.01,75,"mixed",1.33868282873856
100,3,3,5,0.01,75,"mixed_population",1.33868378062441
100,3,3,5,0.01,76,"multinomial",1.31743230584022
100,3,3,5,0.01,76,"mixed",1.3075167034375
100,3,3,5,0.01,76,"mixed_population",1.30751669662285
100,3,3,5,0.01,77,"multinomial",1.36762002796178
100,3,3,5,0.01,77,"mixed",1.35977037349228
100,3,3,5,0.01,77,"mixed_population",1.35976968671522
100,3,3,5,0.01,78,"multinomial",1.31664796912603
100,3,3,5,0.01,78,"mixed",1.3101915154615
100,3,3,5,0.01,78,"mixed_population",1.31019151592444
100,3,3,5,0.01,79,"multinomial",1.3621156476091
100,3,3,5,0.01,79,"mixed",1.36039785973326
100,3,3,5,0.01,79,"mixed_population",1.3603978605187
100,3,3,5,0.01,80,"multinomial",1.23976014780558
100,3,3,5,0.01,80,"mixed",1.23789939197892
100,3,3,5,0.01,80,"mixed_population",1.23789939247235
100,3,3,5,0.01,81,"multinomial",1.30459757937292
100,3,3,5,0.01,81,"mixed",1.30039168924442
100,3,3,5,0.01,81,"mixed_population",1.30018465173187
100,3,3,5,0.01,82,"multinomial",1.2681341990731
100,3,3,5,0.01,82,"mixed",1.26345954297422
100,3,3,5,0.01,82,"mixed_population",1.26312710473213
100,3,3,5,0.01,83,"multinomial",1.2619936625135
100,3,3,5,0.01,83,"mixed",1.25804705289107
100,3,3,5,0.01,83,"mixed_population",1.25804701549416
100,3,3,5,0.01,84,"multinomial",1.30914077586514
100,3,3,5,0.01,84,"mixed",1.30516234118269
100,3,3,5,0.01,84,"mixed_population",1.30288453679815
100,3,3,5,0.01,85,"multinomial",1.35600203387142
100,3,3,5,0.01,85,"mixed",1.34996084684758
100,3,3,5,0.01,85,"mixed_population",1.34996072584299
100,3,3,5,0.01,86,"multinomial",1.16002895450322
100,3,3,5,0.01,86,"mixed",1.15810326838032
100,3,3,5,0.01,86,"mixed_population",1.15810326918222
100,3,3,5,0.01,87,"multinomial",1.22852653021453
100,3,3,5,0.01,87,"mixed",1.22721479244702
100,3,3,5,0.01,87,"mixed_population",1.22721480865193
100,3,3,5,0.01,88,"multinomial",1.28221780586348
100,3,3,5,0.01,88,"mixed",1.27996232104154
100,3,3,5,0.01,88,"mixed_population",1.27996238546318
100,3,3,5,0.01,89,"multinomial",1.32125859757668
100,3,3,5,0.01,89,"mixed",1.32155102810281
100,3,3,5,0.01,89,"mixed_population",1.32155111437427
100,3,3,5,0.01,90,"multinomial",1.32928076227875
100,3,3,5,0.01,90,"mixed",1.32668109353414
100,3,3,5,0.01,90,"mixed_population",1.32668108766596
100,3,3,5,0.01,91,"multinomial",1.22605561517424
100,3,3,5,0.01,91,"mixed",1.2188875770023
100,3,3,5,0.01,91,"mixed_population",1.21684362260557
100,3,3,5,0.01,92,"multinomial",1.23384810706618
100,3,3,5,0.01,92,"mixed",1.22740652808205
100,3,3,5,0.01,92,"mixed_population",1.22740646799424
100,3,3,5,0.01,93,"multinomial",1.30203194343161
100,3,3,5,0.01,93,"mixed",1.29801345064198
100,3,3,5,0.01,93,"mixed_population",1.29801487635043
100,3,3,5,0.01,94,"multinomial",1.250948879752
100,3,3,5,0.01,94,"mixed",1.24360660146369
100,3,3,5,0.01,94,"mixed_population",1.24360660141232
100,3,3,5,0.01,95,"multinomial",1.33501032702029
100,3,3,5,0.01,95,"mixed",1.32987723826253
100,3,3,5,0.01,95,"mixed_population",1.32987736750571
100,3,3,5,0.01,96,"multinomial",1.52868055931071
100,3,3,5,0.01,96,"mixed",1.5269555509672
100,3,3,5,0.01,96,"mixed_population",1.52695553384587
100,3,3,5,0.01,97,"multinomial",1.19372027160576
100,3,3,5,0.01,97,"mixed",1.19313623656629
100,3,3,5,0.01,97,"mixed_population",1.19313623756172
100,3,3,5,0.01,98,"multinomial",1.25689043488357
100,3,3,5,0.01,98,"mixed",1.25330500914771
100,3,3,5,0.01,98,"mixed_population",1.25330501496715
100,3,3,5,0.01,99,"multinomial",1.30226095201725
100,3,3,5,0.01,99,"mixed",1.29911867557374
100,3,3,5,0.01,99,"mixed_population",1.29911866405747
100,3,3,5,0.01,100,"multinomial",1.30100393922793
100,3,3,5,0.01,100,"mixed",1.29451222069295
100,3,3,5,0.01,100,"mixed_population",1.29355164116114
100,3,3,5,0.1,1,"multinomial",1.44942655979867
100,3,3,5,0.1,1,"mixed",1.45275849794393
100,3,3,5,0.1,1,"mixed_population",1.44742041910905
100,3,3,5,0.1,2,"multinomial",1.38932687904871
100,3,3,5,0.1,2,"mixed",1.38480425016704
100,3,3,5,0.1,2,"mixed_population",1.38480431952342
100,3,3,5,0.1,3,"multinomial",1.22775548316558
100,3,3,5,0.1,3,"mixed",1.22529534126112
100,3,3,5,0.1,3,"mixed_population",1.2252953420524
100,3,3,5,0.1,4,"multinomial",1.21496854914095
100,3,3,5,0.1,4,"mixed",1.20868108325851
100,3,3,5,0.1,4,"mixed_population",1.20868112962817
100,3,3,5,0.1,5,"multinomial",1.26838987353385
100,3,3,5,0.1,5,"mixed",1.26349344001593
100,3,3,5,0.1,5,"mixed_population",1.26349345709399
100,3,3,5,0.1,6,"multinomial",1.21609861063199
100,3,3,5,0.1,6,"mixed",1.20885881559351
100,3,3,5,0.1,6,"mixed_population",1.20833763817372
100,3,3,5,0.1,7,"multinomial",1.34058234165674
100,3,3,5,0.1,7,"mixed",1.33694257140541
100,3,3,5,0.1,7,"mixed_population",1.33694252734499
100,3,3,5,0.1,8,"multinomial",1.25797053879718
100,3,3,5,0.1,8,"mixed",1.25715298145964
100,3,3,5,0.1,8,"mixed_population",1.25598327384152
100,3,3,5,0.1,9,"multinomial",1.21672468341271
100,3,3,5,0.1,9,"mixed",1.21543844025939
100,3,3,5,0.1,9,"mixed_population",1.21543846168984
100,3,3,5,0.1,10,"multinomial",1.32066329440646
100,3,3,5,0.1,10,"mixed",1.31480432447605
100,3,3,5,0.1,10,"mixed_population",1.31480429596657
100,3,3,5,0.1,11,"multinomial",1.35057596827681
100,3,3,5,0.1,11,"mixed",1.34980309698329
100,3,3,5,0.1,11,"mixed_population",1.34980311688791
100,3,3,5,0.1,12,"multinomial",1.23164343213661
100,3,3,5,0.1,12,"mixed",1.22934892443654
100,3,3,5,0.1,12,"mixed_population",1.22934924430982
100,3,3,5,0.1,13,"multinomial",1.27700178043423
100,3,3,5,0.1,13,"mixed",1.27457345997436
100,3,3,5,0.1,13,"mixed_population",1.27457345644957
100,3,3,5,0.1,14,"multinomial",1.35266363754754
100,3,3,5,0.1,14,"mixed",1.35039346869567
100,3,3,5,0.1,14,"mixed_population",1.35039320330921
100,3,3,5,0.1,15,"multinomial",1.23234283858009
100,3,3,5,0.1,15,"mixed",1.23051341291472
100,3,3,5,0.1,15,"mixed_population",1.2305134128866
100,3,3,5,0.1,16,"multinomial",1.35154609516332
100,3,3,5,0.1,16,"mixed",1.34745979159664
100,3,3,5,0.1,16,"mixed_population",1.347459758808
100,3,3,5,0.1,17,"multinomial",1.21058044078134
100,3,3,5,0.1,17,"mixed",1.20957840097521
100,3,3,5,0.1,17,"mixed_population",1.20884824812414
100,3,3,5,0.1,18,"multinomial",1.1957443019282
100,3,3,5,0.1,18,"mixed",1.19344722933496
100,3,3,5,0.1,18,"mixed_population",1.19344723084742
100,3,3,5,0.1,19,"multinomial",1.38449692996047
100,3,3,5,0.1,19,"mixed",1.37974517418812
100,3,3,5,0.1,19,"mixed_population",1.37974507128392
100,3,3,5,0.1,20,"multinomial",1.22286557913055
100,3,3,5,0.1,20,"mixed",1.21835216325962
100,3,3,5,0.1,20,"mixed_population",1.21835212566176
100,3,3,5,0.1,21,"multinomial",1.20297926708654
100,3,3,5,0.1,21,"mixed",1.19681095671536
100,3,3,5,0.1,21,"mixed_population",1.19681099114278
100,3,3,5,0.1,22,"multinomial",1.18159762470958
100,3,3,5,0.1,22,"mixed",1.17974945655016
100,3,3,5,0.1,22,"mixed_population",1.17974836962828
100,3,3,5,0.1,23,"multinomial",1.30090158970074
100,3,3,5,0.1,23,"mixed",1.29743049662789
100,3,3,5,0.1,23,"mixed_population",1.29743050309122
100,3,3,5,0.1,24,"multinomial",1.36455722412427
100,3,3,5,0.1,24,"mixed",1.36187567732845
100,3,3,5,0.1,24,"mixed_population",1.36187604796717
100,3,3,5,0.1,25,"multinomial",1.46272582003606
100,3,3,5,0.1,25,"mixed",1.45269609652738
100,3,3,5,0.1,25,"mixed_population",1.45269614818718
100,3,3,5,0.1,26,"multinomial",1.43171685240447
100,3,3,5,0.1,26,"mixed",1.42420658377345
100,3,3,5,0.1,26,"mixed_population",1.42420656124169
100,3,3,5,0.1,27,"multinomial",1.19515148366629
100,3,3,5,0.1,27,"mixed",1.1915102316295
100,3,3,5,0.1,27,"mixed_population",1.19151023156722
100,3,3,5,0.1,28,"multinomial",1.3914825137583
100,3,3,5,0.1,28,"mixed",1.39343025442502
100,3,3,5,0.1,28,"mixed_population",1.3845481431474
100,3,3,5,0.1,29,"multinomial",1.29186585905415
100,3,3,5,0.1,29,"mixed",1.28967069912607
100,3,3,5,0.1,29,"mixed_population",1.289670720106
100,3,3,5,0.1,30,"multinomial",1.22397704493191
100,3,3,5,0.1,30,"mixed",1.22083073999231
100,3,3,5,0.1,30,"mixed_population",1.22083066956917
100,3,3,5,0.1,31,"multinomial",1.34157043836334
100,3,3,5,0.1,31,"mixed",1.33376113620114
100,3,3,5,0.1,31,"mixed_population",1.33376114027699
100,3,3,5,0.1,32,"multinomial",1.25356372935707
100,3,3,5,0.1,32,"mixed",1.25031707359077
100,3,3,5,0.1,32,"mixed_population",1.24844564650986
100,3,3,5,0.1,33,"multinomial",1.43284428453319
100,3,3,5,0.1,33,"mixed",1.42871607469456
100,3,3,5,0.1,33,"mixed_population",1.42871670981368
100,3,3,5,0.1,34,"multinomial",1.30961348415118
100,3,3,5,0.1,34,"mixed",1.3047495981366
100,3,3,5,0.1,34,"mixed_population",1.30474959944233
100,3,3,5,0.1,35,"multinomial",1.33554256041574
100,3,3,5,0.1,35,"mixed",1.32970477789677
100,3,3,5,0.1,35,"mixed_population",1.32970492940034
100,3,3,5,0.1,36,"multinomial",1.33169312678838
100,3,3,5,0.1,36,"mixed",1.32523535408158
100,3,3,5,0.1,36,"mixed_population",1.3252353494344
100,3,3,5,0.1,37,"multinomial",1.26217828364087
100,3,3,5,0.1,37,"mixed",1.26095017006716
100,3,3,5,0.1,37,"mixed_population",1.26095003902744
100,3,3,5,0.1,38,"multinomial",1.16399856255476
100,3,3,5,0.1,38,"mixed",1.16318600121402
100,3,3,5,0.1,38,"mixed_population",1.16318599922542
100,3,3,5,0.1,39,"multinomial",1.32312064357734
100,3,3,5,0.1,39,"mixed",1.3248643107974
100,3,3,5,0.1,39,"mixed_population",1.32486431323393
100,3,3,5,0.1,40,"multinomial",1.33127315948614
100,3,3,5,0.1,40,"mixed",1.32633795488437
100,3,3,5,0.1,40,"mixed_population",1.32633795528006
100,3,3,5,0.1,41,"multinomial",1.28089491097088
100,3,3,5,0.1,41,"mixed",1.27513524284403
100,3,3,5,0.1,41,"mixed_population",1.27513524183505
100,3,3,5,0.1,42,"multinomial",1.28918890222852
100,3,3,5,0.1,42,"mixed",1.28107175695044
100,3,3,5,0.1,42,"mixed_population",1.28107142875428
100,3,3,5,0.1,43,"multinomial",1.19494118689824
100,3,3,5,0.1,43,"mixed",1.18897800098285
100,3,3,5,0.1,43,"mixed_population",1.18897798323753
100,3,3,5,0.1,44,"multinomial",1.29685630733394
100,3,3,5,0.1,44,"mixed",1.29147888488946
100,3,3,5,0.1,44,"mixed_population",1.29147888824984
100,3,3,5,0.1,45,"multinomial",1.23341983030863
100,3,3,5,0.1,45,"mixed",1.22804842668581
100,3,3,5,0.1,45,"mixed_population",1.22804786683528
100,3,3,5,0.1,46,"multinomial",1.32300695158741
100,3,3,5,0.1,46,"mixed",1.31268740327853
100,3,3,5,0.1,46,"mixed_population",1.31268742268479
100,3,3,5,0.1,47,"multinomial",1.27353441639583
100,3,3,5,0.1,47,"mixed",1.26920157939966
100,3,3,5,0.1,47,"mixed_population",1.26920157414684
100,3,3,5,0.1,48,"multinomial",1.37866020982192
100,3,3,5,0.1,48,"mixed",1.36959157788491
100,3,3,5,0.1,48,"mixed_population",1.36959157446379
100,3,3,5,0.1,49,"multinomial",1.22236195987894
100,3,3,5,0.1,49,"mixed",1.21304055346728
100,3,3,5,0.1,49,"mixed_population",1.21304055349435
100,3,3,5,0.1,50,"multinomial",1.26340751983784
100,3,3,5,0.1,50,"mixed",1.25898433783933
100,3,3,5,0.1,50,"mixed_population",1.25898440372424
100,3,3,5,0.1,51,"multinomial",1.31311022140402
100,3,3,5,0.1,51,"mixed",1.30537396885548
100,3,3,5,0.1,51,"mixed_population",1.30537274612964
100,3,3,5,0.1,52,"multinomial",1.34582413828814
100,3,3,5,0.1,52,"mixed",1.33715156259396
100,3,3,5,0.1,52,"mixed_population",1.33715175855289
100,3,3,5,0.1,53,"multinomial",1.2561575985443
100,3,3,5,0.1,53,"mixed",1.25370487515612
100,3,3,5,0.1,53,"mixed_population",1.2537050488956
100,3,3,5,0.1,54,"multinomial",1.26488721314265
100,3,3,5,0.1,54,"mixed",1.25932791757497
100,3,3,5,0.1,54,"mixed_population",1.25932781754558
100,3,3,5,0.1,55,"multinomial",1.31588191563944
100,3,3,5,0.1,55,"mixed",1.31032005007092
100,3,3,5,0.1,55,"mixed_population",1.31032037618876
100,3,3,5,0.1,56,"multinomial",1.30884381817751
100,3,3,5,0.1,56,"mixed",1.30036164799637
100,3,3,5,0.1,56,"mixed_population",1.30036242878572
100,3,3,5,0.1,57,"multinomial",1.18853680543374
100,3,3,5,0.1,57,"mixed",1.18685413129861
100,3,3,5,0.1,57,"mixed_population",1.18685413153853
100,3,3,5,0.1,58,"multinomial",1.26554333930208
100,3,3,5,0.1,58,"mixed",1.26407137730161
100,3,3,5,0.1,58,"mixed_population",1.26407119674657
100,3,3,5,0.1,59,"multinomial",1.28765746029959
100,3,3,5,0.1,59,"mixed",1.28473864578431
100,3,3,5,0.1,59,"mixed_population",1.28473802370216
100,3,3,5,0.1,60,"multinomial",1.28079983671325
100,3,3,5,0.1,60,"mixed",1.27713280690427
100,3,3,5,0.1,60,"mixed_population",1.27713288093927
100,3,3,5,0.1,61,"multinomial",1.29297925482626
100,3,3,5,0.1,61,"mixed",1.28830887992318
100,3,3,5,0.1,61,"mixed_population",1.28830889075579
100,3,3,5,0.1,62,"multinomial",1.33452799967022
100,3,3,5,0.1,62,"mixed",1.33135021997578
100,3,3,5,0.1,62,"mixed_population",1.3313491426986
100,3,3,5,0.1,63,"multinomial",1.23241261238226
100,3,3,5,0.1,63,"mixed",1.22574680625325
100,3,3,5,0.1,63,"mixed_population",1.22574684602912
100,3,3,5,0.1,64,"multinomial",1.26705098540576
100,3,3,5,0.1,64,"mixed",1.26387526425025
100,3,3,5,0.1,64,"mixed_population",1.26387526053049
100,3,3,5,0.1,65,"multinomial",1.27590726900233
100,3,3,5,0.1,65,"mixed",1.27128341484924
100,3,3,5,0.1,65,"mixed_population",1.27128305276894
100,3,3,5,0.1,66,"multinomial",1.29531898845221
100,3,3,5,0.1,66,"mixed",1.29215708767919
100,3,3,5,0.1,66,"mixed_population",1.29183515767168
100,3,3,5,0.1,67,"multinomial",1.2376365772153
100,3,3,5,0.1,67,"mixed",1.22553777858936
100,3,3,5,0.1,67,"mixed_population",1.2255377782345
100,3,3,5,0.1,68,"multinomial",1.3244805591961
100,3,3,5,0.1,68,"mixed",1.32052457266222
100,3,3,5,0.1,68,"mixed_population",1.3205245726703
100,3,3,5,0.1,69,"multinomial",1.15640281632266
100,3,3,5,0.1,69,"mixed",1.1522025889476
100,3,3,5,0.1,69,"mixed_population",1.15220259175261
100,3,3,5,0.1,70,"multinomial",1.24650281017299
100,3,3,5,0.1,70,"mixed",1.241200161736
100,3,3,5,0.1,70,"mixed_population",1.24119936441747
100,3,3,5,0.1,71,"multinomial",1.36145900754673
100,3,3,5,0.1,71,"mixed",1.34883865708376
100,3,3,5,0.1,71,"mixed_population",1.3488416051926
100,3,3,5,0.1,72,"multinomial",1.26218380940147
100,3,3,5,0.1,72,"mixed",1.26075081384155
100,3,3,5,0.1,72,"mixed_population",1.2607507841631
100,3,3,5,0.1,73,"multinomial",1.21069945479654
100,3,3,5,0.1,73,"mixed",1.20131404309865
100,3,3,5,0.1,73,"mixed_population",1.20131404375367
100,3,3,5,0.1,74,"multinomial",1.28737536787851
100,3,3,5,0.1,74,"mixed",1.27894249440816
100,3,3,5,0.1,74,"mixed_population",1.27894268635456
100,3,3,5,0.1,75,"multinomial",1.24079609416531
100,3,3,5,0.1,75,"mixed",1.24097319805111
100,3,3,5,0.1,75,"mixed_population",1.24097357379385
100,3,3,5,0.1,76,"multinomial",1.30683883273169
100,3,3,5,0.1,76,"mixed",1.30064761401439
100,3,3,5,0.1,76,"mixed_population",1.30064765302277
100,3,3,5,0.1,77,"multinomial",1.13542803085189
100,3,3,5,0.1,77,"mixed",1.13301864904195
100,3,3,5,0.1,77,"mixed_population",1.13301880548024
100,3,3,5,0.1,78,"multinomial",1.44657855113797
100,3,3,5,0.1,78,"mixed",1.43469564126441
100,3,3,5,0.1,78,"mixed_population",1.43469555957359
100,3,3,5,0.1,79,"multinomial",1.33281089821377
100,3,3,5,0.1,79,"mixed",1.31658469148542
100,3,3,5,0.1,79,"mixed_population",1.31598921476906
100,3,3,5,0.1,80,"multinomial",1.262190169765
100,3,3,5,0.1,80,"mixed",1.25029159911975
100,3,3,5,0.1,80,"mixed_population",1.25029161237339
100,3,3,5,0.1,81,"multinomial",1.32324324586893
100,3,3,5,0.1,81,"mixed",1.31680944508035
100,3,3,5,0.1,81,"mixed_population",1.3168100071109
100,3,3,5,0.1,82,"multinomial",1.24260759789129
100,3,3,5,0.1,82,"mixed",1.24129235394033
100,3,3,5,0.1,82,"mixed_population",1.24129236683789
100,3,3,5,0.1,83,"multinomial",1.12229445772969
100,3,3,5,0.1,83,"mixed",1.11873143614787
100,3,3,5,0.1,83,"mixed_population",1.1187314344467
100,3,3,5,0.1,84,"multinomial",1.35732979385023
100,3,3,5,0.1,84,"mixed",1.34917070412161
100,3,3,5,0.1,84,"mixed_population",1.34917070436028
100,3,3,5,0.1,85,"multinomial",1.19579283749889
100,3,3,5,0.1,85,"mixed",1.18875978082844
100,3,3,5,0.1,85,"mixed_population",1.18875985292921
100,3,3,5,0.1,86,"multinomial",1.20642609281063
100,3,3,5,0.1,86,"mixed",1.20421315986962
100,3,3,5,0.1,86,"mixed_population",1.20421315885812
100,3,3,5,0.1,87,"multinomial",1.27773696251134
100,3,3,5,0.1,87,"mixed",1.27326733378549
100,3,3,5,0.1,87,"mixed_population",1.27326731853116
100,3,3,5,0.1,88,"multinomial",1.29360268736991
100,3,3,5,0.1,88,"mixed",1.29131220222909
100,3,3,5,0.1,88,"mixed_population",1.29131218380321
100,3,3,5,0.1,89,"multinomial",1.22716452879649
100,3,3,5,0.1,89,"mixed",1.22411849591517
100,3,3,5,0.1,89,"mixed_population",1.22411816447932
100,3,3,5,0.1,90,"multinomial",1.24203505660152
100,3,3,5,0.1,90,"mixed",1.24055657602118
100,3,3,5,0.1,90,"mixed_population",1.24055648620691
100,3,3,5,0.1,91,"multinomial",1.08499012196198
100,3,3,5,0.1,91,"mixed",1.08339503946539
100,3,3,5,0.1,91,"mixed_population",1.08339503183861
100,3,3,5,0.1,92,"multinomial",1.26543889514767
100,3,3,5,0.1,92,"mixed",1.25576647152714
100,3,3,5,0.1,92,"mixed_population",1.25576647996489
100,3,3,5,0.1,93,"multinomial",1.31472550493399
100,3,3,5,0.1,93,"mixed",1.30848376941601
100,3,3,5,0.1,93,"mixed_population",1.30848376574487
100,3,3,5,0.1,94,"multinomial",1.1474384755588
100,3,3,5,0.1,94,"mixed",1.14709839752146
100,3,3,5,0.1,94,"mixed_population",1.14709842397379
100,3,3,5,0.1,95,"multinomial",1.3263466051545
100,3,3,5,0.1,95,"mixed",1.32613623426744
100,3,3,5,0.1,95,"mixed_population",1.32608843683091
100,3,3,5,0.1,96,"multinomial",1.40130246569212
100,3,3,5,0.1,96,"mixed",1.39540350923549
100,3,3,5,0.1,96,"mixed_population",1.39540329299414
100,3,3,5,0.1,97,"multinomial",1.23219225926107
100,3,3,5,0.1,97,"mixed",1.22619769415145
100,3,3,5,0.1,97,"mixed_population",1.2261975499803
100,3,3,5,0.1,98,"multinomial",1.32970097133967
100,3,3,5,0.1,98,"mixed",1.32566544067396
100,3,3,5,0.1,98,"mixed_population",1.32566569564023
100,3,3,5,0.1,99,"multinomial",1.22709288272767
100,3,3,5,0.1,99,"mixed",1.21890827973381
100,3,3,5,0.1,99,"mixed_population",1.21890828644767
100,3,3,5,0.1,100,"multinomial",1.24615801377399
100,3,3,5,0.1,100,"mixed",1.24430786554406
100,3,3,5,0.1,100,"mixed_population",1.24430779991508
100,3,3,5,1,1,"multinomial",1.63988984159568
100,3,3,5,1,1,"mixed",1.62375405946645
100,3,3,5,1,1,"mixed_population",1.62142341260293
100,3,3,5,1,2,"multinomial",1.43787667141849
100,3,3,5,1,2,"mixed",1.43266328487146
100,3,3,5,1,2,"mixed_population",1.43266327982506
100,3,3,5,1,3,"multinomial",1.54546192713927
100,3,3,5,1,3,"mixed",1.53210460109415
100,3,3,5,1,3,"mixed_population",1.53052020755259
100,3,3,5,1,4,"multinomial",1.46810587464688
100,3,3,5,1,4,"mixed",1.47438440417819
100,3,3,5,1,4,"mixed_population",1.46274692083258
100,3,3,5,1,5,"multinomial",1.54655093525872
100,3,3,5,1,5,"mixed",1.54196604013807
100,3,3,5,1,5,"mixed_population",1.54196591859227
100,3,3,5,1,6,"multinomial",1.64881589892491
100,3,3,5,1,6,"mixed",1.64371702126717
100,3,3,5,1,6,"mixed_population",1.64371704080091
100,3,3,5,1,7,"multinomial",1.67586746090806
100,3,3,5,1,7,"mixed",1.68338789894001
100,3,3,5,1,7,"mixed_population",1.67106697259064
100,3,3,5,1,8,"multinomial",1.57768849505708
100,3,3,5,1,8,"mixed",1.57954988887586
100,3,3,5,1,8,"mixed_population",1.57738002657548
100,3,3,5,1,9,"multinomial",1.46954176095553
100,3,3,5,1,9,"mixed",1.46354324490177
100,3,3,5,1,9,"mixed_population",1.46354324583346
100,3,3,5,1,10,"multinomial",1.43570140741867
100,3,3,5,1,10,"mixed",1.42100882659877
100,3,3,5,1,10,"mixed_population",1.42100738888193
100,3,3,5,1,11,"multinomial",1.47587919699629
100,3,3,5,1,11,"mixed",1.47443577921754
100,3,3,5,1,11,"mixed_population",1.47443578863009
100,3,3,5,1,12,"multinomial",1.37389699881344
100,3,3,5,1,12,"mixed",1.35081435898692
100,3,3,5,1,12,"mixed_population",1.35081422250249
100,3,3,5,1,13,"multinomial",1.58797263097811
100,3,3,5,1,13,"mixed",1.58047699800666
100,3,3,5,1,13,"mixed_population",1.57548851373685
100,3,3,5,1,14,"multinomial",1.38531189864873
100,3,3,5,1,14,"mixed",1.37839313664038
100,3,3,5,1,14,"mixed_population",1.37839310766878
100,3,3,5,1,15,"multinomial",1.57109838286225
100,3,3,5,1,15,"mixed",1.55604927863247
100,3,3,5,1,15,"mixed_population",1.55333619440552
100,3,3,5,1,16,"multinomial",1.46744206784029
100,3,3,5,1,16,"mixed",1.47822491480873
100,3,3,5,1,16,"mixed_population",1.46580762078733
100,3,3,5,1,17,"multinomial",1.58103534924467
100,3,3,5,1,17,"mixed",1.56477071972231
100,3,3,5,1,17,"mixed_population",1.56425106204653
100,3,3,5,1,18,"multinomial",1.52499498753832
100,3,3,5,1,18,"mixed",1.52033340577923
100,3,3,5,1,18,"mixed_population",1.51773124655739
100,3,3,5,1,19,"multinomial",1.5317747638643
100,3,3,5,1,19,"mixed",1.52381870772009
100,3,3,5,1,19,"mixed_population",1.52051931503782
100,3,3,5,1,20,"multinomial",1.48439047213948
100,3,3,5,1,20,"mixed",1.48513879543467
100,3,3,5,1,20,"mixed_population",1.48410483893392
100,3,3,5,1,21,"multinomial",1.35161029971145
100,3,3,5,1,21,"mixed",1.35023183395259
100,3,3,5,1,21,"mixed_population",1.34806166038602
100,3,3,5,1,22,"multinomial",1.47742011954698
100,3,3,5,1,22,"mixed",1.47431495866943
100,3,3,5,1,22,"mixed_population",1.4718817532548
100,3,3,5,1,23,"multinomial",1.66901186605147
100,3,3,5,1,23,"mixed",1.6645959117979
100,3,3,5,1,23,"mixed_population",1.6621643980068
100,3,3,5,1,24,"multinomial",1.47110997184684
100,3,3,5,1,24,"mixed",1.46562882275515
100,3,3,5,1,24,"mixed_population",1.46562636302238
100,3,3,5,1,25,"multinomial",1.58385995185117
100,3,3,5,1,25,"mixed",1.58935968843325
100,3,3,5,1,25,"mixed_population",1.57875967659658
100,3,3,5,1,26,"multinomial",1.53071603592697
100,3,3,5,1,26,"mixed",1.534093236841
100,3,3,5,1,26,"mixed_population",1.53162478271637
100,3,3,5,1,27,"multinomial",1.546442653239
100,3,3,5,1,27,"mixed",1.54001888061044
100,3,3,5,1,27,"mixed_population",1.53666981300022
100,3,3,5,1,28,"multinomial",1.44392797083826
100,3,3,5,1,28,"mixed",1.44105444136375
100,3,3,5,1,28,"mixed_population",1.44105426056002
100,3,3,5,1,29,"multinomial",1.45788620516427
100,3,3,5,1,29,"mixed",1.4543387306207
100,3,3,5,1,29,"mixed_population",1.45354130322176
100,3,3,5,1,30,"multinomial",1.49277207748397
100,3,3,5,1,30,"mixed",1.4982471527264
100,3,3,5,1,30,"mixed_population",1.49237853457344
100,3,3,5,1,31,"multinomial",1.6172974403673
100,3,3,5,1,31,"mixed",1.60153640125064
100,3,3,5,1,31,"mixed_population",1.60035894750887
100,3,3,5,1,32,"multinomial",1.56157653002906
100,3,3,5,1,32,"mixed",1.55677605289247
100,3,3,5,1,32,"mixed_population",1.55677612688856
100,3,3,5,1,33,"multinomial",1.56352840129259
100,3,3,5,1,33,"mixed",1.56517489779534
100,3,3,5,1,33,"mixed_population",1.56346036816324
100,3,3,5,1,34,"multinomial",1.6044577627095
100,3,3,5,1,34,"mixed",1.59760047468268
100,3,3,5,1,34,"mixed_population",1.59760058261824
100,3,3,5,1,35,"multinomial",1.43903458022168
100,3,3,5,1,35,"mixed",1.43264956432196
100,3,3,5,1,35,"mixed_population",1.43264962049651
100,3,3,5,1,36,"multinomial",1.59621502171088
100,3,3,5,1,36,"mixed",1.59092988425938
100,3,3,5,1,36,"mixed_population",1.58789646373127
100,3,3,5,1,37,"multinomial",1.52138396985709
100,3,3,5,1,37,"mixed",1.51231040909598
100,3,3,5,1,37,"mixed_population",1.51231019244578
100,3,3,5,1,38,"multinomial",1.47564477193101
100,3,3,5,1,38,"mixed",1.46551849916696
100,3,3,5,1,38,"mixed_population",1.46303054117618
100,3,3,5,1,39,"multinomial",1.91028202603567
100,3,3,5,1,39,"mixed",1.95729287474386
100,3,3,5,1,39,"mixed_population",1.89884895894435
100,3,3,5,1,40,"multinomial",1.63868865320536
100,3,3,5,1,40,"mixed",1.63247085901375
100,3,3,5,1,40,"mixed_population",1.63247159403172
100,3,3,5,1,41,"multinomial",1.49057029869443
100,3,3,5,1,41,"mixed",1.48133053647274
100,3,3,5,1,41,"mixed_population",1.4805049601635
100,3,3,5,1,42,"multinomial",1.51933057810599
100,3,3,5,1,42,"mixed",1.51813985056927
100,3,3,5,1,42,"mixed_population",1.51507585993245
100,3,3,5,1,43,"multinomial",1.4881922781083
100,3,3,5,1,43,"mixed",1.47816959199494
100,3,3,5,1,43,"mixed_population",1.47817095619021
100,3,3,5,1,44,"multinomial",1.60819470618558
100,3,3,5,1,44,"mixed",1.60143566814327
100,3,3,5,1,44,"mixed_population",1.59162583574251
100,3,3,5,1,45,"multinomial",1.5604729561855
100,3,3,5,1,45,"mixed",1.55624570869054
100,3,3,5,1,45,"mixed_population",1.5541183278592
100,3,3,5,1,46,"multinomial",1.49513616035577
100,3,3,5,1,46,"mixed",1.49366905546102
100,3,3,5,1,46,"mixed_population",1.49366921206386
100,3,3,5,1,47,"multinomial",1.46648603521549
100,3,3,5,1,47,"mixed",1.46030996379043
100,3,3,5,1,47,"mixed_population",1.46030996391404
100,3,3,5,1,48,"multinomial",1.669326394891
100,3,3,5,1,48,"mixed",1.65393891304115
100,3,3,5,1,48,"mixed_population",1.6511926192809
100,3,3,5,1,49,"multinomial",1.65159561520453
100,3,3,5,1,49,"mixed",1.67031365518261
100,3,3,5,1,49,"mixed_population",1.65259009762959
100,3,3,5,1,50,"multinomial",1.68343221353682
100,3,3,5,1,50,"mixed",1.67738981389899
100,3,3,5,1,50,"mixed_population",1.6741162775225
100,3,3,5,1,51,"multinomial",1.45295573368697
100,3,3,5,1,51,"mixed",1.44485595037496
100,3,3,5,1,51,"mixed_population",1.44485587425974
100,3,3,5,1,52,"multinomial",1.59083358441877
100,3,3,5,1,52,"mixed",1.58999211985844
100,3,3,5,1,52,"mixed_population",1.58999211973218
100,3,3,5,1,53,"multinomial",1.52708139786414
100,3,3,5,1,53,"mixed",1.52190671800773
100,3,3,5,1,53,"mixed_population",1.52190360254828
100,3,3,5,1,54,"multinomial",1.59788491017125
100,3,3,5,1,54,"mixed",1.5831904728427
100,3,3,5,1,54,"mixed_population",1.58029384174327
100,3,3,5,1,55,"multinomial",1.59193045493151
100,3,3,5,1,55,"mixed",1.58770029977152
100,3,3,5,1,55,"mixed_population",1.58770031186515
100,3,3,5,1,56,"multinomial",1.69756660978182
100,3,3,5,1,56,"mixed",1.70575253394072
100,3,3,5,1,56,"mixed_population",1.69140677201817
100,3,3,5,1,57,"multinomial",1.43759222753905
100,3,3,5,1,57,"mixed",1.43414430500257
100,3,3,5,1,57,"mixed_population",1.42986222829292
100,3,3,5,1,58,"multinomial",1.61816022552151
100,3,3,5,1,58,"mixed",1.62364930832869
100,3,3,5,1,58,"mixed_population",1.61648140359628
100,3,3,5,1,59,"multinomial",1.52820007150388
100,3,3,5,1,59,"mixed",1.51140121308743
100,3,3,5,1,59,"mixed_population",1.51140122136545
100,3,3,5,1,60,"multinomial",1.47182459138773
100,3,3,5,1,60,"mixed",1.463852058365
100,3,3,5,1,60,"mixed_population",1.46116252832735
100,3,3,5,1,61,"multinomial",1.32484119368893
100,3,3,5,1,61,"mixed",1.31333737236992
100,3,3,5,1,61,"mixed_population",1.31303884022067
100,3,3,5,1,62,"multinomial",1.52860136545143
100,3,3,5,1,62,"mixed",1.5275045310699
100,3,3,5,1,62,"mixed_population",1.52401260871514
100,3,3,5,1,63,"multinomial",1.64715293790583
100,3,3,5,1,63,"mixed",1.64517573480407
100,3,3,5,1,63,"mixed_population",1.63665111490978
100,3,3,5,1,64,"multinomial",1.53735769184372
100,3,3,5,1,64,"mixed",1.5447182064197
100,3,3,5,1,64,"mixed_population",1.53871994804918
100,3,3,5,1,65,"multinomial",1.47732563287927
100,3,3,5,1,65,"mixed",1.47701691432596
100,3,3,5,1,65,"mixed_population",1.47396847231047
100,3,3,5,1,66,"multinomial",1.55636642506775
100,3,3,5,1,66,"mixed",1.54990048345175
100,3,3,5,1,66,"mixed_population",1.54989896918558
100,3,3,5,1,67,"multinomial",1.45970246049932
100,3,3,5,1,67,"mixed",1.45742127642071
100,3,3,5,1,67,"mixed_population",1.45587243862472
100,3,3,5,1,68,"multinomial",1.51126497213558
100,3,3,5,1,68,"mixed",1.49292806446216
100,3,3,5,1,68,"mixed_population",1.49292805878309
100,3,3,5,1,69,"multinomial",1.59686355000357
100,3,3,5,1,69,"mixed",1.59065684393971
100,3,3,5,1,69,"mixed_population",1.59018183082044
100,3,3,5,1,70,"multinomial",1.58628741779056
100,3,3,5,1,70,"mixed",1.57279068366693
100,3,3,5,1,70,"mixed_population",1.56878442722716
100,3,3,5,1,71,"multinomial",1.52120686112666
100,3,3,5,1,71,"mixed",1.51928433644404
100,3,3,5,1,71,"mixed_population",1.51718363630929
100,3,3,5,1,72,"multinomial",1.37120915019798
100,3,3,5,1,72,"mixed",1.36929099950356
100,3,3,5,1,72,"mixed_population",1.36929100302843
100,3,3,5,1,73,"multinomial",1.43692681033106
100,3,3,5,1,73,"mixed",1.43362680735528
100,3,3,5,1,73,"mixed_population",1.43362680664031
100,3,3,5,1,74,"multinomial",1.54927759458773
100,3,3,5,1,74,"mixed",1.54907476793446
100,3,3,5,1,74,"mixed_population",1.54694115278745
100,3,3,5,1,75,"multinomial",1.60570305454769
100,3,3,5,1,75,"mixed",1.59748520560848
100,3,3,5,1,75,"mixed_population",1.597485178731
100,3,3,5,1,76,"multinomial",1.55916904589026
100,3,3,5,1,76,"mixed",1.55232709347509
100,3,3,5,1,76,"mixed_population",1.55232709513094
100,3,3,5,1,77,"multinomial",1.28862300498038
100,3,3,5,1,77,"mixed",1.28223383006223
100,3,3,5,1,77,"mixed_population",1.28049274353097
100,3,3,5,1,78,"multinomial",1.50725841060273
100,3,3,5,1,78,"mixed",1.4958367192935
100,3,3,5,1,78,"mixed_population",1.49583671431021
100,3,3,5,1,79,"multinomial",1.486137210547
100,3,3,5,1,79,"mixed",1.48309277645406
100,3,3,5,1,79,"mixed_population",1.47898642171178
100,3,3,5,1,80,"multinomial",1.41980643900995
100,3,3,5,1,80,"mixed",1.41215542316314
100,3,3,5,1,80,"mixed_population",1.41215516580195
100,3,3,5,1,81,"multinomial",1.58371186045814
100,3,3,5,1,81,"mixed",1.58024198011675
100,3,3,5,1,81,"mixed_population",1.57979834132263
100,3,3,5,1,82,"multinomial",1.63023731681603
100,3,3,5,1,82,"mixed",1.63383602066068
100,3,3,5,1,82,"mixed_population",1.6177489849916
100,3,3,5,1,83,"multinomial",1.55243083575154
100,3,3,5,1,83,"mixed",1.55884671377586
100,3,3,5,1,83,"mixed_population",1.54938472853957
100,3,3,5,1,84,"multinomial",1.49614242875055
100,3,3,5,1,84,"mixed",1.48635745510474
100,3,3,5,1,84,"mixed_population",1.48417994718477
100,3,3,5,1,85,"multinomial",1.62973912539545
100,3,3,5,1,85,"mixed",1.64023708652203
100,3,3,5,1,85,"mixed_population",1.62485199626604
100,3,3,5,1,86,"multinomial",1.60939688689208
100,3,3,5,1,86,"mixed",1.59541700199138
100,3,3,5,1,86,"mixed_population",1.59399332300793
100,3,3,5,1,87,"multinomial",1.48252714598322
100,3,3,5,1,87,"mixed",1.47959503720874
100,3,3,5,1,87,"mixed_population",1.47959504006972
100,3,3,5,1,88,"multinomial",1.58335471577336
100,3,3,5,1,88,"mixed",1.58651281713422
100,3,3,5,1,88,"mixed_population",1.58002437428152
100,3,3,5,1,89,"multinomial",1.60983464634286
100,3,3,5,1,89,"mixed",1.59733274452037
100,3,3,5,1,89,"mixed_population",1.59547930340011
100,3,3,5,1,90,"multinomial",1.42089881737166
100,3,3,5,1,90,"mixed",1.41715348599447
100,3,3,5,1,90,"mixed_population",1.41715347661565
100,3,3,5,1,91,"multinomial",1.53992854590347
100,3,3,5,1,91,"mixed",1.53455081519615
100,3,3,5,1,91,"mixed_population",1.53426958347916
100,3,3,5,1,92,"multinomial",1.53814069637982
100,3,3,5,1,92,"mixed",1.54132402971811
100,3,3,5,1,92,"mixed_population",1.53368389494974
100,3,3,5,1,93,"multinomial",1.43436437076065
100,3,3,5,1,93,"mixed",1.41931231346315
100,3,3,5,1,93,"mixed_population",1.41741366484187
100,3,3,5,1,94,"multinomial",1.60379459672714
100,3,3,5,1,94,"mixed",1.60245370033465
100,3,3,5,1,94,"mixed_population",1.59878105785296
100,3,3,5,1,95,"multinomial",1.59272906392205
100,3,3,5,1,95,"mixed",1.58535654096179
100,3,3,5,1,95,"mixed_population",1.58405792874675
100,3,3,5,1,96,"multinomial",1.42717033595841
100,3,3,5,1,96,"mixed",1.41563042970812
100,3,3,5,1,96,"mixed_population",1.41478793385302
100,3,3,5,1,97,"multinomial",1.53550506941021
100,3,3,5,1,97,"mixed",1.52850607385571
100,3,3,5,1,97,"mixed_population",1.52752030098675
100,3,3,5,1,98,"multinomial",1.47994007047249
100,3,3,5,1,98,"mixed",1.47032899309564
100,3,3,5,1,98,"mixed_population",1.47032904619132
100,3,3,5,1,99,"multinomial",1.45554631071
100,3,3,5,1,99,"mixed",1.45277242973892
100,3,3,5,1,99,"mixed_population",1.45138178760214
100,3,3,5,1,100,"multinomial",1.48130682390191
100,3,3,5,1,100,"mixed",1.47756428103395
100,3,3,5,1,100,"mixed_population",1.47600065960869
100,3,3,5,10,1,"multinomial",3.0603901247877
100,3,3,5,10,1,"mixed",3.57380382788536
100,3,3,5,10,1,"mixed_population",3.05433034684938
100,3,3,5,10,2,"multinomial",2.99822475918892
100,3,3,5,10,2,"mixed",3.33915336418981
100,3,3,5,10,2,"mixed_population",2.98853016556868
100,3,3,5,10,3,"multinomial",3.06231399796513
100,3,3,5,10,3,"mixed",3.53524901011126
100,3,3,5,10,3,"mixed_population",3.0322780824775
100,3,3,5,10,4,"multinomial",2.98972981201699
100,3,3,5,10,4,"mixed",3.36699752868192
100,3,3,5,10,4,"mixed_population",2.96556269032172
100,3,3,5,10,5,"multinomial",3.10296159973473
100,3,3,5,10,5,"mixed",3.53762558444968
100,3,3,5,10,5,"mixed_population",3.07151832747585
100,3,3,5,10,6,"multinomial",2.9928280225721
100,3,3,5,10,6,"mixed",3.34777519363452
100,3,3,5,10,6,"mixed_population",2.94272047927913
100,3,3,5,10,7,"multinomial",2.99603702286138
100,3,3,5,10,7,"mixed",3.33846932457161
100,3,3,5,10,7,"mixed_population",3.01836354751986
100,3,3,5,10,8,"multinomial",3.03362898009136
100,3,3,5,10,8,"mixed",3.66317048647175
100,3,3,5,10,8,"mixed_population",3.00257126479064
100,3,3,5,10,9,"multinomial",3.01600601120133
100,3,3,5,10,9,"mixed",3.55855561640354
100,3,3,5,10,9,"mixed_population",3.02411740571461
100,3,3,5,10,10,"multinomial",2.93519073838933
100,3,3,5,10,10,"mixed",3.4846875568216
100,3,3,5,10,10,"mixed_population",2.9143674177359
100,3,3,5,10,11,"multinomial",2.94967012124607
100,3,3,5,10,11,"mixed",3.56309092677491
100,3,3,5,10,11,"mixed_population",2.93773116846083
100,3,3,5,10,12,"multinomial",2.90820000502143
100,3,3,5,10,12,"mixed",3.41199162348408
100,3,3,5,10,12,"mixed_population",2.85884354798624
100,3,3,5,10,13,"multinomial",2.96882267850204
100,3,3,5,10,13,"mixed",3.63451561828315
100,3,3,5,10,13,"mixed_population",2.95823276043832
100,3,3,5,10,14,"multinomial",2.99017921455093
100,3,3,5,10,14,"mixed",3.50904437337225
100,3,3,5,10,14,"mixed_population",2.97471878123781
100,3,3,5,10,15,"multinomial",2.93372774548042
100,3,3,5,10,15,"mixed",3.49159763140763
100,3,3,5,10,15,"mixed_population",2.93167695967613
100,3,3,5,10,16,"multinomial",3.16501371294224
100,3,3,5,10,16,"mixed",3.64367692850254
100,3,3,5,10,16,"mixed_population",3.16392727356391
100,3,3,5,10,17,"multinomial",2.94270400914399
100,3,3,5,10,17,"mixed",3.43613757337825
100,3,3,5,10,17,"mixed_population",2.9432894669859
100,3,3,5,10,18,"multinomial",2.98384259327196
100,3,3,5,10,18,"mixed",3.39911484655161
100,3,3,5,10,18,"mixed_population",2.92655665290599
100,3,3,5,10,19,"multinomial",3.048966364275
100,3,3,5,10,19,"mixed",3.81567538473049
100,3,3,5,10,19,"mixed_population",3.02497932819586
100,3,3,5,10,20,"multinomial",2.91687525560955
100,3,3,5,10,20,"mixed",3.59743747604251
100,3,3,5,10,20,"mixed_population",2.91581631814425
100,3,3,5,10,21,"multinomial",2.99353244192953
100,3,3,5,10,21,"mixed",3.57907110897935
100,3,3,5,10,21,"mixed_population",2.94073197035999
100,3,3,5,10,22,"multinomial",3.05662239561794
100,3,3,5,10,22,"mixed",3.70413700188529
100,3,3,5,10,22,"mixed_population",3.05865145516037
100,3,3,5,10,23,"multinomial",2.95042036370253
100,3,3,5,10,23,"mixed",3.29449392079822
100,3,3,5,10,23,"mixed_population",2.94769555131878
100,3,3,5,10,24,"multinomial",2.8929828956295
100,3,3,5,10,24,"mixed",3.35942072743025
100,3,3,5,10,24,"mixed_population",2.89194643249965
100,3,3,5,10,25,"multinomial",2.96091085581672
100,3,3,5,10,25,"mixed",3.37344152016371
100,3,3,5,10,25,"mixed_population",2.926704522145
100,3,3,5,10,26,"multinomial",2.85719006501783
100,3,3,5,10,26,"mixed",3.27453613834178
100,3,3,5,10,26,"mixed_population",2.81063602323197
100,3,3,5,10,27,"multinomial",3.05787269704985
100,3,3,5,10,27,"mixed",3.3317588612269
100,3,3,5,10,27,"mixed_population",3.00600443705209
100,3,3,5,10,28,"multinomial",2.93628881370588
100,3,3,5,10,28,"mixed",3.46295878153283
100,3,3,5,10,28,"mixed_population",2.90821190548189
100,3,3,5,10,29,"multinomial",2.92757759093763
100,3,3,5,10,29,"mixed",3.37275873732206
100,3,3,5,10,29,"mixed_population",2.89300839738153
100,3,3,5,10,30,"multinomial",2.92665583257004
100,3,3,5,10,30,"mixed",3.43374012081875
100,3,3,5,10,30,"mixed_population",2.9002259656839
100,3,3,5,10,31,"multinomial",2.95951708291592
100,3,3,5,10,31,"mixed",3.49828103131541
100,3,3,5,10,31,"mixed_population",2.95444223342355
100,3,3,5,10,32,"multinomial",3.02270681405167
100,3,3,5,10,32,"mixed",3.52044082510207
100,3,3,5,10,32,"mixed_population",2.98174186991763
100,3,3,5,10,33,"multinomial",2.9684016127356
100,3,3,5,10,33,"mixed",3.43086032155819
100,3,3,5,10,33,"mixed_population",2.89667943909358
100,3,3,5,10,34,"multinomial",2.97076650314178
100,3,3,5,10,34,"mixed",3.55887315770474
100,3,3,5,10,34,"mixed_population",2.92536939579037
100,3,3,5,10,35,"multinomial",2.96944724346558
100,3,3,5,10,35,"mixed",3.43844254197846
100,3,3,5,10,35,"mixed_population",2.91794606631749
100,3,3,5,10,36,"multinomial",2.99694215667871
100,3,3,5,10,36,"mixed",3.28156950767052
100,3,3,5,10,36,"mixed_population",2.92756184587717
100,3,3,5,10,37,"multinomial",3.0839697738955
100,3,3,5,10,37,"mixed",3.64710556177391
100,3,3,5,10,37,"mixed_population",3.11692072785845
100,3,3,5,10,38,"multinomial",2.99026978885535
100,3,3,5,10,38,"mixed",3.43241817094992
100,3,3,5,10,38,"mixed_population",2.93780042919657
100,3,3,5,10,39,"multinomial",3.03802431381757
100,3,3,5,10,39,"mixed",3.43633106053832
100,3,3,5,10,39,"mixed_population",3.00985642485996
100,3,3,5,10,40,"multinomial",2.97875087059937
100,3,3,5,10,40,"mixed",3.5078599208298
100,3,3,5,10,40,"mixed_population",2.93193518167932
100,3,3,5,10,41,"multinomial",3.04561682592574
100,3,3,5,10,41,"mixed",3.54695919866326
100,3,3,5,10,41,"mixed_population",3.01423367887188
100,3,3,5,10,42,"multinomial",3.13709353492468
100,3,3,5,10,42,"mixed",3.69280881202685
100,3,3,5,10,42,"mixed_population",3.11636756832759
100,3,3,5,10,43,"multinomial",3.00115077945025
100,3,3,5,10,43,"mixed",3.58180754647725
100,3,3,5,10,43,"mixed_population",2.99211253969508
100,3,3,5,10,44,"multinomial",2.88796520745588
100,3,3,5,10,44,"mixed",3.2818387096599
100,3,3,5,10,44,"mixed_population",2.88171248622679
100,3,3,5,10,45,"multinomial",2.94647103871398
100,3,3,5,10,45,"mixed",3.3165084769186
100,3,3,5,10,45,"mixed_population",2.91895354188294
100,3,3,5,10,46,"multinomial",3.09260926141661
100,3,3,5,10,46,"mixed",3.47916231940761
100,3,3,5,10,46,"mixed_population",3.04180822842502
100,3,3,5,10,47,"multinomial",2.97102488440308
100,3,3,5,10,47,"mixed",3.40335684949986
100,3,3,5,10,47,"mixed_population",2.94098866413726
100,3,3,5,10,48,"multinomial",3.06729421634381
100,3,3,5,10,48,"mixed",3.55026263474804
100,3,3,5,10,48,"mixed_population",2.97697258616029
100,3,3,5,10,49,"multinomial",2.99871303806418
100,3,3,5,10,49,"mixed",3.65013253244899
100,3,3,5,10,49,"mixed_population",2.98634841355464
100,3,3,5,10,50,"multinomial",3.06066161351653
100,3,3,5,10,50,"mixed",3.43038496441652
100,3,3,5,10,50,"mixed_population",3.06953119006406
100,3,3,5,10,51,"multinomial",3.01758446034832
100,3,3,5,10,51,"mixed",3.50570799820131
100,3,3,5,10,51,"mixed_population",2.97243972304651
100,3,3,5,10,52,"multinomial",3.0199004432977
100,3,3,5,10,52,"mixed",3.49859739320727
100,3,3,5,10,52,"mixed_population",3.01649645752746
100,3,3,5,10,53,"multinomial",3.08003649692628
100,3,3,5,10,53,"mixed",3.51865899385561
100,3,3,5,10,53,"mixed_population",3.05450166655881
100,3,3,5,10,54,"multinomial",2.94404958416073
100,3,3,5,10,54,"mixed",3.51075703828211
100,3,3,5,10,54,"mixed_population",2.94147350717634
100,3,3,5,10,55,"multinomial",3.18756827209926
100,3,3,5,10,55,"mixed",3.67374284681656
100,3,3,5,10,55,"mixed_population",3.14750264901565
100,3,3,5,10,56,"multinomial",2.99058576615962
100,3,3,5,10,56,"mixed",3.31718944011543
100,3,3,5,10,56,"mixed_population",3.00295977052745
100,3,3,5,10,57,"multinomial",2.93346815690656
100,3,3,5,10,57,"mixed",3.3552041806218
100,3,3,5,10,57,"mixed_population",2.88463826295546
100,3,3,5,10,58,"multinomial",3.00712893971322
100,3,3,5,10,58,"mixed",3.37647411991165
100,3,3,5,10,58,"mixed_population",3.01465768092808
100,3,3,5,10,59,"multinomial",2.92290387695115
100,3,3,5,10,59,"mixed",3.32572073981913
100,3,3,5,10,59,"mixed_population",2.91268680761303
100,3,3,5,10,60,"multinomial",2.90790698746447
100,3,3,5,10,60,"mixed",3.59525231479782
100,3,3,5,10,60,"mixed_population",2.89773957541882
100,3,3,5,10,61,"multinomial",2.93278466374258
100,3,3,5,10,61,"mixed",3.29614082598936
100,3,3,5,10,61,"mixed_population",2.92072814112814
100,3,3,5,10,62,"multinomial",2.98732157484881
100,3,3,5,10,62,"mixed",3.42788713640626
100,3,3,5,10,62,"mixed_population",2.96133871118931
100,3,3,5,10,63,"multinomial",2.91817896187096
100,3,3,5,10,63,"mixed",3.2980193535842
100,3,3,5,10,63,"mixed_population",2.91751965551135
100,3,3,5,10,64,"multinomial",3.09485691371414
100,3,3,5,10,64,"mixed",3.51703482967073
100,3,3,5,10,64,"mixed_population",3.06213385956755
100,3,3,5,10,65,"multinomial",2.86271502151007
100,3,3,5,10,65,"mixed",3.32967109751927
100,3,3,5,10,65,"mixed_population",2.82978205575351
100,3,3,5,10,66,"multinomial",2.89266521337967
100,3,3,5,10,66,"mixed",3.30806586670519
100,3,3,5,10,66,"mixed_population",2.89581841046938
100,3,3,5,10,67,"multinomial",2.86135766026814
100,3,3,5,10,67,"mixed",3.27963347603625
100,3,3,5,10,67,"mixed_population",2.88331227950608
100,3,3,5,10,68,"multinomial",3.05059806099736
100,3,3,5,10,68,"mixed",3.40489576110761
100,3,3,5,10,68,"mixed_population",3.03912304017148
100,3,3,5,10,69,"multinomial",3.10734478681086
100,3,3,5,10,69,"mixed",3.80869418900999
100,3,3,5,10,69,"mixed_population",3.07863022471013
100,3,3,5,10,70,"multinomial",2.99640025929908
100,3,3,5,10,70,"mixed",3.36157991190635
100,3,3,5,10,70,"mixed_population",2.95261650940829
100,3,3,5,10,71,"multinomial",3.13276195162717
100,3,3,5,10,71,"mixed",3.87529121932661
100,3,3,5,10,71,"mixed_population",3.10442135715039
100,3,3,5,10,72,"multinomial",3.04481946126613
100,3,3,5,10,72,"mixed",3.55401708901025
100,3,3,5,10,72,"mixed_population",2.9949629364998
100,3,3,5,10,73,"multinomial",3.09878605726036
100,3,3,5,10,73,"mixed",3.54414565152101
100,3,3,5,10,73,"mixed_population",3.07097748854982
100,3,3,5,10,74,"multinomial",2.87619178484932
100,3,3,5,10,74,"mixed",3.11300670196746
100,3,3,5,10,74,"mixed_population",2.84176278779345
100,3,3,5,10,75,"multinomial",3.03475968519058
100,3,3,5,10,75,"mixed",3.60702023426382
100,3,3,5,10,75,"mixed_population",3.02451558585748
100,3,3,5,10,76,"multinomial",3.0217281164511
100,3,3,5,10,76,"mixed",3.49674823281741
100,3,3,5,10,76,"mixed_population",3.00791870976994
100,3,3,5,10,77,"multinomial",3.00085601544913
100,3,3,5,10,77,"mixed",3.42444465101661
100,3,3,5,10,77,"mixed_population",2.97535331976675
100,3,3,5,10,78,"multinomial",3.00793542850497
100,3,3,5,10,78,"mixed",3.2855462393902
100,3,3,5,10,78,"mixed_population",2.96265958065579
100,3,3,5,10,79,"multinomial",2.94017700184134
100,3,3,5,10,79,"mixed",3.41229043307296
100,3,3,5,10,79,"mixed_population",2.92982687427031
100,3,3,5,10,80,"multinomial",3.09900369243821
100,3,3,5,10,80,"mixed",3.65722906336958
100,3,3,5,10,80,"mixed_population",3.08267765724298
100,3,3,5,10,81,"multinomial",3.04816703697249
100,3,3,5,10,81,"mixed",3.44890547798532
100,3,3,5,10,81,"mixed_population",3.03683911730247
100,3,3,5,10,82,"multinomial",3.09887907411909
100,3,3,5,10,82,"mixed",3.43362556796553
100,3,3,5,10,82,"mixed_population",3.03894771902718
100,3,3,5,10,83,"multinomial",3.01966576056606
100,3,3,5,10,83,"mixed",3.4540173936795
100,3,3,5,10,83,"mixed_population",3.00379809238564
100,3,3,5,10,84,"multinomial",3.01626577733512
100,3,3,5,10,84,"mixed",3.38538143381775
100,3,3,5,10,84,"mixed_population",3.01906690631978
100,3,3,5,10,85,"multinomial",2.96653480001009
100,3,3,5,10,85,"mixed",3.61790824395219
100,3,3,5,10,85,"mixed_population",2.95402422574594
100,3,3,5,10,86,"multinomial",2.95839861888104
100,3,3,5,10,86,"mixed",3.59733981193911
100,3,3,5,10,86,"mixed_population",2.94600754322198
100,3,3,5,10,87,"multinomial",3.04338954894846
100,3,3,5,10,87,"mixed",3.52793889937202
100,3,3,5,10,87,"mixed_population",3.02992353013577
100,3,3,5,10,88,"multinomial",2.94355621598427
100,3,3,5,10,88,"mixed",3.5742464754452
100,3,3,5,10,88,"mixed_population",2.94515186853424
100,3,3,5,10,89,"multinomial",3.01804077271435
100,3,3,5,10,89,"mixed",3.80476639063659
100,3,3,5,10,89,"mixed_population",2.98743124564878
100,3,3,5,10,90,"multinomial",3.10114455989542
100,3,3,5,10,90,"mixed",3.43944755422893
100,3,3,5,10,90,"mixed_population",3.04729148684601
100,3,3,5,10,91,"multinomial",2.88051914806816
100,3,3,5,10,91,"mixed",3.25803453796858
100,3,3,5,10,91,"mixed_population",2.81598769913587
100,3,3,5,10,92,"multinomial",3.13168070967658
100,3,3,5,10,92,"mixed",3.5999100747122
100,3,3,5,10,92,"mixed_population",3.10947164199634
100,3,3,5,10,93,"multinomial",2.97168988013322
100,3,3,5,10,93,"mixed",3.54289491171302
100,3,3,5,10,93,"mixed_population",2.94002820583053
100,3,3,5,10,94,"multinomial",2.94970858256588
100,3,3,5,10,94,"mixed",3.36611740487933
100,3,3,5,10,94,"mixed_population",2.94942288505966
100,3,3,5,10,95,"multinomial",3.12632520604505
100,3,3,5,10,95,"mixed",3.66153331627886
100,3,3,5,10,95,"mixed_population",3.0994952970866
100,3,3,5,10,96,"multinomial",3.07309493106182
100,3,3,5,10,96,"mixed",3.35730720113368
100,3,3,5,10,96,"mixed_population",3.00034336444616
100,3,3,5,10,97,"multinomial",3.04437402194128
100,3,3,5,10,97,"mixed",3.37895100152436
100,3,3,5,10,97,"mixed_population",2.99901012810306
100,3,3,5,10,98,"multinomial",2.94269240924752
100,3,3,5,10,98,"mixed",3.51896513100858
100,3,3,5,10,98,"mixed_population",2.92851777344195
100,3,3,5,10,99,"multinomial",3.04961429820949
100,3,3,5,10,99,"mixed",3.56175045732869
100,3,3,5,10,99,"mixed_population",3.07662664049062
100,3,3,5,10,100,"multinomial",3.00584845250827
100,3,3,5,10,100,"mixed",3.60953027666245
100,3,3,5,10,100,"mixed_population",2.96735623437494
100,3,3,15,0.01,1,"multinomial",1.8835138277335
100,3,3,15,0.01,1,"mixed",1.88152288240518
100,3,3,15,0.01,1,"mixed_population",1.88152282901677
100,3,3,15,0.01,2,"multinomial",1.88288454317971
100,3,3,15,0.01,2,"mixed",1.87779502183339
100,3,3,15,0.01,2,"mixed_population",1.87779501638116
100,3,3,15,0.01,3,"multinomial",1.76744995354647
100,3,3,15,0.01,3,"mixed",1.76845815864226
100,3,3,15,0.01,3,"mixed_population",1.7667669813324
100,3,3,15,0.01,4,"multinomial",1.79662946745636
100,3,3,15,0.01,4,"mixed",1.79375029204339
100,3,3,15,0.01,4,"mixed_population",1.79375029333349
100,3,3,15,0.01,5,"multinomial",1.6955932421898
100,3,3,15,0.01,5,"mixed",1.69321740423181
100,3,3,15,0.01,5,"mixed_population",1.6932177710729
100,3,3,15,0.01,6,"multinomial",1.70822956957594
100,3,3,15,0.01,6,"mixed",1.70569543263173
100,3,3,15,0.01,6,"mixed_population",1.70569543027591
100,3,3,15,0.01,7,"multinomial",1.71765197300304
100,3,3,15,0.01,7,"mixed",1.71119476297252
100,3,3,15,0.01,7,"mixed_population",1.71119451342008
100,3,3,15,0.01,8,"multinomial",1.65594544494674
100,3,3,15,0.01,8,"mixed",1.65345201050477
100,3,3,15,0.01,8,"mixed_population",1.65345200882414
100,3,3,15,0.01,9,"multinomial",1.61760902045692
100,3,3,15,0.01,9,"mixed",1.61811508201432
100,3,3,15,0.01,9,"mixed_population",1.61811509013409
100,3,3,15,0.01,10,"multinomial",1.83932979282087
100,3,3,15,0.01,10,"mixed",1.83209647022809
100,3,3,15,0.01,10,"mixed_population",1.8320964761579
100,3,3,15,0.01,11,"multinomial",1.85332079584774
100,3,3,15,0.01,11,"mixed",1.85200268859272
100,3,3,15,0.01,11,"mixed_population",1.85200299586756
100,3,3,15,0.01,12,"multinomial",1.76308107811246
100,3,3,15,0.01,12,"mixed",1.76408766166067
100,3,3,15,0.01,12,"mixed_population",1.76408766396629
100,3,3,15,0.01,13,"multinomial",1.87236965031141
100,3,3,15,0.01,13,"mixed",1.86623354176636
100,3,3,15,0.01,13,"mixed_population",1.86623353487498
100,3,3,15,0.01,14,"multinomial",1.71048413505186
100,3,3,15,0.01,14,"mixed",1.70862357566777
100,3,3,15,0.01,14,"mixed_population",1.70862357560673
100,3,3,15,0.01,15,"multinomial",1.60309167193229
100,3,3,15,0.01,15,"mixed",1.59850090832188
100,3,3,15,0.01,15,"mixed_population",1.59850089897698
100,3,3,15,0.01,16,"multinomial",1.95989458582141
100,3,3,15,0.01,16,"mixed",1.95369435940236
100,3,3,15,0.01,16,"mixed_population",1.95055724748668
100,3,3,15,0.01,17,"multinomial",1.86865327445836
100,3,3,15,0.01,17,"mixed",1.86596799707771
100,3,3,15,0.01,17,"mixed_population",1.86596799828682
100,3,3,15,0.01,18,"multinomial",1.89847332943205
100,3,3,15,0.01,18,"mixed",1.88940568995456
100,3,3,15,0.01,18,"mixed_population",1.88940568754046
100,3,3,15,0.01,19,"multinomial",1.84049785793345
100,3,3,15,0.01,19,"mixed",1.84033339957818
100,3,3,15,0.01,19,"mixed_population",1.84033340028865
100,3,3,15,0.01,20,"multinomial",1.7363706404214
100,3,3,15,0.01,20,"mixed",1.73005520735578
100,3,3,15,0.01,20,"mixed_population",1.72821146562438
100,3,3,15,0.01,21,"multinomial",1.92552915415002
100,3,3,15,0.01,21,"mixed",1.92383203116954
100,3,3,15,0.01,21,"mixed_population",1.92383235542562
100,3,3,15,0.01,22,"multinomial",1.810417670639
100,3,3,15,0.01,22,"mixed",1.80997016274397
100,3,3,15,0.01,22,"mixed_population",1.80997016402412
100,3,3,15,0.01,23,"multinomial",1.82492232259921
100,3,3,15,0.01,23,"mixed",1.82339359612151
100,3,3,15,0.01,23,"mixed_population",1.82339359787479
100,3,3,15,0.01,24,"multinomial",1.73590818562879
100,3,3,15,0.01,24,"mixed",1.7340634658507
100,3,3,15,0.01,24,"mixed_population",1.73406349086102
100,3,3,15,0.01,25,"multinomial",1.73802784850932
100,3,3,15,0.01,25,"mixed",1.73292637457998
100,3,3,15,0.01,25,"mixed_population",1.73292634253262
100,3,3,15,0.01,26,"multinomial",1.68598812586417
100,3,3,15,0.01,26,"mixed",1.67746155188987
100,3,3,15,0.01,26,"mixed_population",1.67746156251383
100,3,3,15,0.01,27,"multinomial",1.71974081144908
100,3,3,15,0.01,27,"mixed",1.71578238871565
100,3,3,15,0.01,27,"mixed_population",1.71578238888689
100,3,3,15,0.01,28,"multinomial",1.89736545616405
100,3,3,15,0.01,28,"mixed",1.89415438757511
100,3,3,15,0.01,28,"mixed_population",1.89415438635666
100,3,3,15,0.01,29,"multinomial",1.63307899444903
100,3,3,15,0.01,29,"mixed",1.63276885540996
100,3,3,15,0.01,29,"mixed_population",1.63276885752716
100,3,3,15,0.01,30,"multinomial",1.84415313442694
100,3,3,15,0.01,30,"mixed",1.83819407681733
100,3,3,15,0.01,30,"mixed_population",1.83819407847536
100,3,3,15,0.01,31,"multinomial",1.75092141252248
100,3,3,15,0.01,31,"mixed",1.75028284058193
100,3,3,15,0.01,31,"mixed_population",1.7502827940542
100,3,3,15,0.01,32,"multinomial",2.00825299366705
100,3,3,15,0.01,32,"mixed",2.00845892133746
100,3,3,15,0.01,32,"mixed_population",2.00845892142347
100,3,3,15,0.01,33,"multinomial",1.64707477898743
100,3,3,15,0.01,33,"mixed",1.64355984103441
100,3,3,15,0.01,33,"mixed_population",1.64355984472499
100,3,3,15,0.01,34,"multinomial",1.84178219979603
100,3,3,15,0.01,34,"mixed",1.84156625411224
100,3,3,15,0.01,34,"mixed_population",1.84156575163632
100,3,3,15,0.01,35,"multinomial",1.8031745116907
100,3,3,15,0.01,35,"mixed",1.80239714236643
100,3,3,15,0.01,35,"mixed_population",1.80170335040211
100,3,3,15,0.01,36,"multinomial",1.74816364785284
100,3,3,15,0.01,36,"mixed",1.74605986061083
100,3,3,15,0.01,36,"mixed_population",1.74605986091386
100,3,3,15,0.01,37,"multinomial",2.03288330667424
100,3,3,15,0.01,37,"mixed",2.02560684046463
100,3,3,15,0.01,37,"mixed_population",2.02560664934386
100,3,3,15,0.01,38,"multinomial",1.74742871218454
100,3,3,15,0.01,38,"mixed",1.74480649571805
100,3,3,15,0.01,38,"mixed_population",1.74480648635077
100,3,3,15,0.01,39,"multinomial",1.82938050323151
100,3,3,15,0.01,39,"mixed",1.82350527885029
100,3,3,15,0.01,39,"mixed_population",1.8235050643981
100,3,3,15,0.01,40,"multinomial",1.64552459509952
100,3,3,15,0.01,40,"mixed",1.64266217232289
100,3,3,15,0.01,40,"mixed_population",1.64266217339264
100,3,3,15,0.01,41,"multinomial",1.65856889767297
100,3,3,15,0.01,41,"mixed",1.65776097215672
100,3,3,15,0.01,41,"mixed_population",1.6577607928369
100,3,3,15,0.01,42,"multinomial",1.8924663138751
100,3,3,15,0.01,42,"mixed",1.89282529732519
100,3,3,15,0.01,42,"mixed_population",1.89282526564367
100,3,3,15,0.01,43,"multinomial",1.68730425985057
100,3,3,15,0.01,43,"mixed",1.6850922658835
100,3,3,15,0.01,43,"mixed_population",1.68509215117827
100,3,3,15,0.01,44,"multinomial",1.90983057158334
100,3,3,15,0.01,44,"mixed",1.90994565197484
100,3,3,15,0.01,44,"mixed_population",1.90994565636358
100,3,3,15,0.01,45,"multinomial",1.67716852422624
100,3,3,15,0.01,45,"mixed",1.67489382787242
100,3,3,15,0.01,45,"mixed_population",1.6748938411271
100,3,3,15,0.01,46,"multinomial",1.62148556731604
100,3,3,15,0.01,46,"mixed",1.6166572549269
100,3,3,15,0.01,46,"mixed_population",1.6166572507264
100,3,3,15,0.01,47,"multinomial",1.83869367762123
100,3,3,15,0.01,47,"mixed",1.8385152547119
100,3,3,15,0.01,47,"mixed_population",1.8385149948717
100,3,3,15,0.01,48,"multinomial",1.80337883391358
100,3,3,15,0.01,48,"mixed",1.79947217776842
100,3,3,15,0.01,48,"mixed_population",1.79947217888024
100,3,3,15,0.01,49,"multinomial",2.08053856151098
100,3,3,15,0.01,49,"mixed",2.07852865859498
100,3,3,15,0.01,49,"mixed_population",2.07852888659486
100,3,3,15,0.01,50,"multinomial",1.76692867148255
100,3,3,15,0.01,50,"mixed",1.76092260058992
100,3,3,15,0.01,50,"mixed_population",1.76092258325601
100,3,3,15,0.01,51,"multinomial",1.87802485375012
100,3,3,15,0.01,51,"mixed",1.87094529885579
100,3,3,15,0.01,51,"mixed_population",1.87094527399268
100,3,3,15,0.01,52,"multinomial",2.18131539056405
100,3,3,15,0.01,52,"mixed",2.17817356220162
100,3,3,15,0.01,52,"mixed_population",2.17597478269913
100,3,3,15,0.01,53,"multinomial",1.68787086972091
100,3,3,15,0.01,53,"mixed",1.68588867937606
100,3,3,15,0.01,53,"mixed_population",1.6858883261638
100,3,3,15,0.01,54,"multinomial",1.83596512550782
100,3,3,15,0.01,54,"mixed",1.82946713918887
100,3,3,15,0.01,54,"mixed_population",1.82946715171108
100,3,3,15,0.01,55,"multinomial",1.93735099887549
100,3,3,15,0.01,55,"mixed",1.93445371983076
100,3,3,15,0.01,55,"mixed_population",1.93445368826919
100,3,3,15,0.01,56,"multinomial",1.66319994538028
100,3,3,15,0.01,56,"mixed",1.66137672401725
100,3,3,15,0.01,56,"mixed_population",1.66137700323374
100,3,3,15,0.01,57,"multinomial",1.9233889259817
100,3,3,15,0.01,57,"mixed",1.92269727221444
100,3,3,15,0.01,57,"mixed_population",1.92269700957838
100,3,3,15,0.01,58,"multinomial",1.87576054679418
100,3,3,15,0.01,58,"mixed",1.87864707227583
100,3,3,15,0.01,58,"mixed_population",1.87380130430766
100,3,3,15,0.01,59,"multinomial",1.676597116916
100,3,3,15,0.01,59,"mixed",1.6715800666193
100,3,3,15,0.01,59,"mixed_population",1.67158035917248
100,3,3,15,0.01,60,"multinomial",2.00539517788805
100,3,3,15,0.01,60,"mixed",2.0010581005723
100,3,3,15,0.01,60,"mixed_population",2.00105810357929
100,3,3,15,0.01,61,"multinomial",1.92387288177127
100,3,3,15,0.01,61,"mixed",1.92335408907064
100,3,3,15,0.01,61,"mixed_population",1.92335408086207
100,3,3,15,0.01,62,"multinomial",1.71542047560481
100,3,3,15,0.01,62,"mixed",1.71573083794804
100,3,3,15,0.01,62,"mixed_population",1.71573083693898
100,3,3,15,0.01,63,"multinomial",1.71370886084632
100,3,3,15,0.01,63,"mixed",1.71337289740215
100,3,3,15,0.01,63,"mixed_population",1.713372897254
100,3,3,15,0.01,64,"multinomial",1.58049371329811
100,3,3,15,0.01,64,"mixed",1.57861213907194
100,3,3,15,0.01,64,"mixed_population",1.57861437333201
100,3,3,15,0.01,65,"multinomial",1.83060992088418
100,3,3,15,0.01,65,"mixed",1.82886115943212
100,3,3,15,0.01,65,"mixed_population",1.82886115875141
100,3,3,15,0.01,66,"multinomial",1.53895524878501
100,3,3,15,0.01,66,"mixed",1.53421647871185
100,3,3,15,0.01,66,"mixed_population",1.53421647941078
100,3,3,15,0.01,67,"multinomial",1.62750053857431
100,3,3,15,0.01,67,"mixed",1.62717322641377
100,3,3,15,0.01,67,"mixed_population",1.6271732581938
100,3,3,15,0.01,68,"multinomial",1.89631618579172
100,3,3,15,0.01,68,"mixed",1.89640209705906
100,3,3,15,0.01,68,"mixed_population",1.89640212132729
100,3,3,15,0.01,69,"multinomial",1.62245820028808
100,3,3,15,0.01,69,"mixed",1.61453732469132
100,3,3,15,0.01,69,"mixed_population",1.61453733826332
100,3,3,15,0.01,70,"multinomial",1.90227034755792
100,3,3,15,0.01,70,"mixed",1.90145292505711
100,3,3,15,0.01,70,"mixed_population",1.90145282719242
100,3,3,15,0.01,71,"multinomial",1.76908884148827
100,3,3,15,0.01,71,"mixed",1.76446973758421
100,3,3,15,0.01,71,"mixed_population",1.76446974104003
100,3,3,15,0.01,72,"multinomial",1.76235950982624
100,3,3,15,0.01,72,"mixed",1.76007378906932
100,3,3,15,0.01,72,"mixed_population",1.76007379078966
100,3,3,15,0.01,73,"multinomial",2.00931009688072
100,3,3,15,0.01,73,"mixed",2.0046412083414
100,3,3,15,0.01,73,"mixed_population",2.00464121813663
100,3,3,15,0.01,74,"multinomial",1.82571882444326
100,3,3,15,0.01,74,"mixed",1.82444119145137
100,3,3,15,0.01,74,"mixed_population",1.82444118634798
100,3,3,15,0.01,75,"multinomial",1.9278770866648
100,3,3,15,0.01,75,"mixed",1.91928945538244
100,3,3,15,0.01,75,"mixed_population",1.91928935461778
100,3,3,15,0.01,76,"multinomial",1.94384827601979
100,3,3,15,0.01,76,"mixed",1.94014849522765
100,3,3,15,0.01,76,"mixed_population",1.94014848305808
100,3,3,15,0.01,77,"multinomial",1.83552240495756
100,3,3,15,0.01,77,"mixed",1.83111400421473
100,3,3,15,0.01,77,"mixed_population",1.83111400831148
100,3,3,15,0.01,78,"multinomial",2.05762914982604
100,3,3,15,0.01,78,"mixed",2.05499912433463
100,3,3,15,0.01,78,"mixed_population",2.05499908525154
100,3,3,15,0.01,79,"multinomial",1.87629181546016
100,3,3,15,0.01,79,"mixed",1.87186182936751
100,3,3,15,0.01,79,"mixed_population",1.87186097930922
100,3,3,15,0.01,80,"multinomial",1.73016019304675
100,3,3,15,0.01,80,"mixed",1.72677710236543
100,3,3,15,0.01,80,"mixed_population",1.72677741414208
100,3,3,15,0.01,81,"multinomial",1.68548554651147
100,3,3,15,0.01,81,"mixed",1.68701770800229
100,3,3,15,0.01,81,"mixed_population",1.68701770677699
100,3,3,15,0.01,82,"multinomial",1.86803799338846
100,3,3,15,0.01,82,"mixed",1.8660956981376
100,3,3,15,0.01,82,"mixed_population",1.86609564410484
100,3,3,15,0.01,83,"multinomial",1.89642781166242
100,3,3,15,0.01,83,"mixed",1.89251853195051
100,3,3,15,0.01,83,"mixed_population",1.8925184911568
100,3,3,15,0.01,84,"multinomial",1.94260714942094
100,3,3,15,0.01,84,"mixed",1.93756999252959
100,3,3,15,0.01,84,"mixed_population",1.93756999253053
100,3,3,15,0.01,85,"multinomial",1.74116041887021
100,3,3,15,0.01,85,"mixed",1.74064114746214
100,3,3,15,0.01,85,"mixed_population",1.74064114604546
100,3,3,15,0.01,86,"multinomial",1.75077495344342
100,3,3,15,0.01,86,"mixed",1.747091046264
100,3,3,15,0.01,86,"mixed_population",1.74709106475578
100,3,3,15,0.01,87,"multinomial",1.77203026860789
100,3,3,15,0.01,87,"mixed",1.77349127356332
100,3,3,15,0.01,87,"mixed_population",1.77349129032154
100,3,3,15,0.01,88,"multinomial",1.73575501939878
100,3,3,15,0.01,88,"mixed",1.73288158486472
100,3,3,15,0.01,88,"mixed_population",1.73288162719426
100,3,3,15,0.01,89,"multinomial",1.68203358146232
100,3,3,15,0.01,89,"mixed",1.68081892618624
100,3,3,15,0.01,89,"mixed_population",1.68081892909922
100,3,3,15,0.01,90,"multinomial",1.89912843793621
100,3,3,15,0.01,90,"mixed",1.89509378637228
100,3,3,15,0.01,90,"mixed_population",1.8950937801834
100,3,3,15,0.01,91,"multinomial",1.93687625335291
100,3,3,15,0.01,91,"mixed",1.93037815665637
100,3,3,15,0.01,91,"mixed_population",1.93037813203024
100,3,3,15,0.01,92,"multinomial",1.80740453477749
100,3,3,15,0.01,92,"mixed",1.8070349277316
100,3,3,15,0.01,92,"mixed_population",1.80703482246374
100,3,3,15,0.01,93,"multinomial",1.63450990553947
100,3,3,15,0.01,93,"mixed",1.63262114483948
100,3,3,15,0.01,93,"mixed_population",1.63262111002261
100,3,3,15,0.01,94,"multinomial",1.86987128125806
100,3,3,15,0.01,94,"mixed",1.8640582295908
100,3,3,15,0.01,94,"mixed_population",1.86405779446105
100,3,3,15,0.01,95,"multinomial",1.68905770360752
100,3,3,15,0.01,95,"mixed",1.68888442961296
100,3,3,15,0.01,95,"mixed_population",1.68888433169876
100,3,3,15,0.01,96,"multinomial",1.46364740336342
100,3,3,15,0.01,96,"mixed",1.46410751987878
100,3,3,15,0.01,96,"mixed_population",1.46410752926392
100,3,3,15,0.01,97,"multinomial",1.73006243418467
100,3,3,15,0.01,97,"mixed",1.7244949571072
100,3,3,15,0.01,97,"mixed_population",1.7244949796955
100,3,3,15,0.01,98,"multinomial",1.90331271893641
100,3,3,15,0.01,98,"mixed",1.90474418006007
100,3,3,15,0.01,98,"mixed_population",1.90111466348928
100,3,3,15,0.01,99,"multinomial",1.70980157234827
100,3,3,15,0.01,99,"mixed",1.70924462187138
100,3,3,15,0.01,99,"mixed_population",1.70924459458406
100,3,3,15,0.01,100,"multinomial",1.89339438601006
100,3,3,15,0.01,100,"mixed",1.89263203320558
100,3,3,15,0.01,100,"mixed_population",1.89088582983768
100,3,3,15,0.1,1,"multinomial",1.81807042249672
100,3,3,15,0.1,1,"mixed",1.81363330184727
100,3,3,15,0.1,1,"mixed_population",1.81363327323943
100,3,3,15,0.1,2,"multinomial",1.6529933829995
100,3,3,15,0.1,2,"mixed",1.64945238249012
100,3,3,15,0.1,2,"mixed_population",1.64945240093278
100,3,3,15,0.1,3,"multinomial",1.75867814670796
100,3,3,15,0.1,3,"mixed",1.75869136927735
100,3,3,15,0.1,3,"mixed_population",1.75869136767294
100,3,3,15,0.1,4,"multinomial",1.80153280739312
100,3,3,15,0.1,4,"mixed",1.79039655161319
100,3,3,15,0.1,4,"mixed_population",1.79039697500413
100,3,3,15,0.1,5,"multinomial",2.07137988426246
100,3,3,15,0.1,5,"mixed",2.07201393209001
100,3,3,15,0.1,5,"mixed_population",2.07201393288102
100,3,3,15,0.1,6,"multinomial",1.66178659700888
100,3,3,15,0.1,6,"mixed",1.65860804739882
100,3,3,15,0.1,6,"mixed_population",1.65860801031001
100,3,3,15,0.1,7,"multinomial",1.77276244294175
100,3,3,15,0.1,7,"mixed",1.77183404414518
100,3,3,15,0.1,7,"mixed_population",1.77183360196171
100,3,3,15,0.1,8,"multinomial",2.0010220844064
100,3,3,15,0.1,8,"mixed",2.00012850582656
100,3,3,15,0.1,8,"mixed_population",1.99821893507803
100,3,3,15,0.1,9,"multinomial",1.75201591514258
100,3,3,15,0.1,9,"mixed",1.74672797645915
100,3,3,15,0.1,9,"mixed_population",1.74672797678974
100,3,3,15,0.1,10,"multinomial",1.95398492351727
100,3,3,15,0.1,10,"mixed",1.94938971182775
100,3,3,15,0.1,10,"mixed_population",1.94938970781871
100,3,3,15,0.1,11,"multinomial",1.75391243220245
100,3,3,15,0.1,11,"mixed",1.75295031192868
100,3,3,15,0.1,11,"mixed_population",1.75295042905877
100,3,3,15,0.1,12,"multinomial",1.82668463173244
100,3,3,15,0.1,12,"mixed",1.82567137975207
100,3,3,15,0.1,12,"mixed_population",1.82567143790644
100,3,3,15,0.1,13,"multinomial",1.89272257303594
100,3,3,15,0.1,13,"mixed",1.89124920308549
100,3,3,15,0.1,13,"mixed_population",1.89124925021348
100,3,3,15,0.1,14,"multinomial",1.76382694003267
100,3,3,15,0.1,14,"mixed",1.75383074084787
100,3,3,15,0.1,14,"mixed_population",1.75383074122488
100,3,3,15,0.1,15,"multinomial",1.81276688499336
100,3,3,15,0.1,15,"mixed",1.81242241525366
100,3,3,15,0.1,15,"mixed_population",1.80947750893493
100,3,3,15,0.1,16,"multinomial",1.96882361828749
100,3,3,15,0.1,16,"mixed",1.96953324579534
100,3,3,15,0.1,16,"mixed_population",1.96953323535806
100,3,3,15,0.1,17,"multinomial",2.00974421116052
100,3,3,15,0.1,17,"mixed",2.00899472895067
100,3,3,15,0.1,17,"mixed_population",2.00899473118947
100,3,3,15,0.1,18,"multinomial",1.92735111096988
100,3,3,15,0.1,18,"mixed",1.92733668961874
100,3,3,15,0.1,18,"mixed_population",1.92733669317195
100,3,3,15,0.1,19,"multinomial",1.7549631520816
100,3,3,15,0.1,19,"mixed",1.7507014046855
100,3,3,15,0.1,19,"mixed_population",1.75070139745971
100,3,3,15,0.1,20,"multinomial",1.96565105600306
100,3,3,15,0.1,20,"mixed",1.96104588735645
100,3,3,15,0.1,20,"mixed_population",1.96104588774604
100,3,3,15,0.1,21,"multinomial",1.80278350484792
100,3,3,15,0.1,21,"mixed",1.79697050863819
100,3,3,15,0.1,21,"mixed_population",1.79697046585069
100,3,3,15,0.1,22,"multinomial",1.71046045159439
100,3,3,15,0.1,22,"mixed",1.7100082617975
100,3,3,15,0.1,22,"mixed_population",1.71000824587151
100,3,3,15,0.1,23,"multinomial",1.69479821102368
100,3,3,15,0.1,23,"mixed",1.69115301458073
100,3,3,15,0.1,23,"mixed_population",1.69115302012556
100,3,3,15,0.1,24,"multinomial",1.97681301588393
100,3,3,15,0.1,24,"mixed",1.96987372011546
100,3,3,15,0.1,24,"mixed_population",1.9698735235492
100,3,3,15,0.1,25,"multinomial",1.97387247052599
100,3,3,15,0.1,25,"mixed",1.96028712457986
100,3,3,15,0.1,25,"mixed_population",1.96028717011518
100,3,3,15,0.1,26,"multinomial",1.62292939360425
100,3,3,15,0.1,26,"mixed",1.62055544832975
100,3,3,15,0.1,26,"mixed_population",1.62055514591893
100,3,3,15,0.1,27,"multinomial",1.75292654151541
100,3,3,15,0.1,27,"mixed",1.75039871848953
100,3,3,15,0.1,27,"mixed_population",1.75039870505139
100,3,3,15,0.1,28,"multinomial",1.71668081966959
100,3,3,15,0.1,28,"mixed",1.71509685353409
100,3,3,15,0.1,28,"mixed_population",1.71509688544728
100,3,3,15,0.1,29,"multinomial",1.63734733927649
100,3,3,15,0.1,29,"mixed",1.63595152467778
100,3,3,15,0.1,29,"mixed_population",1.63595152955479
100,3,3,15,0.1,30,"multinomial",1.60531182700532
100,3,3,15,0.1,30,"mixed",1.60264057880741
100,3,3,15,0.1,30,"mixed_population",1.60264067972001
100,3,3,15,0.1,31,"multinomial",2.00420005666523
100,3,3,15,0.1,31,"mixed",1.99304414958418
100,3,3,15,0.1,31,"mixed_population",1.99304415831894
100,3,3,15,0.1,32,"multinomial",1.81938846818458
100,3,3,15,0.1,32,"mixed",1.81730973539369
100,3,3,15,0.1,32,"mixed_population",1.81730975810591
100,3,3,15,0.1,33,"multinomial",1.74409542662249
100,3,3,15,0.1,33,"mixed",1.74024846607195
100,3,3,15,0.1,33,"mixed_population",1.74024853481281
100,3,3,15,0.1,34,"multinomial",1.65298689032031
100,3,3,15,0.1,34,"mixed",1.6486496527891
100,3,3,15,0.1,34,"mixed_population",1.64864966568149
100,3,3,15,0.1,35,"multinomial",1.97933578285082
100,3,3,15,0.1,35,"mixed",1.96601665929328
100,3,3,15,0.1,35,"mixed_population",1.96601647575845
100,3,3,15,0.1,36,"multinomial",1.74733838746095
100,3,3,15,0.1,36,"mixed",1.74654686251899
100,3,3,15,0.1,36,"mixed_population",1.74654686037371
100,3,3,15,0.1,37,"multinomial",1.95584037794234
100,3,3,15,0.1,37,"mixed",1.95564157803839
100,3,3,15,0.1,37,"mixed_population",1.95564156450901
100,3,3,15,0.1,38,"multinomial",1.74945894013852
100,3,3,15,0.1,38,"mixed",1.74916147402655
100,3,3,15,0.1,38,"mixed_population",1.74916147356032
100,3,3,15,0.1,39,"multinomial",1.82388970136645
100,3,3,15,0.1,39,"mixed",1.82029284842925
100,3,3,15,0.1,39,"mixed_population",1.82029275589836
100,3,3,15,0.1,40,"multinomial",1.76575945846466
100,3,3,15,0.1,40,"mixed",1.7587396522638
100,3,3,15,0.1,40,"mixed_population",1.75873967895869
100,3,3,15,0.1,41,"multinomial",1.86056415794138
100,3,3,15,0.1,41,"mixed",1.85676988088039
100,3,3,15,0.1,41,"mixed_population",1.8567698460564
100,3,3,15,0.1,42,"multinomial",1.82303629331403
100,3,3,15,0.1,42,"mixed",1.82002338249519
100,3,3,15,0.1,42,"mixed_population",1.82002338264007
100,3,3,15,0.1,43,"multinomial",1.86443640257679
100,3,3,15,0.1,43,"mixed",1.86242310697485
100,3,3,15,0.1,43,"mixed_population",1.86242226192262
100,3,3,15,0.1,44,"multinomial",1.94042017269315
100,3,3,15,0.1,44,"mixed",1.93787937425799
100,3,3,15,0.1,44,"mixed_population",1.93787935337811
100,3,3,15,0.1,45,"multinomial",1.66467467114967
100,3,3,15,0.1,45,"mixed",1.66249743765515
100,3,3,15,0.1,45,"mixed_population",1.66249744900311
100,3,3,15,0.1,46,"multinomial",1.60002775076658
100,3,3,15,0.1,46,"mixed",1.60413526443289
100,3,3,15,0.1,46,"mixed_population",1.60413519054381
100,3,3,15,0.1,47,"multinomial",1.86213054618881
100,3,3,15,0.1,47,"mixed",1.85674562823141
100,3,3,15,0.1,47,"mixed_population",1.85674562823872
100,3,3,15,0.1,48,"multinomial",1.91314350908105
100,3,3,15,0.1,48,"mixed",1.91320424401112
100,3,3,15,0.1,48,"mixed_population",1.91320424343817
100,3,3,15,0.1,49,"multinomial",1.90752359314885
100,3,3,15,0.1,49,"mixed",1.90165733140621
100,3,3,15,0.1,49,"mixed_population",1.90165729417754
100,3,3,15,0.1,50,"multinomial",1.60815458366398
100,3,3,15,0.1,50,"mixed",1.60479307429057
100,3,3,15,0.1,50,"mixed_population",1.60480906832881
100,3,3,15,0.1,51,"multinomial",1.77190220813224
100,3,3,15,0.1,51,"mixed",1.76926041291743
100,3,3,15,0.1,51,"mixed_population",1.76926041262554
100,3,3,15,0.1,52,"multinomial",2.09279677686942
100,3,3,15,0.1,52,"mixed",2.08918389170225
100,3,3,15,0.1,52,"mixed_population",2.08918392302069
100,3,3,15,0.1,53,"multinomial",1.73941818490134
100,3,3,15,0.1,53,"mixed",1.73508953449377
100,3,3,15,0.1,53,"mixed_population",1.73508947255318
100,3,3,15,0.1,54,"multinomial",1.91238129929137
100,3,3,15,0.1,54,"mixed",1.90761704183642
100,3,3,15,0.1,54,"mixed_population",1.90761702921455
100,3,3,15,0.1,55,"multinomial",1.80600935779369
100,3,3,15,0.1,55,"mixed",1.80461200820573
100,3,3,15,0.1,55,"mixed_population",1.80461223459814
100,3,3,15,0.1,56,"multinomial",1.83124999700883
100,3,3,15,0.1,56,"mixed",1.82996450847713
100,3,3,15,0.1,56,"mixed_population",1.82996451230477
100,3,3,15,0.1,57,"multinomial",1.75553785112381
100,3,3,15,0.1,57,"mixed",1.75391182565015
100,3,3,15,0.1,57,"mixed_population",1.75391176587538
100,3,3,15,0.1,58,"multinomial",1.88352703358653
100,3,3,15,0.1,58,"mixed",1.88377985178083
100,3,3,15,0.1,58,"mixed_population",1.8837798393984
100,3,3,15,0.1,59,"multinomial",1.81495489952933
100,3,3,15,0.1,59,"mixed",1.81579634607634
100,3,3,15,0.1,59,"mixed_population",1.81579634428568
100,3,3,15,0.1,60,"multinomial",2.02457977338978
100,3,3,15,0.1,60,"mixed",2.02502772918489
100,3,3,15,0.1,60,"mixed_population",2.0250277178548
100,3,3,15,0.1,61,"multinomial",1.95141585411547
100,3,3,15,0.1,61,"mixed",1.94781450172204
100,3,3,15,0.1,61,"mixed_population",1.9476251093235
100,3,3,15,0.1,62,"multinomial",1.93593130148371
100,3,3,15,0.1,62,"mixed",1.93265674540044
100,3,3,15,0.1,62,"mixed_population",1.93265678954844
100,3,3,15,0.1,63,"multinomial",1.94530087122325
100,3,3,15,0.1,63,"mixed",1.94430217178235
100,3,3,15,0.1,63,"mixed_population",1.94430256868224
100,3,3,15,0.1,64,"multinomial",1.97637623694288
100,3,3,15,0.1,64,"mixed",1.97623580406634
100,3,3,15,0.1,64,"mixed_population",1.97625523103377
100,3,3,15,0.1,65,"multinomial",1.66829519192764
100,3,3,15,0.1,65,"mixed",1.66625898494269
100,3,3,15,0.1,65,"mixed_population",1.66625899863015
100,3,3,15,0.1,66,"multinomial",1.91383435372943
100,3,3,15,0.1,66,"mixed",1.9093926808639
100,3,3,15,0.1,66,"mixed_population",1.90939270628056
100,3,3,15,0.1,67,"multinomial",1.77067968714363
100,3,3,15,0.1,67,"mixed",1.76985162581521
100,3,3,15,0.1,67,"mixed_population",1.7698516340199
100,3,3,15,0.1,68,"multinomial",1.82206048294807
100,3,3,15,0.1,68,"mixed",1.81981975138928
100,3,3,15,0.1,68,"mixed_population",1.81981980679422
100,3,3,15,0.1,69,"multinomial",1.94458226749097
100,3,3,15,0.1,69,"mixed",1.9402698605201
100,3,3,15,0.1,69,"mixed_population",1.94026986056602
100,3,3,15,0.1,70,"multinomial",1.77934466332762
100,3,3,15,0.1,70,"mixed",1.77543798261269
100,3,3,15,0.1,70,"mixed_population",1.77543798256706
100,3,3,15,0.1,71,"multinomial",1.64461872590022
100,3,3,15,0.1,71,"mixed",1.64405332748663
100,3,3,15,0.1,71,"mixed_population",1.64405325467373
100,3,3,15,0.1,72,"multinomial",1.90575784917153
100,3,3,15,0.1,72,"mixed",1.90514982696928
100,3,3,15,0.1,72,"mixed_population",1.90514994787729
100,3,3,15,0.1,73,"multinomial",1.72585732364492
100,3,3,15,0.1,73,"mixed",1.72636213542528
100,3,3,15,0.1,73,"mixed_population",1.72636214836508
100,3,3,15,0.1,74,"multinomial",1.91419211738198
100,3,3,15,0.1,74,"mixed",1.91207746965218
100,3,3,15,0.1,74,"mixed_population",1.91207736919866
100,3,3,15,0.1,75,"multinomial",1.98437346835329
100,3,3,15,0.1,75,"mixed",1.98076393716495
100,3,3,15,0.1,75,"mixed_population",1.98076393765912
100,3,3,15,0.1,76,"multinomial",1.88263033423695
100,3,3,15,0.1,76,"mixed",1.8749925613762
100,3,3,15,0.1,76,"mixed_population",1.87499147987981
100,3,3,15,0.1,77,"multinomial",1.87195438434668
100,3,3,15,0.1,77,"mixed",1.87132801995646
100,3,3,15,0.1,77,"mixed_population",1.87132802385507
100,3,3,15,0.1,78,"multinomial",1.90528253881924
100,3,3,15,0.1,78,"mixed",1.905506687256
100,3,3,15,0.1,78,"mixed_population",1.90261787438709
100,3,3,15,0.1,79,"multinomial",1.82642489865562
100,3,3,15,0.1,79,"mixed",1.82187596250786
100,3,3,15,0.1,79,"mixed_population",1.8218759890445
100,3,3,15,0.1,80,"multinomial",1.79917481523062
100,3,3,15,0.1,80,"mixed",1.79683516184203
100,3,3,15,0.1,80,"mixed_population",1.79683517209062
100,3,3,15,0.1,81,"multinomial",1.84298815478568
100,3,3,15,0.1,81,"mixed",1.83923575008557
100,3,3,15,0.1,81,"mixed_population",1.83923579260964
100,3,3,15,0.1,82,"multinomial",1.81473875359992
100,3,3,15,0.1,82,"mixed",1.80790478969368
100,3,3,15,0.1,82,"mixed_population",1.80789482369495
100,3,3,15,0.1,83,"multinomial",1.98622825267025
100,3,3,15,0.1,83,"mixed",1.97670802675148
100,3,3,15,0.1,83,"mixed_population",1.97670803070209
100,3,3,15,0.1,84,"multinomial",1.71055938275077
100,3,3,15,0.1,84,"mixed",1.70674137581967
100,3,3,15,0.1,84,"mixed_population",1.70674126704365
100,3,3,15,0.1,85,"multinomial",1.75967490425818
100,3,3,15,0.1,85,"mixed",1.75613773049476
100,3,3,15,0.1,85,"mixed_population",1.75613772164692
100,3,3,15,0.1,86,"multinomial",1.75342592848334
100,3,3,15,0.1,86,"mixed",1.74978867830948
100,3,3,15,0.1,86,"mixed_population",1.74978867979841
100,3,3,15,0.1,87,"multinomial",2.01043202123231
100,3,3,15,0.1,87,"mixed",2.00145982822548
100,3,3,15,0.1,87,"mixed_population",2.00146032366906
100,3,3,15,0.1,88,"multinomial",1.77300164976766
100,3,3,15,0.1,88,"mixed",1.76814592505553
100,3,3,15,0.1,88,"mixed_population",1.76814592657266
100,3,3,15,0.1,89,"multinomial",1.92125747402805
100,3,3,15,0.1,89,"mixed",1.91807752822598
100,3,3,15,0.1,89,"mixed_population",1.91807752591198
100,3,3,15,0.1,90,"multinomial",1.73439931828036
100,3,3,15,0.1,90,"mixed",1.73349338370231
100,3,3,15,0.1,90,"mixed_population",1.73349338412978
100,3,3,15,0.1,91,"multinomial",1.90024280790762
100,3,3,15,0.1,91,"mixed",1.9009359593466
100,3,3,15,0.1,91,"mixed_population",1.90093593361602
100,3,3,15,0.1,92,"multinomial",1.88973908424057
100,3,3,15,0.1,92,"mixed",1.88742447937711
100,3,3,15,0.1,92,"mixed_population",1.88742445492947
100,3,3,15,0.1,93,"multinomial",1.83274679454776
100,3,3,15,0.1,93,"mixed",1.83093993062472
100,3,3,15,0.1,93,"mixed_population",1.82637308308527
100,3,3,15,0.1,94,"multinomial",1.91993012281615
100,3,3,15,0.1,94,"mixed",1.91574451144351
100,3,3,15,0.1,94,"mixed_population",1.91574350523435
100,3,3,15,0.1,95,"multinomial",1.70768563144315
100,3,3,15,0.1,95,"mixed",1.70365773064432
100,3,3,15,0.1,95,"mixed_population",1.70365765003633
100,3,3,15,0.1,96,"multinomial",1.72485876337097
100,3,3,15,0.1,96,"mixed",1.72529036965947
100,3,3,15,0.1,96,"mixed_population",1.72528944406687
100,3,3,15,0.1,97,"multinomial",1.82541592266926
100,3,3,15,0.1,97,"mixed",1.82482467913349
100,3,3,15,0.1,97,"mixed_population",1.82482466085492
100,3,3,15,0.1,98,"multinomial",1.74905299989441
100,3,3,15,0.1,98,"mixed",1.74767117002457
100,3,3,15,0.1,98,"mixed_population",1.74767126937401
100,3,3,15,0.1,99,"multinomial",1.79041465317444
100,3,3,15,0.1,99,"mixed",1.7869654556845
100,3,3,15,0.1,99,"mixed_population",1.78696554738813
100,3,3,15,0.1,100,"multinomial",1.90814648251225
100,3,3,15,0.1,100,"mixed",1.9017265219807
100,3,3,15,0.1,100,"mixed_population",1.90172651455937
100,3,3,15,1,1,"multinomial",2.39509992964052
100,3,3,15,1,1,"mixed",2.42773431785197
100,3,3,15,1,1,"mixed_population",2.40800246735945
100,3,3,15,1,2,"multinomial",2.95994405032375
100,3,3,15,1,2,"mixed",3.02520117864874
100,3,3,15,1,2,"mixed_population",2.97047631100914
100,3,3,15,1,3,"multinomial",2.71687598309071
100,3,3,15,1,3,"mixed",2.78592061293874
100,3,3,15,1,3,"mixed_population",2.76224375390432
100,3,3,15,1,4,"multinomial",2.7659537966522
100,3,3,15,1,4,"mixed",2.8090420880621
100,3,3,15,1,4,"mixed_population",2.77797693142389
100,3,3,15,1,5,"multinomial",2.34068567627322
100,3,3,15,1,5,"mixed",2.36906863489954
100,3,3,15,1,5,"mixed_population",2.3454696922673
100,3,3,15,1,6,"multinomial",2.79439246275912
100,3,3,15,1,6,"mixed",2.85832059763093
100,3,3,15,1,6,"mixed_population",2.81929104047065
100,3,3,15,1,7,"multinomial",3.00486580988617
100,3,3,15,1,7,"mixed",3.09625497927092
100,3,3,15,1,7,"mixed_population",3.0501106688629
100,3,3,15,1,8,"multinomial",2.73892460138619
100,3,3,15,1,8,"mixed",2.80907025747532
100,3,3,15,1,8,"mixed_population",2.75493263132796
100,3,3,15,1,9,"multinomial",2.61842061900037
100,3,3,15,1,9,"mixed",2.65923652454912
100,3,3,15,1,9,"mixed_population",2.63354611817214
100,3,3,15,1,10,"multinomial",2.50557999446857
100,3,3,15,1,10,"mixed",2.54073751849152
100,3,3,15,1,10,"mixed_population",2.51564697752966
100,3,3,15,1,11,"multinomial",2.52173492286219
100,3,3,15,1,11,"mixed",2.57008353529916
100,3,3,15,1,11,"mixed_population",2.53530901192027
100,3,3,15,1,12,"multinomial",2.42010916431847
100,3,3,15,1,12,"mixed",2.4275598607552
100,3,3,15,1,12,"mixed_population",2.41525512630297
100,3,3,15,1,13,"multinomial",2.57577991696732
100,3,3,15,1,13,"mixed",2.62256973059431
100,3,3,15,1,13,"mixed_population",2.59440124558945
100,3,3,15,1,14,"multinomial",2.9251648448653
100,3,3,15,1,14,"mixed",3.0206827086544
100,3,3,15,1,14,"mixed_population",2.96018899655206
100,3,3,15,1,15,"multinomial",2.70751610511854
100,3,3,15,1,15,"mixed",2.80778952802563
100,3,3,15,1,15,"mixed_population",2.76236083626951
100,3,3,15,1,16,"multinomial",2.60340535001109
100,3,3,15,1,16,"mixed",2.63662999704611
100,3,3,15,1,16,"mixed_population",2.61696899610297
100,3,3,15,1,17,"multinomial",2.57338371213286
100,3,3,15,1,17,"mixed",2.61586424289207
100,3,3,15,1,17,"mixed_population",2.57948465532341
100,3,3,15,1,18,"multinomial",2.39767421276963
100,3,3,15,1,18,"mixed",2.41853125805414
100,3,3,15,1,18,"mixed_population",2.40581081394721
100,3,3,15,1,19,"multinomial",2.58804214675339
100,3,3,15,1,19,"mixed",2.63305900370258
100,3,3,15,1,19,"mixed_population",2.60613577192503
100,3,3,15,1,20,"multinomial",2.88873502437507
100,3,3,15,1,20,"mixed",2.95801308496034
100,3,3,15,1,20,"mixed_population",2.91002720029037
100,3,3,15,1,21,"multinomial",2.61680542080315
100,3,3,15,1,21,"mixed",2.65945295213098
100,3,3,15,1,21,"mixed_population",2.63402248875008
100,3,3,15,1,22,"multinomial",2.38088943810126
100,3,3,15,1,22,"mixed",2.40462794957757
100,3,3,15,1,22,"mixed_population",2.38702565441811
100,3,3,15,1,23,"multinomial",2.36650550496103
100,3,3,15,1,23,"mixed",2.39406598885405
100,3,3,15,1,23,"mixed_population",2.37203363101767
100,3,3,15,1,24,"multinomial",2.50950199962153
100,3,3,15,1,24,"mixed",2.54787040662441
100,3,3,15,1,24,"mixed_population",2.53272761707022
100,3,3,15,1,25,"multinomial",2.50092301876977
100,3,3,15,1,25,"mixed",2.54191471947491
100,3,3,15,1,25,"mixed_population",2.51048873783014
100,3,3,15,1,26,"multinomial",2.49869588425215
100,3,3,15,1,26,"mixed",2.52017403236566
100,3,3,15,1,26,"mixed_population",2.49960111399041
100,3,3,15,1,27,"multinomial",2.73673425462429
100,3,3,15,1,27,"mixed",2.77823019329588
100,3,3,15,1,27,"mixed_population",2.75209620332357
100,3,3,15,1,28,"multinomial",2.58964959885333
100,3,3,15,1,28,"mixed",2.60226644803911
100,3,3,15,1,28,"mixed_population",2.58342463787722
100,3,3,15,1,29,"multinomial",2.63133758026128
100,3,3,15,1,29,"mixed",2.65412861891705
100,3,3,15,1,29,"mixed_population",2.63872456108964
100,3,3,15,1,30,"multinomial",2.81883696756806
100,3,3,15,1,30,"mixed",2.89365311600542
100,3,3,15,1,30,"mixed_population",2.82394547426467
100,3,3,15,1,31,"multinomial",2.59186749864421
100,3,3,15,1,31,"mixed",2.62927235076352
100,3,3,15,1,31,"mixed_population",2.60705074986087
100,3,3,15,1,32,"multinomial",2.49462934987914
100,3,3,15,1,32,"mixed",2.52552417379952
100,3,3,15,1,32,"mixed_population",2.49101175765976
100,3,3,15,1,33,"multinomial",2.6202068442392
100,3,3,15,1,33,"mixed",2.6710595501051
100,3,3,15,1,33,"mixed_population",2.63766298202852
100,3,3,15,1,34,"multinomial",2.84090170989561
100,3,3,15,1,34,"mixed",2.91243854211603
100,3,3,15,1,34,"mixed_population",2.8690997146757
100,3,3,15,1,35,"multinomial",2.9226087968401
100,3,3,15,1,35,"mixed",2.97729338965756
100,3,3,15,1,35,"mixed_population",2.93969997540606
100,3,3,15,1,36,"multinomial",2.594603896659
100,3,3,15,1,36,"mixed",2.6304031469046
100,3,3,15,1,36,"mixed_population",2.60462475383901
100,3,3,15,1,37,"multinomial",2.82614238988046
100,3,3,15,1,37,"mixed",2.90574521853966
100,3,3,15,1,37,"mixed_population",2.84839811401858
100,3,3,15,1,38,"multinomial",2.73033434492556
100,3,3,15,1,38,"mixed",2.76874482299528
100,3,3,15,1,38,"mixed_population",2.74554850829496
100,3,3,15,1,39,"multinomial",2.44720850638198
100,3,3,15,1,39,"mixed",2.50506318681071
100,3,3,15,1,39,"mixed_population",2.46379186028139
100,3,3,15,1,40,"multinomial",2.4800993979168
100,3,3,15,1,40,"mixed",2.51504962152541
100,3,3,15,1,40,"mixed_population",2.49308760092122
100,3,3,15,1,41,"multinomial",2.7483825062285
100,3,3,15,1,41,"mixed",2.81940232732483
100,3,3,15,1,41,"mixed_population",2.76979993787863
100,3,3,15,1,42,"multinomial",2.75435435454136
100,3,3,15,1,42,"mixed",2.81172842325491
100,3,3,15,1,42,"mixed_population",2.77062702885701
100,3,3,15,1,43,"multinomial",2.53712941664084
100,3,3,15,1,43,"mixed",2.59382273682542
100,3,3,15,1,43,"mixed_population",2.56101592159745
100,3,3,15,1,44,"multinomial",2.90536370447007
100,3,3,15,1,44,"mixed",3.01719482724031
100,3,3,15,1,44,"mixed_population",2.94685535697176
100,3,3,15,1,45,"multinomial",2.56249889265098
100,3,3,15,1,45,"mixed",2.60403411900201
100,3,3,15,1,45,"mixed_population",2.58043367637687
100,3,3,15,1,46,"multinomial",2.54813387383279
100,3,3,15,1,46,"mixed",2.59337775254316
100,3,3,15,1,46,"mixed_population",2.56144973353193
100,3,3,15,1,47,"multinomial",2.45606401320651
100,3,3,15,1,47,"mixed",2.4464065560747
100,3,3,15,1,47,"mixed_population",2.44457124902191
100,3,3,15,1,48,"multinomial",2.65654529696959
100,3,3,15,1,48,"mixed",2.69009721141144
100,3,3,15,1,48,"mixed_population",2.66730439868405
100,3,3,15,1,49,"multinomial",2.58354230902107
100,3,3,15,1,49,"mixed",2.61024263227095
100,3,3,15,1,49,"mixed_population",2.58889032867971
100,3,3,15,1,50,"multinomial",2.74549131551422
100,3,3,15,1,50,"mixed",2.81322803308659
100,3,3,15,1,50,"mixed_population",2.76843791001516
100,3,3,15,1,51,"multinomial",2.91842293513563
100,3,3,15,1,51,"mixed",2.98687657250555
100,3,3,15,1,51,"mixed_population",2.93255228605092
100,3,3,15,1,52,"multinomial",2.40126567660133
100,3,3,15,1,52,"mixed",2.42272731971731
100,3,3,15,1,52,"mixed_population",2.4003027661734
100,3,3,15,1,53,"multinomial",2.64075516111259
100,3,3,15,1,53,"mixed",2.67078486045761
100,3,3,15,1,53,"mixed_population",2.65004264267023
100,3,3,15,1,54,"multinomial",2.65696904735558
100,3,3,15,1,54,"mixed",2.68565553186786
100,3,3,15,1,54,"mixed_population",2.66360265676375
100,3,3,15,1,55,"multinomial",2.61424809632807
100,3,3,15,1,55,"mixed",2.64732447868309
100,3,3,15,1,55,"mixed_population",2.6199890216694
100,3,3,15,1,56,"multinomial",2.6880016171944
100,3,3,15,1,56,"mixed",2.71740210226375
100,3,3,15,1,56,"mixed_population",2.68997509997559
100,3,3,15,1,57,"multinomial",2.87107113320064
100,3,3,15,1,57,"mixed",2.92320517203061
100,3,3,15,1,57,"mixed_population",2.87865903615864
100,3,3,15,1,58,"multinomial",2.77883654588775
100,3,3,15,1,58,"mixed",2.82382949435705
100,3,3,15,1,58,"mixed_population",2.79094200719556
100,3,3,15,1,59,"multinomial",2.66941318665767
100,3,3,15,1,59,"mixed",2.72452782000346
100,3,3,15,1,59,"mixed_population",2.68082382068803
100,3,3,15,1,60,"multinomial",2.47480905090237
100,3,3,15,1,60,"mixed",2.49687518581813
100,3,3,15,1,60,"mixed_population",2.47094022668814
100,3,3,15,1,61,"multinomial",2.77286349452682
100,3,3,15,1,61,"mixed",2.80238227333675
100,3,3,15,1,61,"mixed_population",2.76946667480746
100,3,3,15,1,62,"multinomial",2.89927137150481
100,3,3,15,1,62,"mixed",2.98586582535835
100,3,3,15,1,62,"mixed_population",2.90860045117303
100,3,3,15,1,63,"multinomial",2.67081087926987
100,3,3,15,1,63,"mixed",2.72430925862858
100,3,3,15,1,63,"mixed_population",2.68508123993674
100,3,3,15,1,64,"multinomial",2.90191329688992
100,3,3,15,1,64,"mixed",2.9501697910488
100,3,3,15,1,64,"mixed_population",2.91928022493531
100,3,3,15,1,65,"multinomial",2.61731704274209
100,3,3,15,1,65,"mixed",2.68086326112696
100,3,3,15,1,65,"mixed_population",2.6498610128675
100,3,3,15,1,66,"multinomial",2.57238030457362
100,3,3,15,1,66,"mixed",2.62449368032618
100,3,3,15,1,66,"mixed_population",2.58977866430875
100,3,3,15,1,67,"multinomial",2.65651213606815
100,3,3,15,1,67,"mixed",2.68858292414691
100,3,3,15,1,67,"mixed_population",2.66778817962509
100,3,3,15,1,68,"multinomial",2.97334314488746
100,3,3,15,1,68,"mixed",3.04988632993118
100,3,3,15,1,68,"mixed_population",2.9933457994466
100,3,3,15,1,69,"multinomial",2.45690072762896
100,3,3,15,1,69,"mixed",2.481899168845
100,3,3,15,1,69,"mixed_population",2.47130506305272
100,3,3,15,1,70,"multinomial",2.65143672431483
100,3,3,15,1,70,"mixed",2.70111228042685
100,3,3,15,1,70,"mixed_population",2.66739317986091
100,3,3,15,1,71,"multinomial",2.65315410527204
100,3,3,15,1,71,"mixed",2.68707332711519
100,3,3,15,1,71,"mixed_population",2.66206220164073
100,3,3,15,1,72,"multinomial",2.96067385304771
100,3,3,15,1,72,"mixed",3.01423058137436
100,3,3,15,1,72,"mixed_population",2.97613852075012
100,3,3,15,1,73,"multinomial",2.87525247981811
100,3,3,15,1,73,"mixed",2.9268450758667
100,3,3,15,1,73,"mixed_population",2.87658029824818
100,3,3,15,1,74,"multinomial",2.49421010710549
100,3,3,15,1,74,"mixed",2.51630918624759
100,3,3,15,1,74,"mixed_population",2.4935345967476
100,3,3,15,1,75,"multinomial",2.60659668603621
100,3,3,15,1,75,"mixed",2.66381688772097
100,3,3,15,1,75,"mixed_population",2.62169339540694
100,3,3,15,1,76,"multinomial",2.78607312191657
100,3,3,15,1,76,"mixed",2.84550273345261
100,3,3,15,1,76,"mixed_population",2.80785683787874
100,3,3,15,1,77,"multinomial",2.56150779911575
100,3,3,15,1,77,"mixed",2.6019078954613
100,3,3,15,1,77,"mixed_population",2.56788151742771
100,3,3,15,1,78,"multinomial",2.8396878286058
100,3,3,15,1,78,"mixed",2.87553573511043
100,3,3,15,1,78,"mixed_population",2.84055192509327
100,3,3,15,1,79,"multinomial",2.98626072806007
100,3,3,15,1,79,"mixed",3.02846202072313
100,3,3,15,1,79,"mixed_population",2.98758656809032
100,3,3,15,1,80,"multinomial",2.79066940153028
100,3,3,15,1,80,"mixed",2.84471779706017
100,3,3,15,1,80,"mixed_population",2.80313392806634
100,3,3,15,1,81,"multinomial",2.64602714454944
100,3,3,15,1,81,"mixed",2.65186708017272
100,3,3,15,1,81,"mixed_population",2.63108362561188
100,3,3,15,1,82,"multinomial",2.76266085874929
100,3,3,15,1,82,"mixed",2.82334586322657
100,3,3,15,1,82,"mixed_population",2.78354952717206
100,3,3,15,1,83,"multinomial",2.70608563277065
100,3,3,15,1,83,"mixed",2.74380506459558
100,3,3,15,1,83,"mixed_population",2.71612243599671
100,3,3,15,1,84,"multinomial",2.47994218283068
100,3,3,15,1,84,"mixed",2.5100556700114
100,3,3,15,1,84,"mixed_population",2.48035991602991
100,3,3,15,1,85,"multinomial",2.45992346691594
100,3,3,15,1,85,"mixed",2.50438506825202
100,3,3,15,1,85,"mixed_population",2.48189164777488
100,3,3,15,1,86,"multinomial",2.44031971876615
100,3,3,15,1,86,"mixed",2.47283110115022
100,3,3,15,1,86,"mixed_population",2.44123263634437
100,3,3,15,1,87,"multinomial",2.29169070234467
100,3,3,15,1,87,"mixed",2.30966216917761
100,3,3,15,1,87,"mixed_population",2.29381636250797
100,3,3,15,1,88,"multinomial",3.00757905060366
100,3,3,15,1,88,"mixed",3.05355830087374
100,3,3,15,1,88,"mixed_population",3.01106486351081
100,3,3,15,1,89,"multinomial",2.78013012555167
100,3,3,15,1,89,"mixed",2.8453355404487
100,3,3,15,1,89,"mixed_population",2.78976408082673
100,3,3,15,1,90,"multinomial",2.79085432652699
100,3,3,15,1,90,"mixed",2.8293286382745
100,3,3,15,1,90,"mixed_population",2.79095510295372
100,3,3,15,1,91,"multinomial",2.4941100912048
100,3,3,15,1,91,"mixed",2.53075119918361
100,3,3,15,1,91,"mixed_population",2.50368065146997
100,3,3,15,1,92,"multinomial",2.89462829135192
100,3,3,15,1,92,"mixed",2.96046412076931
100,3,3,15,1,92,"mixed_population",2.91502577502714
100,3,3,15,1,93,"multinomial",2.94289361334051
100,3,3,15,1,93,"mixed",2.96268217228837
100,3,3,15,1,93,"mixed_population",2.93131662282093
100,3,3,15,1,94,"multinomial",2.80498188981835
100,3,3,15,1,94,"mixed",2.86342414177047
100,3,3,15,1,94,"mixed_population",2.82747465136778
100,3,3,15,1,95,"multinomial",2.49052014684146
100,3,3,15,1,95,"mixed",2.50439094070044
100,3,3,15,1,95,"mixed_population",2.48583589377875
100,3,3,15,1,96,"multinomial",3.09822059033047
100,3,3,15,1,96,"mixed",3.15491372057341
100,3,3,15,1,96,"mixed_population",3.10191468959973
100,3,3,15,1,97,"multinomial",2.47552533994266
100,3,3,15,1,97,"mixed",2.4945532153045
100,3,3,15,1,97,"mixed_population",2.47930869780906
100,3,3,15,1,98,"multinomial",2.81064968971735
100,3,3,15,1,98,"mixed",2.8850130411807
100,3,3,15,1,98,"mixed_population",2.83613235779206
100,3,3,15,1,99,"multinomial",2.70176655829795
100,3,3,15,1,99,"mixed",2.74658364338197
100,3,3,15,1,99,"mixed_population",2.71583088517696
100,3,3,15,1,100,"multinomial",2.60785320838466
100,3,3,15,1,100,"mixed",2.66300174401478
100,3,3,15,1,100,"mixed_population",2.6311633689139
100,3,3,15,10,1,"multinomial",7.66244951957891
100,3,3,15,10,1,"mixed",10.3111458641694
100,3,3,15,10,1,"mixed_population",7.76223644869681
100,3,3,15,10,2,"multinomial",8.16377216134974
100,3,3,15,10,2,"mixed",10.4807255522019
100,3,3,15,10,2,"mixed_population",8.12492174744249
100,3,3,15,10,3,"multinomial",7.87497577913923
100,3,3,15,10,3,"mixed",10.1573729994938
100,3,3,15,10,3,"mixed_population",7.88410260347141
100,3,3,15,10,4,"multinomial",8.17363549204038
100,3,3,15,10,4,"mixed",9.71780858754645
100,3,3,15,10,4,"mixed_population",8.01819019400129
100,3,3,15,10,5,"multinomial",8.15619496307922
100,3,3,15,10,5,"mixed",10.1758013914345
100,3,3,15,10,5,"mixed_population",8.11386102342331
100,3,3,15,10,6,"multinomial",7.88702602989197
100,3,3,15,10,6,"mixed",10.0487852575833
100,3,3,15,10,6,"mixed_population",7.83457771964146
100,3,3,15,10,7,"multinomial",7.80012240600678
100,3,3,15,10,7,"mixed",9.04375606450649
100,3,3,15,10,7,"mixed_population",7.7502896427504
100,3,3,15,10,8,"multinomial",7.93912901902066
100,3,3,15,10,8,"mixed",9.89295631481924
100,3,3,15,10,8,"mixed_population",7.96083042144161
100,3,3,15,10,9,"multinomial",7.70942938342473
100,3,3,15,10,9,"mixed",9.88220657631168
100,3,3,15,10,9,"mixed_population",7.91924432449035
100,3,3,15,10,10,"multinomial",7.67176496112663
100,3,3,15,10,10,"mixed",9.19526833374941
100,3,3,15,10,10,"mixed_population",7.63316971800256
100,3,3,15,10,11,"multinomial",7.74243829674955
100,3,3,15,10,11,"mixed",9.76314585014454
100,3,3,15,10,11,"mixed_population",7.91774122395579
100,3,3,15,10,12,"multinomial",8.36532750938326
100,3,3,15,10,12,"mixed",10.1633020080262
100,3,3,15,10,12,"mixed_population",8.46635649445033
100,3,3,15,10,13,"multinomial",7.71490471990562
100,3,3,15,10,13,"mixed",9.09283093646053
100,3,3,15,10,13,"mixed_population",7.59732749471501
100,3,3,15,10,14,"multinomial",7.59088049062894
100,3,3,15,10,14,"mixed",9.21934918579722
100,3,3,15,10,14,"mixed_population",7.59939659282092
100,3,3,15,10,15,"multinomial",8.01746905598482
100,3,3,15,10,15,"mixed",9.57073541657442
100,3,3,15,10,15,"mixed_population",7.98658701831276
100,3,3,15,10,16,"multinomial",7.83131595693014
100,3,3,15,10,16,"mixed",9.8835398001866
100,3,3,15,10,16,"mixed_population",7.87043367276753
100,3,3,15,10,17,"multinomial",8.3984078013839
100,3,3,15,10,17,"mixed",9.93894217795397
100,3,3,15,10,17,"mixed_population",8.38545126922906
100,3,3,15,10,18,"multinomial",8.09920853128428
100,3,3,15,10,18,"mixed",10.0026723232441
100,3,3,15,10,18,"mixed_population",8.0251209207344
100,3,3,15,10,19,"multinomial",7.63290402856802
100,3,3,15,10,19,"mixed",8.71696408267194
100,3,3,15,10,19,"mixed_population",7.5073781308463
100,3,3,15,10,20,"multinomial",8.57595322299344
100,3,3,15,10,20,"mixed",11.1477727518252
100,3,3,15,10,20,"mixed_population",8.68300099817663
100,3,3,15,10,21,"multinomial",7.68903531896584
100,3,3,15,10,21,"mixed",8.95300669704083
100,3,3,15,10,21,"mixed_population",7.57431215877767
100,3,3,15,10,22,"multinomial",7.67013738049682
100,3,3,15,10,22,"mixed",9.60557268584723
100,3,3,15,10,22,"mixed_population",7.64797359478578
100,3,3,15,10,23,"multinomial",7.66362616301038
100,3,3,15,10,23,"mixed",9.53723298084718
100,3,3,15,10,23,"mixed_population",7.6930643092292
100,3,3,15,10,24,"multinomial",8.25281297832027
100,3,3,15,10,24,"mixed",10.2172484000343
100,3,3,15,10,24,"mixed_population",8.18145112269311
100,3,3,15,10,25,"multinomial",7.53761526654346
100,3,3,15,10,25,"mixed",8.95770340600289
100,3,3,15,10,25,"mixed_population",7.41687616374955
100,3,3,15,10,26,"multinomial",7.72897641792219
100,3,3,15,10,26,"mixed",9.42924429910932
100,3,3,15,10,26,"mixed_population",7.93427397848046
100,3,3,15,10,27,"multinomial",7.91811556067137
100,3,3,15,10,27,"mixed",9.86774321702888
100,3,3,15,10,27,"mixed_population",7.87991101810149
100,3,3,15,10,28,"multinomial",8.17879346266036
100,3,3,15,10,28,"mixed",10.2623797840212
100,3,3,15,10,28,"mixed_population",8.23397241149665
100,3,3,15,10,29,"multinomial",7.83810620742636
100,3,3,15,10,29,"mixed",9.52082066667518
100,3,3,15,10,29,"mixed_population",7.80292398029751
100,3,3,15,10,30,"multinomial",7.75569026204746
100,3,3,15,10,30,"mixed",9.621766019708
100,3,3,15,10,30,"mixed_population",7.7291238658564
100,3,3,15,10,31,"multinomial",7.41178624720164
100,3,3,15,10,31,"mixed",8.68532560490587
100,3,3,15,10,31,"mixed_population",7.46688505879382
100,3,3,15,10,32,"multinomial",7.72380961968539
100,3,3,15,10,32,"mixed",9.30997480410355
100,3,3,15,10,32,"mixed_population",7.71629957175013
100,3,3,15,10,33,"multinomial",7.77757922808289
100,3,3,15,10,33,"mixed",9.05121194734434
100,3,3,15,10,33,"mixed_population",7.72075068319557
100,3,3,15,10,34,"multinomial",8.15260372000826
100,3,3,15,10,34,"mixed",9.56698692768647
100,3,3,15,10,34,"mixed_population",8.14161466636765
100,3,3,15,10,35,"multinomial",7.85353013722529
100,3,3,15,10,35,"mixed",9.52162099909024
100,3,3,15,10,35,"mixed_population",7.93207945252683
100,3,3,15,10,36,"multinomial",7.98806867152301
100,3,3,15,10,36,"mixed",9.82573365440051
100,3,3,15,10,36,"mixed_population",7.92256095196652
100,3,3,15,10,37,"multinomial",7.57482843935918
100,3,3,15,10,37,"mixed",9.49814007481807
100,3,3,15,10,37,"mixed_population",7.53595637587958
100,3,3,15,10,38,"multinomial",7.69597988193789
100,3,3,15,10,38,"mixed",9.46819340621854
100,3,3,15,10,38,"mixed_population",7.712251182382
100,3,3,15,10,39,"multinomial",7.97064596412432
100,3,3,15,10,39,"mixed",9.74952517628576
100,3,3,15,10,39,"mixed_population",7.94238139992745
100,3,3,15,10,40,"multinomial",7.86549943959419
100,3,3,15,10,40,"mixed",9.95132972306822
100,3,3,15,10,40,"mixed_population",7.84240616084349
100,3,3,15,10,41,"multinomial",8.08102129178512
100,3,3,15,10,41,"mixed",9.78262320851212
100,3,3,15,10,41,"mixed_population",8.01277434605469
100,3,3,15,10,42,"multinomial",7.77461612369598
100,3,3,15,10,42,"mixed",9.28522364770162
100,3,3,15,10,42,"mixed_population",7.72623694487447
100,3,3,15,10,43,"multinomial",7.94655933894444
100,3,3,15,10,43,"mixed",9.74285101395705
100,3,3,15,10,43,"mixed_population",7.88636478327691
100,3,3,15,10,44,"multinomial",7.85363506592058
100,3,3,15,10,44,"mixed",9.72858534125123
100,3,3,15,10,44,"mixed_population",7.85258010860219
100,3,3,15,10,45,"multinomial",8.04705750879928
100,3,3,15,10,45,"mixed",9.96012516086013
100,3,3,15,10,45,"mixed_population",7.8305544122521
100,3,3,15,10,46,"multinomial",7.9505736667883
100,3,3,15,10,46,"mixed",10.1170778648926
100,3,3,15,10,46,"mixed_population",7.87027734079828
100,3,3,15,10,47,"multinomial",8.1118146613574
100,3,3,15,10,47,"mixed",10.3848668953937
100,3,3,15,10,47,"mixed_population",8.08331538180887
100,3,3,15,10,48,"multinomial",8.22562961237925
100,3,3,15,10,48,"mixed",10.2441508848543
100,3,3,15,10,48,"mixed_population",8.14418332021792
100,3,3,15,10,49,"multinomial",7.97383018986149
100,3,3,15,10,49,"mixed",9.04357587055774
100,3,3,15,10,49,"mixed_population",7.68044844481102
100,3,3,15,10,50,"multinomial",8.0980326593351
100,3,3,15,10,50,"mixed",10.3747957258884
100,3,3,15,10,50,"mixed_population",8.10935101898277
100,3,3,15,10,51,"multinomial",7.81821669822891
100,3,3,15,10,51,"mixed",9.89539557439825
100,3,3,15,10,51,"mixed_population",7.77674085024576
100,3,3,15,10,52,"multinomial",7.80220121817201
100,3,3,15,10,52,"mixed",9.87226584714042
100,3,3,15,10,52,"mixed_population",7.81196879165421
100,3,3,15,10,53,"multinomial",7.80674038099236
100,3,3,15,10,53,"mixed",9.17937429579129
100,3,3,15,10,53,"mixed_population",7.64031375378016
100,3,3,15,10,54,"multinomial",7.71881008373403
100,3,3,15,10,54,"mixed",9.78178267584588
100,3,3,15,10,54,"mixed_population",7.88310767764159
100,3,3,15,10,55,"multinomial",8.15298047349591
100,3,3,15,10,55,"mixed",10.0986800762726
100,3,3,15,10,55,"mixed_population",8.14061502809428
100,3,3,15,10,56,"multinomial",8.06816596204605
100,3,3,15,10,56,"mixed",9.91317291932255
100,3,3,15,10,56,"mixed_population",8.105855815929
100,3,3,15,10,57,"multinomial",8.08462013402377
100,3,3,15,10,57,"mixed",10.1473677869764
100,3,3,15,10,57,"mixed_population",7.99257307901521
100,3,3,15,10,58,"multinomial",7.81868976259028
100,3,3,15,10,58,"mixed",9.40553382717236
100,3,3,15,10,58,"mixed_population",7.70891668161762
100,3,3,15,10,59,"multinomial",8.06071909357077
100,3,3,15,10,59,"mixed",9.6794832038262
100,3,3,15,10,59,"mixed_population",7.95736182967821
100,3,3,15,10,60,"multinomial",8.13735736384773
100,3,3,15,10,60,"mixed",9.66533414389495
100,3,3,15,10,60,"mixed_population",8.08809468901039
100,3,3,15,10,61,"multinomial",8.10634329242012
100,3,3,15,10,61,"mixed",9.4615350933013
100,3,3,15,10,61,"mixed_population",8.07281231564067
100,3,3,15,10,62,"multinomial",8.03269035501681
100,3,3,15,10,62,"mixed",9.52323177531891
100,3,3,15,10,62,"mixed_population",7.94344152042629
100,3,3,15,10,63,"multinomial",7.8664491696235
100,3,3,15,10,63,"mixed",10.1131972213637
100,3,3,15,10,63,"mixed_population",7.76523377889088
100,3,3,15,10,64,"multinomial",8.252439784557
100,3,3,15,10,64,"mixed",10.4754836494069
100,3,3,15,10,64,"mixed_population",8.34837121036732
100,3,3,15,10,65,"multinomial",7.82863200219931
100,3,3,15,10,65,"mixed",9.51004825483542
100,3,3,15,10,65,"mixed_population",7.87332884863575
100,3,3,15,10,66,"multinomial",8.04861688188705
100,3,3,15,10,66,"mixed",9.90163467240891
100,3,3,15,10,66,"mixed_population",8.00159638299805
100,3,3,15,10,67,"multinomial",8.01347762423622
100,3,3,15,10,67,"mixed",10.8530000835254
100,3,3,15,10,67,"mixed_population",8.00946833587286
100,3,3,15,10,68,"multinomial",7.84163269389399
100,3,3,15,10,68,"mixed",9.3439797500812
100,3,3,15,10,68,"mixed_population",7.8405276994541
100,3,3,15,10,69,"multinomial",7.96967209726766
100,3,3,15,10,69,"mixed",10.3372790814496
100,3,3,15,10,69,"mixed_population",7.97283471100684
100,3,3,15,10,70,"multinomial",7.8902164757519
100,3,3,15,10,70,"mixed",10.0908488981239
100,3,3,15,10,70,"mixed_population",7.80763796338811
100,3,3,15,10,71,"multinomial",7.71612523867341
100,3,3,15,10,71,"mixed",9.74252575503766
100,3,3,15,10,71,"mixed_population",7.65520535154849
100,3,3,15,10,72,"multinomial",8.20896640300061
100,3,3,15,10,72,"mixed",9.71775931729812
100,3,3,15,10,72,"mixed_population",8.21646605633394
100,3,3,15,10,73,"multinomial",8.09609751947958
100,3,3,15,10,73,"mixed",10.2800550775846
100,3,3,15,10,73,"mixed_population",7.97376590034763
100,3,3,15,10,74,"multinomial",7.91211197370864
100,3,3,15,10,74,"mixed",9.54610967515748
100,3,3,15,10,74,"mixed_population",7.91368646900946
100,3,3,15,10,75,"multinomial",8.11354343488108
100,3,3,15,10,75,"mixed",9.65362617557371
100,3,3,15,10,75,"mixed_population",7.97276564348179
100,3,3,15,10,76,"multinomial",7.65593828676528
100,3,3,15,10,76,"mixed",9.56824590929463
100,3,3,15,10,76,"mixed_population",7.70099038632767
100,3,3,15,10,77,"multinomial",7.90914369961155
100,3,3,15,10,77,"mixed",9.89789621122901
100,3,3,15,10,77,"mixed_population",7.84511117510216
100,3,3,15,10,78,"multinomial",7.55143799227716
100,3,3,15,10,78,"mixed",9.08139437177276
100,3,3,15,10,78,"mixed_population",7.57607880963315
100,3,3,15,10,79,"multinomial",7.81385304153806
100,3,3,15,10,79,"mixed",9.46505032758087
100,3,3,15,10,79,"mixed_population",7.67818796298602
100,3,3,15,10,80,"multinomial",7.95201574650242
100,3,3,15,10,80,"mixed",9.61684749055225
100,3,3,15,10,80,"mixed_population",7.89728639228342
100,3,3,15,10,81,"multinomial",7.37870727149047
100,3,3,15,10,81,"mixed",8.71685416147039
100,3,3,15,10,81,"mixed_population",7.33249043687315
100,3,3,15,10,82,"multinomial",8.26491074518319
100,3,3,15,10,82,"mixed",10.4754747686694
100,3,3,15,10,82,"mixed_population",8.1583028529477
100,3,3,15,10,83,"multinomial",8.00072495817946
100,3,3,15,10,83,"mixed",9.54752280574545
100,3,3,15,10,83,"mixed_population",7.85801337384596
100,3,3,15,10,84,"multinomial",7.95924085345875
100,3,3,15,10,84,"mixed",9.7717444338357
100,3,3,15,10,84,"mixed_population",7.93625845277535
100,3,3,15,10,85,"multinomial",7.87570250456389
100,3,3,15,10,85,"mixed",9.86791300836543
100,3,3,15,10,85,"mixed_population",7.83638713013582
100,3,3,15,10,86,"multinomial",7.92407448964432
100,3,3,15,10,86,"mixed",10.6266918235428
100,3,3,15,10,86,"mixed_population",7.96683620704321
100,3,3,15,10,87,"multinomial",7.95125049878441
100,3,3,15,10,87,"mixed",10.1943527609111
100,3,3,15,10,87,"mixed_population",7.97601835057015
100,3,3,15,10,88,"multinomial",7.82810054827342
100,3,3,15,10,88,"mixed",9.86163899895402
100,3,3,15,10,88,"mixed_population",7.7974334046918
100,3,3,15,10,89,"multinomial",7.78727864936475
100,3,3,15,10,89,"mixed",9.53500056980681
100,3,3,15,10,89,"mixed_population",7.73525659796635
100,3,3,15,10,90,"multinomial",7.72979877097358
100,3,3,15,10,90,"mixed",9.30948105457681
100,3,3,15,10,90,"mixed_population",7.62216356748647
100,3,3,15,10,91,"multinomial",7.79677626697078
100,3,3,15,10,91,"mixed",9.79912723104743
100,3,3,15,10,91,"mixed_population",7.7062594046269
100,3,3,15,10,92,"multinomial",7.96080186834287
100,3,3,15,10,92,"mixed",10.2048725831668
100,3,3,15,10,92,"mixed_population",7.89743487802183
100,3,3,15,10,93,"multinomial",7.87485424677533
100,3,3,15,10,93,"mixed",9.22718619849698
100,3,3,15,10,93,"mixed_population",7.8381257473155
100,3,3,15,10,94,"multinomial",8.24557854992826
100,3,3,15,10,94,"mixed",10.2167933169332
100,3,3,15,10,94,"mixed_population",8.20186774144559
100,3,3,15,10,95,"multinomial",7.5685319199734
100,3,3,15,10,95,"mixed",9.1374371967428
100,3,3,15,10,95,"mixed_population",7.57218450360192
100,3,3,15,10,96,"multinomial",7.88848555255668
100,3,3,15,10,96,"mixed",9.55012634604857
100,3,3,15,10,96,"mixed_population",7.85185780575848
100,3,3,15,10,97,"multinomial",7.74145807519174
100,3,3,15,10,97,"mixed",9.82647262411111
100,3,3,15,10,97,"mixed_population",7.84762314003
100,3,3,15,10,98,"multinomial",7.81353804545135
100,3,3,15,10,98,"mixed",9.86925360511413
100,3,3,15,10,98,"mixed_population",7.70200674759106
100,3,3,15,10,99,"multinomial",7.74764187503664
100,3,3,15,10,99,"mixed",9.66842202867296
100,3,3,15,10,99,"mixed_population",7.79008245527648
100,3,3,15,10,100,"multinomial",7.93524384673975
100,3,3,15,10,100,"mixed",9.78824152584481
100,3,3,15,10,100,"mixed_population",7.8312498137176
100,3,3,30,0.01,1,"multinomial",2.65576061849961
100,3,3,30,0.01,1,"mixed",2.65538722344606
100,3,3,30,0.01,1,"mixed_population",2.65538839098255
100,3,3,30,0.01,2,"multinomial",2.69346411917703
100,3,3,30,0.01,2,"mixed",2.69091523913434
100,3,3,30,0.01,2,"mixed_population",2.69098523053427
100,3,3,30,0.01,3,"multinomial",2.53141636978192
100,3,3,30,0.01,3,"mixed",2.52769790860093
100,3,3,30,0.01,3,"mixed_population",2.52769790662019
100,3,3,30,0.01,4,"multinomial",2.52522964990958
100,3,3,30,0.01,4,"mixed",2.52129024030986
100,3,3,30,0.01,4,"mixed_population",2.52129028074697
100,3,3,30,0.01,5,"multinomial",3.02463571574635
100,3,3,30,0.01,5,"mixed",3.02203864642832
100,3,3,30,0.01,5,"mixed_population",3.0216226785652
100,3,3,30,0.01,6,"multinomial",2.68432212081119
100,3,3,30,0.01,6,"mixed",2.6827098722896
100,3,3,30,0.01,6,"mixed_population",2.68271063678898
100,3,3,30,0.01,7,"multinomial",2.76183491807683
100,3,3,30,0.01,7,"mixed",2.7578964803224
100,3,3,30,0.01,7,"mixed_population",2.75789507006727
100,3,3,30,0.01,8,"multinomial",2.73851668860063
100,3,3,30,0.01,8,"mixed",2.7375529379089
100,3,3,30,0.01,8,"mixed_population",2.73755270248427
100,3,3,30,0.01,9,"multinomial",2.59047296175043
100,3,3,30,0.01,9,"mixed",2.58334677580049
100,3,3,30,0.01,9,"mixed_population",2.58334666588706
100,3,3,30,0.01,10,"multinomial",2.84939571099012
100,3,3,30,0.01,10,"mixed",2.84795110095935
100,3,3,30,0.01,10,"mixed_population",2.84795101427175
100,3,3,30,0.01,11,"multinomial",2.59200396849475
100,3,3,30,0.01,11,"mixed",2.58731388416418
100,3,3,30,0.01,11,"mixed_population",2.58731434048776
100,3,3,30,0.01,12,"multinomial",2.6840892979136
100,3,3,30,0.01,12,"mixed",2.68336480748854
100,3,3,30,0.01,12,"mixed_population",2.68336242285797
100,3,3,30,0.01,13,"multinomial",2.39927821058128
100,3,3,30,0.01,13,"mixed",2.39628584485955
100,3,3,30,0.01,13,"mixed_population",2.39628523052574
100,3,3,30,0.01,14,"multinomial",2.52399397104489
100,3,3,30,0.01,14,"mixed",2.51850417879707
100,3,3,30,0.01,14,"mixed_population",2.51850384006877
100,3,3,30,0.01,15,"multinomial",2.70467648951036
100,3,3,30,0.01,15,"mixed",2.70428061500022
100,3,3,30,0.01,15,"mixed_population",2.70427696055833
100,3,3,30,0.01,16,"multinomial",2.51374911151413
100,3,3,30,0.01,16,"mixed",2.51503387919714
100,3,3,30,0.01,16,"mixed_population",2.51503787530215
100,3,3,30,0.01,17,"multinomial",2.66915369443527
100,3,3,30,0.01,17,"mixed",2.66992110472839
100,3,3,30,0.01,17,"mixed_population",2.66992123289621
100,3,3,30,0.01,18,"multinomial",2.46954052716132
100,3,3,30,0.01,18,"mixed",2.46952690183742
100,3,3,30,0.01,18,"mixed_population",2.46953133958563
100,3,3,30,0.01,19,"multinomial",2.74644870237024
100,3,3,30,0.01,19,"mixed",2.74292158496688
100,3,3,30,0.01,19,"mixed_population",2.74292136053343
100,3,3,30,0.01,20,"multinomial",2.71806802389184
100,3,3,30,0.01,20,"mixed",2.71118581961669
100,3,3,30,0.01,20,"mixed_population",2.71118583072872
100,3,3,30,0.01,21,"multinomial",2.19424701992099
100,3,3,30,0.01,21,"mixed",2.19052758057376
100,3,3,30,0.01,21,"mixed_population",2.19052572969995
100,3,3,30,0.01,22,"multinomial",2.62512223583991
100,3,3,30,0.01,22,"mixed",2.62395823920017
100,3,3,30,0.01,22,"mixed_population",2.62283774691628
100,3,3,30,0.01,23,"multinomial",2.67519648913135
100,3,3,30,0.01,23,"mixed",2.67079611182611
100,3,3,30,0.01,23,"mixed_population",2.67079613532288
100,3,3,30,0.01,24,"multinomial",2.11110899153567
100,3,3,30,0.01,24,"mixed",2.11128310527984
100,3,3,30,0.01,24,"mixed_population",2.11128322090012
100,3,3,30,0.01,25,"multinomial",2.66654691199023
100,3,3,30,0.01,25,"mixed",2.66416891994766
100,3,3,30,0.01,25,"mixed_population",2.66416831639994
100,3,3,30,0.01,26,"multinomial",2.6739185918008
100,3,3,30,0.01,26,"mixed",2.67478994797555
100,3,3,30,0.01,26,"mixed_population",2.67479086834717
100,3,3,30,0.01,27,"multinomial",2.57657323187364
100,3,3,30,0.01,27,"mixed",2.57289678393456
100,3,3,30,0.01,27,"mixed_population",2.57289687284816
100,3,3,30,0.01,28,"multinomial",2.45751698741298
100,3,3,30,0.01,28,"mixed",2.45606939069384
100,3,3,30,0.01,28,"mixed_population",2.45606942922923
100,3,3,30,0.01,29,"multinomial",2.50095138923382
100,3,3,30,0.01,29,"mixed",2.49935316148575
100,3,3,30,0.01,29,"mixed_population",2.49935315394541
100,3,3,30,0.01,30,"multinomial",2.34950095195351
100,3,3,30,0.01,30,"mixed",2.34544176318744
100,3,3,30,0.01,30,"mixed_population",2.34544176332038
100,3,3,30,0.01,31,"multinomial",2.50428781160525
100,3,3,30,0.01,31,"mixed",2.49982656072041
100,3,3,30,0.01,31,"mixed_population",2.49982638499419
100,3,3,30,0.01,32,"multinomial",2.31060055863023
100,3,3,30,0.01,32,"mixed",2.3132030759815
100,3,3,30,0.01,32,"mixed_population",2.31291863206222
100,3,3,30,0.01,33,"multinomial",2.66003781856625
100,3,3,30,0.01,33,"mixed",2.65623060463262
100,3,3,30,0.01,33,"mixed_population",2.65623114568948
100,3,3,30,0.01,34,"multinomial",2.55268241845576
100,3,3,30,0.01,34,"mixed",2.55549772421276
100,3,3,30,0.01,34,"mixed_population",2.55549772372993
100,3,3,30,0.01,35,"multinomial",2.76068150924985
100,3,3,30,0.01,35,"mixed",2.76076181058056
100,3,3,30,0.01,35,"mixed_population",2.76076180914201
100,3,3,30,0.01,36,"multinomial",2.74297092707578
100,3,3,30,0.01,36,"mixed",2.74038517133938
100,3,3,30,0.01,36,"mixed_population",2.74038507864758
100,3,3,30,0.01,37,"multinomial",2.6551530264906
100,3,3,30,0.01,37,"mixed",2.65154840612994
100,3,3,30,0.01,37,"mixed_population",2.65154834179885
100,3,3,30,0.01,38,"multinomial",2.332514317773
100,3,3,30,0.01,38,"mixed",2.32901860094352
100,3,3,30,0.01,38,"mixed_population",2.32901844260132
100,3,3,30,0.01,39,"multinomial",2.69607389599201
100,3,3,30,0.01,39,"mixed",2.69188010178011
100,3,3,30,0.01,39,"mixed_population",2.69188114228995
100,3,3,30,0.01,40,"multinomial",2.66260764576014
100,3,3,30,0.01,40,"mixed",2.65732754614321
100,3,3,30,0.01,40,"mixed_population",2.65732673922599
100,3,3,30,0.01,41,"multinomial",2.78731157592567
100,3,3,30,0.01,41,"mixed",2.78619949820396
100,3,3,30,0.01,41,"mixed_population",2.78619950902453
100,3,3,30,0.01,42,"multinomial",2.38569005969923
100,3,3,30,0.01,42,"mixed",2.38514308547313
100,3,3,30,0.01,42,"mixed_population",2.38514297722656
100,3,3,30,0.01,43,"multinomial",2.74685276891669
100,3,3,30,0.01,43,"mixed",2.73899473027956
100,3,3,30,0.01,43,"mixed_population",2.73899472814522
100,3,3,30,0.01,44,"multinomial",2.51499183179964
100,3,3,30,0.01,44,"mixed",2.51329003727414
100,3,3,30,0.01,44,"mixed_population",2.51310917870579
100,3,3,30,0.01,45,"multinomial",2.80086097823206
100,3,3,30,0.01,45,"mixed",2.79655671444976
100,3,3,30,0.01,45,"mixed_population",2.79655656799901
100,3,3,30,0.01,46,"multinomial",2.71056142354191
100,3,3,30,0.01,46,"mixed",2.70983412551454
100,3,3,30,0.01,46,"mixed_population",2.70983272326531
100,3,3,30,0.01,47,"multinomial",2.57270463832667
100,3,3,30,0.01,47,"mixed",2.57046577021515
100,3,3,30,0.01,47,"mixed_population",2.57046578155362
100,3,3,30,0.01,48,"multinomial",2.38328477046547
100,3,3,30,0.01,48,"mixed",2.38596560712361
100,3,3,30,0.01,48,"mixed_population",2.38625063246019
100,3,3,30,0.01,49,"multinomial",2.1872152886632
100,3,3,30,0.01,49,"mixed",2.18603719547206
100,3,3,30,0.01,49,"mixed_population",2.18603719641033
100,3,3,30,0.01,50,"multinomial",2.42633574247722
100,3,3,30,0.01,50,"mixed",2.42459618047236
100,3,3,30,0.01,50,"mixed_population",2.42459997424869
100,3,3,30,0.01,51,"multinomial",2.63723990067214
100,3,3,30,0.01,51,"mixed",2.63500397904882
100,3,3,30,0.01,51,"mixed_population",2.63500397008945
100,3,3,30,0.01,52,"multinomial",2.56740054294716
100,3,3,30,0.01,52,"mixed",2.56441501922344
100,3,3,30,0.01,52,"mixed_population",2.56441494351012
100,3,3,30,0.01,53,"multinomial",2.26806625242426
100,3,3,30,0.01,53,"mixed",2.26541212309662
100,3,3,30,0.01,53,"mixed_population",2.26541252907294
100,3,3,30,0.01,54,"multinomial",2.51421687614088
100,3,3,30,0.01,54,"mixed",2.51231526741078
100,3,3,30,0.01,54,"mixed_population",2.51231564629558
100,3,3,30,0.01,55,"multinomial",2.16522135263235
100,3,3,30,0.01,55,"mixed",2.16244255376576
100,3,3,30,0.01,55,"mixed_population",2.1624425553312
100,3,3,30,0.01,56,"multinomial",2.43753931957119
100,3,3,30,0.01,56,"mixed",2.43320872293647
100,3,3,30,0.01,56,"mixed_population",2.43320937944765
100,3,3,30,0.01,57,"multinomial",2.81833812962095
100,3,3,30,0.01,57,"mixed",2.81463828152889
100,3,3,30,0.01,57,"mixed_population",2.81321715707207
100,3,3,30,0.01,58,"multinomial",2.86759382569961
100,3,3,30,0.01,58,"mixed",2.86690489683691
100,3,3,30,0.01,58,"mixed_population",2.86690489621964
100,3,3,30,0.01,59,"multinomial",2.12090684376025
100,3,3,30,0.01,59,"mixed",2.12040790077864
100,3,3,30,0.01,59,"mixed_population",2.12042607305093
100,3,3,30,0.01,60,"multinomial",2.55273454000068
100,3,3,30,0.01,60,"mixed",2.54730806051136
100,3,3,30,0.01,60,"mixed_population",2.54730805861488
100,3,3,30,0.01,61,"multinomial",2.78197486863372
100,3,3,30,0.01,61,"mixed",2.77921818969608
100,3,3,30,0.01,61,"mixed_population",2.7792195560002
100,3,3,30,0.01,62,"multinomial",2.68110402774735
100,3,3,30,0.01,62,"mixed",2.67565662288826
100,3,3,30,0.01,62,"mixed_population",2.67565662120021
100,3,3,30,0.01,63,"multinomial",2.39445442899298
100,3,3,30,0.01,63,"mixed",2.39430461178964
100,3,3,30,0.01,63,"mixed_population",2.39430460890354
100,3,3,30,0.01,64,"multinomial",2.60741140579769
100,3,3,30,0.01,64,"mixed",2.60604152221924
100,3,3,30,0.01,64,"mixed_population",2.60604141559398
100,3,3,30,0.01,65,"multinomial",2.58235457638872
100,3,3,30,0.01,65,"mixed",2.57918547025214
100,3,3,30,0.01,65,"mixed_population",2.57918668790828
100,3,3,30,0.01,66,"multinomial",2.6326319960438
100,3,3,30,0.01,66,"mixed",2.6320986754181
100,3,3,30,0.01,66,"mixed_population",2.63209868736483
100,3,3,30,0.01,67,"multinomial",2.58707801260792
100,3,3,30,0.01,67,"mixed",2.58487651444459
100,3,3,30,0.01,67,"mixed_population",2.58487683888437
100,3,3,30,0.01,68,"multinomial",2.35718618564824
100,3,3,30,0.01,68,"mixed",2.35755699425241
100,3,3,30,0.01,68,"mixed_population",2.35754617201222
100,3,3,30,0.01,69,"multinomial",2.93822420082115
100,3,3,30,0.01,69,"mixed",2.93467062313861
100,3,3,30,0.01,69,"mixed_population",2.93467031687346
100,3,3,30,0.01,70,"multinomial",2.93644187714457
100,3,3,30,0.01,70,"mixed",2.93454226204968
100,3,3,30,0.01,70,"mixed_population",2.93454226210851
100,3,3,30,0.01,71,"multinomial",2.51595874410416
100,3,3,30,0.01,71,"mixed",2.51277283635549
100,3,3,30,0.01,71,"mixed_population",2.51277464597615
100,3,3,30,0.01,72,"multinomial",2.57888149169913
100,3,3,30,0.01,72,"mixed",2.57631257641711
100,3,3,30,0.01,72,"mixed_population",2.57631257607423
100,3,3,30,0.01,73,"multinomial",2.27845782697964
100,3,3,30,0.01,73,"mixed",2.27682979196346
100,3,3,30,0.01,73,"mixed_population",2.27682979260652
100,3,3,30,0.01,74,"multinomial",2.25641456189509
100,3,3,30,0.01,74,"mixed",2.25737081127634
100,3,3,30,0.01,74,"mixed_population",2.25737084205658
100,3,3,30,0.01,75,"multinomial",2.55781602462116
100,3,3,30,0.01,75,"mixed",2.55465512923647
100,3,3,30,0.01,75,"mixed_population",2.5546551712692
100,3,3,30,0.01,76,"multinomial",2.42598666837668
100,3,3,30,0.01,76,"mixed",2.42511761796665
100,3,3,30,0.01,76,"mixed_population",2.4251163891184
100,3,3,30,0.01,77,"multinomial",2.45234385534258
100,3,3,30,0.01,77,"mixed",2.44769572219262
100,3,3,30,0.01,77,"mixed_population",2.44771820244329
100,3,3,30,0.01,78,"multinomial",2.67776797735571
100,3,3,30,0.01,78,"mixed",2.67741884094536
100,3,3,30,0.01,78,"mixed_population",2.67741302775841
100,3,3,30,0.01,79,"multinomial",2.91408922506044
100,3,3,30,0.01,79,"mixed",2.91416295877537
100,3,3,30,0.01,79,"mixed_population",2.91416269177441
100,3,3,30,0.01,80,"multinomial",2.83756157202255
100,3,3,30,0.01,80,"mixed",2.83712832427637
100,3,3,30,0.01,80,"mixed_population",2.8371283293782
100,3,3,30,0.01,81,"multinomial",2.39270773691664
100,3,3,30,0.01,81,"mixed",2.39059008667974
100,3,3,30,0.01,81,"mixed_population",2.39058990469379
100,3,3,30,0.01,82,"multinomial",2.59065598979761
100,3,3,30,0.01,82,"mixed",2.58701444984482
100,3,3,30,0.01,82,"mixed_population",2.58701293483697
100,3,3,30,0.01,83,"multinomial",2.5750275841893
100,3,3,30,0.01,83,"mixed",2.56897469020279
100,3,3,30,0.01,83,"mixed_population",2.56897494398843
100,3,3,30,0.01,84,"multinomial",2.52607945999254
100,3,3,30,0.01,84,"mixed",2.52488153797391
100,3,3,30,0.01,84,"mixed_population",2.52488146317241
100,3,3,30,0.01,85,"multinomial",2.72877504606889
100,3,3,30,0.01,85,"mixed",2.73010514899714
100,3,3,30,0.01,85,"mixed_population",2.730105146943
100,3,3,30,0.01,86,"multinomial",2.40272405069488
100,3,3,30,0.01,86,"mixed",2.40234394255308
100,3,3,30,0.01,86,"mixed_population",2.40222033195346
100,3,3,30,0.01,87,"multinomial",2.59024208827904
100,3,3,30,0.01,87,"mixed",2.58720606984258
100,3,3,30,0.01,87,"mixed_population",2.58720606991684
100,3,3,30,0.01,88,"multinomial",2.36966100106872
100,3,3,30,0.01,88,"mixed",2.36601209814229
100,3,3,30,0.01,88,"mixed_population",2.36601231569315
100,3,3,30,0.01,89,"multinomial",2.93541078068273
100,3,3,30,0.01,89,"mixed",2.93098247745379
100,3,3,30,0.01,89,"mixed_population",2.93098247071088
100,3,3,30,0.01,90,"multinomial",2.58341716018436
100,3,3,30,0.01,90,"mixed",2.57836977832184
100,3,3,30,0.01,90,"mixed_population",2.5783737611264
100,3,3,30,0.01,91,"multinomial",2.68761025420805
100,3,3,30,0.01,91,"mixed",2.6841620064455
100,3,3,30,0.01,91,"mixed_population",2.68416213752611
100,3,3,30,0.01,92,"multinomial",2.49393419581619
100,3,3,30,0.01,92,"mixed",2.49161469085637
100,3,3,30,0.01,92,"mixed_population",2.49159711727314
100,3,3,30,0.01,93,"multinomial",2.4966305527041
100,3,3,30,0.01,93,"mixed",2.49729774292735
100,3,3,30,0.01,93,"mixed_population",2.49729795200665
100,3,3,30,0.01,94,"multinomial",2.58283223066965
100,3,3,30,0.01,94,"mixed",2.58001591320101
100,3,3,30,0.01,94,"mixed_population",2.58001589383074
100,3,3,30,0.01,95,"multinomial",2.64086316776084
100,3,3,30,0.01,95,"mixed",2.63796078010542
100,3,3,30,0.01,95,"mixed_population",2.63795177460327
100,3,3,30,0.01,96,"multinomial",2.72510144422852
100,3,3,30,0.01,96,"mixed",2.72595711940993
100,3,3,30,0.01,96,"mixed_population",2.72483385314973
100,3,3,30,0.01,97,"multinomial",2.43927790307477
100,3,3,30,0.01,97,"mixed",2.43813919163174
100,3,3,30,0.01,97,"mixed_population",2.43813995571485
100,3,3,30,0.01,98,"multinomial",2.51297571846481
100,3,3,30,0.01,98,"mixed",2.5135517235253
100,3,3,30,0.01,98,"mixed_population",2.51303163296207
100,3,3,30,0.01,99,"multinomial",2.68870964836518
100,3,3,30,0.01,99,"mixed",2.68372416930755
100,3,3,30,0.01,99,"mixed_population",2.68372416990412
100,3,3,30,0.01,100,"multinomial",2.59416503083867
100,3,3,30,0.01,100,"mixed",2.58500584416544
100,3,3,30,0.01,100,"mixed_population",2.58370409254829
100,3,3,30,0.1,1,"multinomial",2.79611146329886
100,3,3,30,0.1,1,"mixed",2.79060451580453
100,3,3,30,0.1,1,"mixed_population",2.79060451360421
100,3,3,30,0.1,2,"multinomial",2.48223539169282
100,3,3,30,0.1,2,"mixed",2.4795246428816
100,3,3,30,0.1,2,"mixed_population",2.47908942616114
100,3,3,30,0.1,3,"multinomial",2.43946416816845
100,3,3,30,0.1,3,"mixed",2.4401094557368
100,3,3,30,0.1,3,"mixed_population",2.44010946508707
100,3,3,30,0.1,4,"multinomial",2.5692456247201
100,3,3,30,0.1,4,"mixed",2.56861512705935
100,3,3,30,0.1,4,"mixed_population",2.56861512710358
100,3,3,30,0.1,5,"multinomial",2.3383091510627
100,3,3,30,0.1,5,"mixed",2.33759581063101
100,3,3,30,0.1,5,"mixed_population",2.33759618869694
100,3,3,30,0.1,6,"multinomial",2.83119310176052
100,3,3,30,0.1,6,"mixed",2.82614099444579
100,3,3,30,0.1,6,"mixed_population",2.82614097288026
100,3,3,30,0.1,7,"multinomial",2.96816217703693
100,3,3,30,0.1,7,"mixed",2.95949065851648
100,3,3,30,0.1,7,"mixed_population",2.95946852692251
100,3,3,30,0.1,8,"multinomial",2.66023264761704
100,3,3,30,0.1,8,"mixed",2.65879453344035
100,3,3,30,0.1,8,"mixed_population",2.65843025984583
100,3,3,30,0.1,9,"multinomial",2.56743598043138
100,3,3,30,0.1,9,"mixed",2.56074995089337
100,3,3,30,0.1,9,"mixed_population",2.56074972193738
100,3,3,30,0.1,10,"multinomial",2.59116014342348
100,3,3,30,0.1,10,"mixed",2.59073479238575
100,3,3,30,0.1,10,"mixed_population",2.59073560605641
100,3,3,30,0.1,11,"multinomial",2.60259746766184
100,3,3,30,0.1,11,"mixed",2.59779792153558
100,3,3,30,0.1,11,"mixed_population",2.59779687698426
100,3,3,30,0.1,12,"multinomial",2.4763559404839
100,3,3,30,0.1,12,"mixed",2.47516064135157
100,3,3,30,0.1,12,"mixed_population",2.47516046308814
100,3,3,30,0.1,13,"multinomial",2.72228713770768
100,3,3,30,0.1,13,"mixed",2.71471216480959
100,3,3,30,0.1,13,"mixed_population",2.71471214991277
100,3,3,30,0.1,14,"multinomial",2.51498713386548
100,3,3,30,0.1,14,"mixed",2.50763740025941
100,3,3,30,0.1,14,"mixed_population",2.50763739857833
100,3,3,30,0.1,15,"multinomial",2.49081732333441
100,3,3,30,0.1,15,"mixed",2.48960349774968
100,3,3,30,0.1,15,"mixed_population",2.48960350906371
100,3,3,30,0.1,16,"multinomial",2.6195377094407
100,3,3,30,0.1,16,"mixed",2.61901249431031
100,3,3,30,0.1,16,"mixed_population",2.61901246215929
100,3,3,30,0.1,17,"multinomial",2.48139792139842
100,3,3,30,0.1,17,"mixed",2.48300663220355
100,3,3,30,0.1,17,"mixed_population",2.48300630423297
100,3,3,30,0.1,18,"multinomial",2.359323092144
100,3,3,30,0.1,18,"mixed",2.35560712176633
100,3,3,30,0.1,18,"mixed_population",2.35560711224101
100,3,3,30,0.1,19,"multinomial",2.7931461365208
100,3,3,30,0.1,19,"mixed",2.79071328907187
100,3,3,30,0.1,19,"mixed_population",2.7907110681281
100,3,3,30,0.1,20,"multinomial",2.69046406733818
100,3,3,30,0.1,20,"mixed",2.69061940200558
100,3,3,30,0.1,20,"mixed_population",2.69061980486962
100,3,3,30,0.1,21,"multinomial",2.3926273974277
100,3,3,30,0.1,21,"mixed",2.39054364954596
100,3,3,30,0.1,21,"mixed_population",2.39054365084441
100,3,3,30,0.1,22,"multinomial",2.59620366831224
100,3,3,30,0.1,22,"mixed",2.59792517601114
100,3,3,30,0.1,22,"mixed_population",2.59792318919584
100,3,3,30,0.1,23,"multinomial",2.5801181971817
100,3,3,30,0.1,23,"mixed",2.57622982040896
100,3,3,30,0.1,23,"mixed_population",2.57622824667419
100,3,3,30,0.1,24,"multinomial",2.90356573803454
100,3,3,30,0.1,24,"mixed",2.9005512350963
100,3,3,30,0.1,24,"mixed_population",2.89991249887171
100,3,3,30,0.1,25,"multinomial",2.86666005876977
100,3,3,30,0.1,25,"mixed",2.86604970720591
100,3,3,30,0.1,25,"mixed_population",2.86606368702983
100,3,3,30,0.1,26,"multinomial",2.77174915551352
100,3,3,30,0.1,26,"mixed",2.77054054470128
100,3,3,30,0.1,26,"mixed_population",2.76996803294794
100,3,3,30,0.1,27,"multinomial",2.7976565606979
100,3,3,30,0.1,27,"mixed",2.79827350988522
100,3,3,30,0.1,27,"mixed_population",2.79827340131695
100,3,3,30,0.1,28,"multinomial",2.44717294865028
100,3,3,30,0.1,28,"mixed",2.44029420031101
100,3,3,30,0.1,28,"mixed_population",2.44029389000343
100,3,3,30,0.1,29,"multinomial",2.61303853106144
100,3,3,30,0.1,29,"mixed",2.61190149034971
100,3,3,30,0.1,29,"mixed_population",2.61190148255408
100,3,3,30,0.1,30,"multinomial",2.22203196139358
100,3,3,30,0.1,30,"mixed",2.22229415347431
100,3,3,30,0.1,30,"mixed_population",2.22229406447053
100,3,3,30,0.1,31,"multinomial",2.39699612114759
100,3,3,30,0.1,31,"mixed",2.39291010258153
100,3,3,30,0.1,31,"mixed_population",2.39301921842417
100,3,3,30,0.1,32,"multinomial",2.36149601791643
100,3,3,30,0.1,32,"mixed",2.35807184581217
100,3,3,30,0.1,32,"mixed_population",2.35807179070924
100,3,3,30,0.1,33,"multinomial",2.71910324528944
100,3,3,30,0.1,33,"mixed",2.7149698601445
100,3,3,30,0.1,33,"mixed_population",2.71500054286089
100,3,3,30,0.1,34,"multinomial",3.04006394563411
100,3,3,30,0.1,34,"mixed",3.03752677874902
100,3,3,30,0.1,34,"mixed_population",3.03752749099241
100,3,3,30,0.1,35,"multinomial",2.81672181694837
100,3,3,30,0.1,35,"mixed",2.81565748701567
100,3,3,30,0.1,35,"mixed_population",2.81565967203942
100,3,3,30,0.1,36,"multinomial",2.70915299915748
100,3,3,30,0.1,36,"mixed",2.70744131138706
100,3,3,30,0.1,36,"mixed_population",2.70743813271556
100,3,3,30,0.1,37,"multinomial",2.47259758072953
100,3,3,30,0.1,37,"mixed",2.47243763508598
100,3,3,30,0.1,37,"mixed_population",2.47243775720169
100,3,3,30,0.1,38,"multinomial",2.57519133381809
100,3,3,30,0.1,38,"mixed",2.57531647143519
100,3,3,30,0.1,38,"mixed_population",2.57531620236033
100,3,3,30,0.1,39,"multinomial",2.7796003794121
100,3,3,30,0.1,39,"mixed",2.77529559641117
100,3,3,30,0.1,39,"mixed_population",2.77529714930947
100,3,3,30,0.1,40,"multinomial",2.46982055757887
100,3,3,30,0.1,40,"mixed",2.46979596694919
100,3,3,30,0.1,40,"mixed_population",2.46979136323572
100,3,3,30,0.1,41,"multinomial",2.70918523731356
100,3,3,30,0.1,41,"mixed",2.7104818677908
100,3,3,30,0.1,41,"mixed_population",2.71011871810075
100,3,3,30,0.1,42,"multinomial",2.55706827620375
100,3,3,30,0.1,42,"mixed",2.55028012063546
100,3,3,30,0.1,42,"mixed_population",2.55030133802394
100,3,3,30,0.1,43,"multinomial",2.60786530398218
100,3,3,30,0.1,43,"mixed",2.6076459427309
100,3,3,30,0.1,43,"mixed_population",2.60764708936561
100,3,3,30,0.1,44,"multinomial",2.79790326065327
100,3,3,30,0.1,44,"mixed",2.79632534861743
100,3,3,30,0.1,44,"mixed_population",2.79632520909364
100,3,3,30,0.1,45,"multinomial",2.83287628467784
100,3,3,30,0.1,45,"mixed",2.83265782291111
100,3,3,30,0.1,45,"mixed_population",2.83265782761221
100,3,3,30,0.1,46,"multinomial",2.27494110296219
100,3,3,30,0.1,46,"mixed",2.27387933493655
100,3,3,30,0.1,46,"mixed_population",2.27387940687402
100,3,3,30,0.1,47,"multinomial",2.37299949784945
100,3,3,30,0.1,47,"mixed",2.37080758992525
100,3,3,30,0.1,47,"mixed_population",2.37080807013315
100,3,3,30,0.1,48,"multinomial",2.65392509175283
100,3,3,30,0.1,48,"mixed",2.65064455720722
100,3,3,30,0.1,48,"mixed_population",2.65064446385134
100,3,3,30,0.1,49,"multinomial",2.43048462945482
100,3,3,30,0.1,49,"mixed",2.43006713329681
100,3,3,30,0.1,49,"mixed_population",2.43006710940926
100,3,3,30,0.1,50,"multinomial",2.65066821904445
100,3,3,30,0.1,50,"mixed",2.64956310373278
100,3,3,30,0.1,50,"mixed_population",2.64879623135451
100,3,3,30,0.1,51,"multinomial",2.79292198316177
100,3,3,30,0.1,51,"mixed",2.79315222315438
100,3,3,30,0.1,51,"mixed_population",2.79315291796131
100,3,3,30,0.1,52,"multinomial",2.70343482770349
100,3,3,30,0.1,52,"mixed",2.70631184102992
100,3,3,30,0.1,52,"mixed_population",2.70631217958289
100,3,3,30,0.1,53,"multinomial",2.6418043301061
100,3,3,30,0.1,53,"mixed",2.6312965119453
100,3,3,30,0.1,53,"mixed_population",2.63129649371282
100,3,3,30,0.1,54,"multinomial",2.62138332219373
100,3,3,30,0.1,54,"mixed",2.61867270172504
100,3,3,30,0.1,54,"mixed_population",2.61639799558222
100,3,3,30,0.1,55,"multinomial",2.56353840633288
100,3,3,30,0.1,55,"mixed",2.56347121382904
100,3,3,30,0.1,55,"mixed_population",2.56347550015643
100,3,3,30,0.1,56,"multinomial",2.78495096612144
100,3,3,30,0.1,56,"mixed",2.78195902925084
100,3,3,30,0.1,56,"mixed_population",2.78139631683122
100,3,3,30,0.1,57,"multinomial",2.75785516405812
100,3,3,30,0.1,57,"mixed",2.75915819680673
100,3,3,30,0.1,57,"mixed_population",2.75759920387926
100,3,3,30,0.1,58,"multinomial",2.38220533673317
100,3,3,30,0.1,58,"mixed",2.38152628964156
100,3,3,30,0.1,58,"mixed_population",2.38152814696202
100,3,3,30,0.1,59,"multinomial",2.73725038756727
100,3,3,30,0.1,59,"mixed",2.73653561028296
100,3,3,30,0.1,59,"mixed_population",2.73653510422267
100,3,3,30,0.1,60,"multinomial",2.86948331625174
100,3,3,30,0.1,60,"mixed",2.86789529869994
100,3,3,30,0.1,60,"mixed_population",2.86789531985559
100,3,3,30,0.1,61,"multinomial",2.50432777632183
100,3,3,30,0.1,61,"mixed",2.50482030902642
100,3,3,30,0.1,61,"mixed_population",2.50482037221649
100,3,3,30,0.1,62,"multinomial",2.54888830716791
100,3,3,30,0.1,62,"mixed",2.54719023803089
100,3,3,30,0.1,62,"mixed_population",2.54719030668886
100,3,3,30,0.1,63,"multinomial",2.46800107482909
100,3,3,30,0.1,63,"mixed",2.4647233292131
100,3,3,30,0.1,63,"mixed_population",2.46472397369456
100,3,3,30,0.1,64,"multinomial",2.47294177485499
100,3,3,30,0.1,64,"mixed",2.47120457093496
100,3,3,30,0.1,64,"mixed_population",2.47120457093669
100,3,3,30,0.1,65,"multinomial",2.60633517939596
100,3,3,30,0.1,65,"mixed",2.60382722958291
100,3,3,30,0.1,65,"mixed_population",2.60382271777845
100,3,3,30,0.1,66,"multinomial",2.39744213733398
100,3,3,30,0.1,66,"mixed",2.39816412923332
100,3,3,30,0.1,66,"mixed_population",2.39816412667663
100,3,3,30,0.1,67,"multinomial",2.3936755337807
100,3,3,30,0.1,67,"mixed",2.38736502611553
100,3,3,30,0.1,67,"mixed_population",2.38736976742847
100,3,3,30,0.1,68,"multinomial",2.84894083572838
100,3,3,30,0.1,68,"mixed",2.84430255926494
100,3,3,30,0.1,68,"mixed_population",2.84430255732308
100,3,3,30,0.1,69,"multinomial",2.60491082984819
100,3,3,30,0.1,69,"mixed",2.60373245032389
100,3,3,30,0.1,69,"mixed_population",2.60373101347293
100,3,3,30,0.1,70,"multinomial",2.31839151169869
100,3,3,30,0.1,70,"mixed",2.31889288262865
100,3,3,30,0.1,70,"mixed_population",2.31889288875598
100,3,3,30,0.1,71,"multinomial",2.36768809465088
100,3,3,30,0.1,71,"mixed",2.36931004052358
100,3,3,30,0.1,71,"mixed_population",2.36930994488453
100,3,3,30,0.1,72,"multinomial",2.54421963530813
100,3,3,30,0.1,72,"mixed",2.54647313024378
100,3,3,30,0.1,72,"mixed_population",2.54647315147952
100,3,3,30,0.1,73,"multinomial",2.37098324972713
100,3,3,30,0.1,73,"mixed",2.36992389737823
100,3,3,30,0.1,73,"mixed_population",2.36992391871265
100,3,3,30,0.1,74,"multinomial",2.46623638513658
100,3,3,30,0.1,74,"mixed",2.4660260153931
100,3,3,30,0.1,74,"mixed_population",2.46602601342544
100,3,3,30,0.1,75,"multinomial",2.86702470111084
100,3,3,30,0.1,75,"mixed",2.8603528419196
100,3,3,30,0.1,75,"mixed_population",2.86035265269484
100,3,3,30,0.1,76,"multinomial",2.7344652774361
100,3,3,30,0.1,76,"mixed",2.73139002722187
100,3,3,30,0.1,76,"mixed_population",2.73138997959364
100,3,3,30,0.1,77,"multinomial",2.82954428208201
100,3,3,30,0.1,77,"mixed",2.82085943789775
100,3,3,30,0.1,77,"mixed_population",2.82085989320702
100,3,3,30,0.1,78,"multinomial",2.64470985280878
100,3,3,30,0.1,78,"mixed",2.64333235248898
100,3,3,30,0.1,78,"mixed_population",2.64333398743593
100,3,3,30,0.1,79,"multinomial",2.48828322779373
100,3,3,30,0.1,79,"mixed",2.48787592354529
100,3,3,30,0.1,79,"mixed_population",2.48787592961491
100,3,3,30,0.1,80,"multinomial",2.59704895923586
100,3,3,30,0.1,80,"mixed",2.58502968995497
100,3,3,30,0.1,80,"mixed_population",2.58502969066157
100,3,3,30,0.1,81,"multinomial",2.56933027940775
100,3,3,30,0.1,81,"mixed",2.56548393416094
100,3,3,30,0.1,81,"mixed_population",2.56548367821389
100,3,3,30,0.1,82,"multinomial",2.6892962666108
100,3,3,30,0.1,82,"mixed",2.68980037262606
100,3,3,30,0.1,82,"mixed_population",2.68980037310052
100,3,3,30,0.1,83,"multinomial",2.48884334094156
100,3,3,30,0.1,83,"mixed",2.48548446652132
100,3,3,30,0.1,83,"mixed_population",2.48548446745186
100,3,3,30,0.1,84,"multinomial",2.77305703695591
100,3,3,30,0.1,84,"mixed",2.76803589977584
100,3,3,30,0.1,84,"mixed_population",2.76803586135161
100,3,3,30,0.1,85,"multinomial",2.47665056385224
100,3,3,30,0.1,85,"mixed",2.47646416094791
100,3,3,30,0.1,85,"mixed_population",2.47645735978178
100,3,3,30,0.1,86,"multinomial",2.43363197765091
100,3,3,30,0.1,86,"mixed",2.43190038689385
100,3,3,30,0.1,86,"mixed_population",2.43190003341206
100,3,3,30,0.1,87,"multinomial",2.68507580061655
100,3,3,30,0.1,87,"mixed",2.68002601453139
100,3,3,30,0.1,87,"mixed_population",2.68002583667674
100,3,3,30,0.1,88,"multinomial",2.78722300782286
100,3,3,30,0.1,88,"mixed",2.78627140925738
100,3,3,30,0.1,88,"mixed_population",2.78510210441521
100,3,3,30,0.1,89,"multinomial",2.98140685395916
100,3,3,30,0.1,89,"mixed",2.97572021556096
100,3,3,30,0.1,89,"mixed_population",2.97572021352465
100,3,3,30,0.1,90,"multinomial",2.72715212767391
100,3,3,30,0.1,90,"mixed",2.72523997037134
100,3,3,30,0.1,90,"mixed_population",2.72523380460467
100,3,3,30,0.1,91,"multinomial",2.29010105416772
100,3,3,30,0.1,91,"mixed",2.28763492135847
100,3,3,30,0.1,91,"mixed_population",2.28763493006775
100,3,3,30,0.1,92,"multinomial",2.38071797928825
100,3,3,30,0.1,92,"mixed",2.38174694650464
100,3,3,30,0.1,92,"mixed_population",2.38174237525152
100,3,3,30,0.1,93,"multinomial",2.70932040337921
100,3,3,30,0.1,93,"mixed",2.70896187932998
100,3,3,30,0.1,93,"mixed_population",2.70896237471045
100,3,3,30,0.1,94,"multinomial",2.48202455329858
100,3,3,30,0.1,94,"mixed",2.47953541665743
100,3,3,30,0.1,94,"mixed_population",2.47954065322486
100,3,3,30,0.1,95,"multinomial",2.51923809818221
100,3,3,30,0.1,95,"mixed",2.51813589226286
100,3,3,30,0.1,95,"mixed_population",2.51813513879705
100,3,3,30,0.1,96,"multinomial",2.37286218028146
100,3,3,30,0.1,96,"mixed",2.36646916887389
100,3,3,30,0.1,96,"mixed_population",2.36646901883057
100,3,3,30,0.1,97,"multinomial",2.39314102233194
100,3,3,30,0.1,97,"mixed",2.39117580010298
100,3,3,30,0.1,97,"mixed_population",2.39117856380567
100,3,3,30,0.1,98,"multinomial",2.52245767336889
100,3,3,30,0.1,98,"mixed",2.52020658763231
100,3,3,30,0.1,98,"mixed_population",2.52020683584174
100,3,3,30,0.1,99,"multinomial",2.80205492110554
100,3,3,30,0.1,99,"mixed",2.79835526476861
100,3,3,30,0.1,99,"mixed_population",2.79835318725863
100,3,3,30,0.1,100,"multinomial",2.68550516767954
100,3,3,30,0.1,100,"mixed",2.6835505918157
100,3,3,30,0.1,100,"mixed_population",2.68355014099246
100,3,3,30,1,1,"multinomial",4.6814149039485
100,3,3,30,1,1,"mixed",4.80882637168431
100,3,3,30,1,1,"mixed_population",4.73738741666903
100,3,3,30,1,2,"multinomial",4.17992853362608
100,3,3,30,1,2,"mixed",4.25216916585531
100,3,3,30,1,2,"mixed_population",4.21020262016541
100,3,3,30,1,3,"multinomial",4.15153134499182
100,3,3,30,1,3,"mixed",4.23000721841339
100,3,3,30,1,3,"mixed_population",4.17570120649761
100,3,3,30,1,4,"multinomial",4.41455400704269
100,3,3,30,1,4,"mixed",4.49844367288478
100,3,3,30,1,4,"mixed_population",4.46506339382508
100,3,3,30,1,5,"multinomial",4.52221807501628
100,3,3,30,1,5,"mixed",4.66131302165695
100,3,3,30,1,5,"mixed_population",4.5695531707513
100,3,3,30,1,6,"multinomial",4.06270706138798
100,3,3,30,1,6,"mixed",4.17957033111866
100,3,3,30,1,6,"mixed_population",4.13245637550028
100,3,3,30,1,7,"multinomial",4.98440575276257
100,3,3,30,1,7,"mixed",5.14924051323515
100,3,3,30,1,7,"mixed_population",5.07370692983278
100,3,3,30,1,8,"multinomial",4.67711659906817
100,3,3,30,1,8,"mixed",4.77698894278139
100,3,3,30,1,8,"mixed_population",4.69030677692518
100,3,3,30,1,9,"multinomial",4.3973582430744
100,3,3,30,1,9,"mixed",4.4902481090213
100,3,3,30,1,9,"mixed_population",4.46072398155591
100,3,3,30,1,10,"multinomial",3.87603758836745
100,3,3,30,1,10,"mixed",3.95124379868043
100,3,3,30,1,10,"mixed_population",3.91890766997259
100,3,3,30,1,11,"multinomial",4.37903876200198
100,3,3,30,1,11,"mixed",4.48378727655273
100,3,3,30,1,11,"mixed_population",4.41485277994828
100,3,3,30,1,12,"multinomial",4.57795818859553
100,3,3,30,1,12,"mixed",4.68224915295474
100,3,3,30,1,12,"mixed_population",4.61824421089016
100,3,3,30,1,13,"multinomial",4.61061861568709
100,3,3,30,1,13,"mixed",4.72770037093078
100,3,3,30,1,13,"mixed_population",4.63562105951714
100,3,3,30,1,14,"multinomial",4.92275150713962
100,3,3,30,1,14,"mixed",5.10428111265236
100,3,3,30,1,14,"mixed_population",5.02454212657129
100,3,3,30,1,15,"multinomial",4.26107445277972
100,3,3,30,1,15,"mixed",4.34512803337797
100,3,3,30,1,15,"mixed_population",4.29620638549433
100,3,3,30,1,16,"multinomial",4.16004437345897
100,3,3,30,1,16,"mixed",4.26299018350267
100,3,3,30,1,16,"mixed_population",4.21107123634614
100,3,3,30,1,17,"multinomial",4.71735146469761
100,3,3,30,1,17,"mixed",4.83715236157728
100,3,3,30,1,17,"mixed_population",4.78856444673361
100,3,3,30,1,18,"multinomial",4.74835299396495
100,3,3,30,1,18,"mixed",4.86696066302972
100,3,3,30,1,18,"mixed_population",4.7820725824348
100,3,3,30,1,19,"multinomial",4.37543633411984
100,3,3,30,1,19,"mixed",4.49605484427995
100,3,3,30,1,19,"mixed_population",4.41451989580952
100,3,3,30,1,20,"multinomial",4.26627026136736
100,3,3,30,1,20,"mixed",4.35065630584187
100,3,3,30,1,20,"mixed_population",4.28633447271035
100,3,3,30,1,21,"multinomial",4.4099053915101
100,3,3,30,1,21,"mixed",4.48863151740211
100,3,3,30,1,21,"mixed_population",4.44142113158689
100,3,3,30,1,22,"multinomial",4.28194526932631
100,3,3,30,1,22,"mixed",4.36026346760705
100,3,3,30,1,22,"mixed_population",4.31370951653449
100,3,3,30,1,23,"multinomial",4.13191163165515
100,3,3,30,1,23,"mixed",4.1791882898712
100,3,3,30,1,23,"mixed_population",4.15332620874637
100,3,3,30,1,24,"multinomial",3.80984678512382
100,3,3,30,1,24,"mixed",3.89250640909191
100,3,3,30,1,24,"mixed_population",3.87043172405497
100,3,3,30,1,25,"multinomial",4.38783986620502
100,3,3,30,1,25,"mixed",4.45520675438252
100,3,3,30,1,25,"mixed_population",4.41268861538012
100,3,3,30,1,26,"multinomial",4.69695570575508
100,3,3,30,1,26,"mixed",4.87286090540456
100,3,3,30,1,26,"mixed_population",4.78296767348744
100,3,3,30,1,27,"multinomial",3.84556134501445
100,3,3,30,1,27,"mixed",3.92893877032225
100,3,3,30,1,27,"mixed_population",3.88783133908141
100,3,3,30,1,28,"multinomial",4.80061168534782
100,3,3,30,1,28,"mixed",4.84241442219761
100,3,3,30,1,28,"mixed_population",4.80231323603595
100,3,3,30,1,29,"multinomial",4.38043149604608
100,3,3,30,1,29,"mixed",4.45140904155606
100,3,3,30,1,29,"mixed_population",4.40851291247371
100,3,3,30,1,30,"multinomial",4.16559970468778
100,3,3,30,1,30,"mixed",4.24285265073245
100,3,3,30,1,30,"mixed_population",4.20551493974778
100,3,3,30,1,31,"multinomial",4.46346308170047
100,3,3,30,1,31,"mixed",4.59967466449542
100,3,3,30,1,31,"mixed_population",4.52629332131663
100,3,3,30,1,32,"multinomial",4.63380769134043
100,3,3,30,1,32,"mixed",4.76255802863894
100,3,3,30,1,32,"mixed_population",4.70232419238046
100,3,3,30,1,33,"multinomial",4.42066754427822
100,3,3,30,1,33,"mixed",4.5029217686848
100,3,3,30,1,33,"mixed_population",4.43550378885878
100,3,3,30,1,34,"multinomial",4.13260038561802
100,3,3,30,1,34,"mixed",4.22754290392233
100,3,3,30,1,34,"mixed_population",4.17536485022873
100,3,3,30,1,35,"multinomial",4.3447550799328
100,3,3,30,1,35,"mixed",4.45051133929871
100,3,3,30,1,35,"mixed_population",4.40677965881394
100,3,3,30,1,36,"multinomial",4.3635220024909
100,3,3,30,1,36,"mixed",4.46062020450591
100,3,3,30,1,36,"mixed_population",4.42401783721525
100,3,3,30,1,37,"multinomial",4.12670947335957
100,3,3,30,1,37,"mixed",4.21028318535364
100,3,3,30,1,37,"mixed_population",4.17180143001258
100,3,3,30,1,38,"multinomial",4.43461548161856
100,3,3,30,1,38,"mixed",4.54250354390937
100,3,3,30,1,38,"mixed_population",4.47183215678216
100,3,3,30,1,39,"multinomial",4.16306719228921
100,3,3,30,1,39,"mixed",4.25279499052538
100,3,3,30,1,39,"mixed_population",4.22069757637257
100,3,3,30,1,40,"multinomial",4.19959893848698
100,3,3,30,1,40,"mixed",4.29195358907558
100,3,3,30,1,40,"mixed_population",4.25131610588454
100,3,3,30,1,41,"multinomial",4.15426361183196
100,3,3,30,1,41,"mixed",4.22313330135464
100,3,3,30,1,41,"mixed_population",4.1825342391922
100,3,3,30,1,42,"multinomial",4.22444044256845
100,3,3,30,1,42,"mixed",4.31172573717894
100,3,3,30,1,42,"mixed_population",4.25262500807151
100,3,3,30,1,43,"multinomial",4.37680833309225
100,3,3,30,1,43,"mixed",4.49830679342088
100,3,3,30,1,43,"mixed_population",4.45149471311832
100,3,3,30,1,44,"multinomial",4.58564403725586
100,3,3,30,1,44,"mixed",4.69644603555418
100,3,3,30,1,44,"mixed_population",4.62724860973863
100,3,3,30,1,45,"multinomial",5.07953418724543
100,3,3,30,1,45,"mixed",5.21313339843767
100,3,3,30,1,45,"mixed_population",5.17894484921136
100,3,3,30,1,46,"multinomial",4.63934716612061
100,3,3,30,1,46,"mixed",4.77008269558491
100,3,3,30,1,46,"mixed_population",4.67896053360941
100,3,3,30,1,47,"multinomial",5.02761444389463
100,3,3,30,1,47,"mixed",5.13840495719161
100,3,3,30,1,47,"mixed_population",5.07524001368529
100,3,3,30,1,48,"multinomial",4.53371773123371
100,3,3,30,1,48,"mixed",4.64210971507157
100,3,3,30,1,48,"mixed_population",4.57414233412618
100,3,3,30,1,49,"multinomial",4.69802023941832
100,3,3,30,1,49,"mixed",4.79032689725726
100,3,3,30,1,49,"mixed_population",4.73237336288891
100,3,3,30,1,50,"multinomial",4.27784047105402
100,3,3,30,1,50,"mixed",4.36287184268093
100,3,3,30,1,50,"mixed_population",4.31234289565936
100,3,3,30,1,51,"multinomial",4.73581216606947
100,3,3,30,1,51,"mixed",4.82009926262878
100,3,3,30,1,51,"mixed_population",4.76868001128558
100,3,3,30,1,52,"multinomial",4.78911429660693
100,3,3,30,1,52,"mixed",4.95430891451351
100,3,3,30,1,52,"mixed_population",4.85840887879897
100,3,3,30,1,53,"multinomial",4.50192588949331
100,3,3,30,1,53,"mixed",4.57132538876756
100,3,3,30,1,53,"mixed_population",4.53570580621316
100,3,3,30,1,54,"multinomial",4.68784594021354
100,3,3,30,1,54,"mixed",4.84828479744899
100,3,3,30,1,54,"mixed_population",4.75551622425247
100,3,3,30,1,55,"multinomial",4.30822263487991
100,3,3,30,1,55,"mixed",4.40494936211885
100,3,3,30,1,55,"mixed_population",4.35461198856103
100,3,3,30,1,56,"multinomial",4.58227216869364
100,3,3,30,1,56,"mixed",4.67756606183826
100,3,3,30,1,56,"mixed_population",4.61639018235442
100,3,3,30,1,57,"multinomial",4.66428411689629
100,3,3,30,1,57,"mixed",4.81721790240281
100,3,3,30,1,57,"mixed_population",4.74275114904253
100,3,3,30,1,58,"multinomial",4.54285585116244
100,3,3,30,1,58,"mixed",4.66087191625292
100,3,3,30,1,58,"mixed_population",4.59878443968783
100,3,3,30,1,59,"multinomial",4.66009249685929
100,3,3,30,1,59,"mixed",4.81157146235103
100,3,3,30,1,59,"mixed_population",4.74268383397705
100,3,3,30,1,60,"multinomial",4.55967041214154
100,3,3,30,1,60,"mixed",4.68904166363138
100,3,3,30,1,60,"mixed_population",4.59985091437856
100,3,3,30,1,61,"multinomial",4.71228731314304
100,3,3,30,1,61,"mixed",4.85408724491026
100,3,3,30,1,61,"mixed_population",4.75978321671324
100,3,3,30,1,62,"multinomial",3.61628566877666
100,3,3,30,1,62,"mixed",3.69192626446539
100,3,3,30,1,62,"mixed_population",3.65484532735017
100,3,3,30,1,63,"multinomial",4.65619087363404
100,3,3,30,1,63,"mixed",4.74690572612824
100,3,3,30,1,63,"mixed_population",4.68812067800016
100,3,3,30,1,64,"multinomial",4.08574173443488
100,3,3,30,1,64,"mixed",4.17826490329936
100,3,3,30,1,64,"mixed_population",4.16772786404992
100,3,3,30,1,65,"multinomial",4.27764937106711
100,3,3,30,1,65,"mixed",4.42386795506838
100,3,3,30,1,65,"mixed_population",4.37725855532307
100,3,3,30,1,66,"multinomial",4.44653330887682
100,3,3,30,1,66,"mixed",4.56346861992926
100,3,3,30,1,66,"mixed_population",4.49994353208456
100,3,3,30,1,67,"multinomial",4.26103275749789
100,3,3,30,1,67,"mixed",4.32940948932278
100,3,3,30,1,67,"mixed_population",4.28805155061346
100,3,3,30,1,68,"multinomial",4.48300845193859
100,3,3,30,1,68,"mixed",4.59520396588284
100,3,3,30,1,68,"mixed_population",4.51729862436673
100,3,3,30,1,69,"multinomial",4.46239320495398
100,3,3,30,1,69,"mixed",4.54857554275214
100,3,3,30,1,69,"mixed_population",4.49958825026421
100,3,3,30,1,70,"multinomial",4.44588897176907
100,3,3,30,1,70,"mixed",4.5505133026146
100,3,3,30,1,70,"mixed_population",4.47905836942584
100,3,3,30,1,71,"multinomial",4.52805927339529
100,3,3,30,1,71,"mixed",4.63809551179949
100,3,3,30,1,71,"mixed_population",4.56642899077657
100,3,3,30,1,72,"multinomial",4.61206068364209
100,3,3,30,1,72,"mixed",4.68711213163578
100,3,3,30,1,72,"mixed_population",4.63452832887614
100,3,3,30,1,73,"multinomial",4.28574560085
100,3,3,30,1,73,"mixed",4.39700916445856
100,3,3,30,1,73,"mixed_population",4.33453838136575
100,3,3,30,1,74,"multinomial",3.64161033578932
100,3,3,30,1,74,"mixed",3.7223370120845
100,3,3,30,1,74,"mixed_population",3.68407055280221
100,3,3,30,1,75,"multinomial",4.27762678003317
100,3,3,30,1,75,"mixed",4.36330957692475
100,3,3,30,1,75,"mixed_population",4.30612471943836
100,3,3,30,1,76,"multinomial",4.29484522502778
100,3,3,30,1,76,"mixed",4.37149122738239
100,3,3,30,1,76,"mixed_population",4.31643407943755
100,3,3,30,1,77,"multinomial",4.82781876066806
100,3,3,30,1,77,"mixed",4.90640227770915
100,3,3,30,1,77,"mixed_population",4.84300279413992
100,3,3,30,1,78,"multinomial",4.25833488311494
100,3,3,30,1,78,"mixed",4.38633692611664
100,3,3,30,1,78,"mixed_population",4.30690648870558
100,3,3,30,1,79,"multinomial",4.44715041033832
100,3,3,30,1,79,"mixed",4.5646631359537
100,3,3,30,1,79,"mixed_population",4.50468501622834
100,3,3,30,1,80,"multinomial",4.2564731821102
100,3,3,30,1,80,"mixed",4.36347556761167
100,3,3,30,1,80,"mixed_population",4.30631271441542
100,3,3,30,1,81,"multinomial",4.34597022903088
100,3,3,30,1,81,"mixed",4.42892423814609
100,3,3,30,1,81,"mixed_population",4.37882006871846
100,3,3,30,1,82,"multinomial",4.58705888723298
100,3,3,30,1,82,"mixed",4.67078805961081
100,3,3,30,1,82,"mixed_population",4.61190637973691
100,3,3,30,1,83,"multinomial",4.54597064835317
100,3,3,30,1,83,"mixed",4.69928705552808
100,3,3,30,1,83,"mixed_population",4.61800785344351
100,3,3,30,1,84,"multinomial",4.77133274617384
100,3,3,30,1,84,"mixed",4.93442965608835
100,3,3,30,1,84,"mixed_population",4.83578890485784
100,3,3,30,1,85,"multinomial",4.58104801387234
100,3,3,30,1,85,"mixed",4.69223895633987
100,3,3,30,1,85,"mixed_population",4.62373679009599
100,3,3,30,1,86,"multinomial",4.85844524013284
100,3,3,30,1,86,"mixed",4.97693937167193
100,3,3,30,1,86,"mixed_population",4.91425503934506
100,3,3,30,1,87,"multinomial",3.74787021229289
100,3,3,30,1,87,"mixed",3.81699994495454
100,3,3,30,1,87,"mixed_population",3.79617068680938
100,3,3,30,1,88,"multinomial",4.24146127548171
100,3,3,30,1,88,"mixed",4.35308659832206
100,3,3,30,1,88,"mixed_population",4.30695359310057
100,3,3,30,1,89,"multinomial",4.23784979866962
100,3,3,30,1,89,"mixed",4.35713898588961
100,3,3,30,1,89,"mixed_population",4.31148177421474
100,3,3,30,1,90,"multinomial",3.83312758850892
100,3,3,30,1,90,"mixed",3.92890657450021
100,3,3,30,1,90,"mixed_population",3.88256766105872
100,3,3,30,1,91,"multinomial",4.37180098758689
100,3,3,30,1,91,"mixed",4.46164568025361
100,3,3,30,1,91,"mixed_population",4.42570640800496
100,3,3,30,1,92,"multinomial",4.61635516671822
100,3,3,30,1,92,"mixed",4.75403551679232
100,3,3,30,1,92,"mixed_population",4.70467428768978
100,3,3,30,1,93,"multinomial",4.33155239193114
100,3,3,30,1,93,"mixed",4.45913005095617
100,3,3,30,1,93,"mixed_population",4.37887992661974
100,3,3,30,1,94,"multinomial",4.22769695897712
100,3,3,30,1,94,"mixed",4.31635415045995
100,3,3,30,1,94,"mixed_population",4.28171604666293
100,3,3,30,1,95,"multinomial",4.25118829416551
100,3,3,30,1,95,"mixed",4.34418022889629
100,3,3,30,1,95,"mixed_population",4.28749162795556
100,3,3,30,1,96,"multinomial",4.16606443483969
100,3,3,30,1,96,"mixed",4.22644486260191
100,3,3,30,1,96,"mixed_population",4.20507687818665
100,3,3,30,1,97,"multinomial",4.17417828356872
100,3,3,30,1,97,"mixed",4.24101711877706
100,3,3,30,1,97,"mixed_population",4.21177635571945
100,3,3,30,1,98,"multinomial",4.55323856048069
100,3,3,30,1,98,"mixed",4.66271706274405
100,3,3,30,1,98,"mixed_population",4.6143159064883
100,3,3,30,1,99,"multinomial",4.49225778961644
100,3,3,30,1,99,"mixed",4.55602911993216
100,3,3,30,1,99,"mixed_population",4.4937401694001
100,3,3,30,1,100,"multinomial",4.61461666706666
100,3,3,30,1,100,"mixed",4.72188148946604
100,3,3,30,1,100,"mixed_population",4.6443578514954
100,3,3,30,10,1,"multinomial",15.4074266030445
100,3,3,30,10,1,"mixed",19.1814091927572
100,3,3,30,10,1,"mixed_population",15.424789047984
100,3,3,30,10,2,"multinomial",15.9467686602042
100,3,3,30,10,2,"mixed",19.8821118998067
100,3,3,30,10,2,"mixed_population",15.733431667936
100,3,3,30,10,3,"multinomial",16.1755682611938
100,3,3,30,10,3,"mixed",19.1774155918812
100,3,3,30,10,3,"mixed_population",15.9112769794926
100,3,3,30,10,4,"multinomial",15.9070477061587
100,3,3,30,10,4,"mixed",20.2838917816837
100,3,3,30,10,4,"mixed_population",15.5731956453366
100,3,3,30,10,5,"multinomial",15.7189669891227
100,3,3,30,10,5,"mixed",18.8331280211509
100,3,3,30,10,5,"mixed_population",15.4902940861115
100,3,3,30,10,6,"multinomial",14.5695172842298
100,3,3,30,10,6,"mixed",18.8149242127641
100,3,3,30,10,6,"mixed_population",14.5945313827532
100,3,3,30,10,7,"multinomial",15.6709416573931
100,3,3,30,10,7,"mixed",20.2163335379354
100,3,3,30,10,7,"mixed_population",15.5496542170232
100,3,3,30,10,8,"multinomial",15.1949892748155
100,3,3,30,10,8,"mixed",19.9536216656405
100,3,3,30,10,8,"mixed_population",15.2302464193158
100,3,3,30,10,9,"multinomial",14.8441745095163
100,3,3,30,10,9,"mixed",18.6986939839478
100,3,3,30,10,9,"mixed_population",15.3018086248546
100,3,3,30,10,10,"multinomial",15.5465516417088
100,3,3,30,10,10,"mixed",20.8736071190696
100,3,3,30,10,10,"mixed_population",15.4237089403958
100,3,3,30,10,11,"multinomial",14.8103102969082
100,3,3,30,10,11,"mixed",18.4274232794313
100,3,3,30,10,11,"mixed_population",14.9609605366865
100,3,3,30,10,12,"multinomial",15.0600169130597
100,3,3,30,10,12,"mixed",18.8407907281305
100,3,3,30,10,12,"mixed_population",15.0180952109029
100,3,3,30,10,13,"multinomial",15.438299203279
100,3,3,30,10,13,"mixed",18.8092508439457
100,3,3,30,10,13,"mixed_population",15.4270680972727
100,3,3,30,10,14,"multinomial",15.8067490470721
100,3,3,30,10,14,"mixed",20.5065925307982
100,3,3,30,10,14,"mixed_population",15.7642884824414
100,3,3,30,10,15,"multinomial",14.9536280648477
100,3,3,30,10,15,"mixed",19.1215797637471
100,3,3,30,10,15,"mixed_population",15.0188681291474
100,3,3,30,10,16,"multinomial",15.5822841545485
100,3,3,30,10,16,"mixed",20.5161477602557
100,3,3,30,10,16,"mixed_population",15.1936534258013
100,3,3,30,10,17,"multinomial",16.2396083571753
100,3,3,30,10,17,"mixed",20.0042596403352
100,3,3,30,10,17,"mixed_population",16.1663668173229
100,3,3,30,10,18,"multinomial",14.9405188272217
100,3,3,30,10,18,"mixed",18.7673084547456
100,3,3,30,10,18,"mixed_population",14.7685539270574
100,3,3,30,10,19,"multinomial",16.1018461487759
100,3,3,30,10,19,"mixed",21.6358480500862
100,3,3,30,10,19,"mixed_population",15.7824574863424
100,3,3,30,10,20,"multinomial",14.7635099109724
100,3,3,30,10,20,"mixed",18.6778384679291
100,3,3,30,10,20,"mixed_population",15.2500372012376
100,3,3,30,10,21,"multinomial",15.6726810083256
100,3,3,30,10,21,"mixed",20.2832164798435
100,3,3,30,10,21,"mixed_population",15.6360963683281
100,3,3,30,10,22,"multinomial",15.3418452624476
100,3,3,30,10,22,"mixed",19.0905714509129
100,3,3,30,10,22,"mixed_population",15.2641935041811
100,3,3,30,10,23,"multinomial",14.9387406642409
100,3,3,30,10,23,"mixed",19.5892428848679
100,3,3,30,10,23,"mixed_population",14.8627237173851
100,3,3,30,10,24,"multinomial",15.9615549786193
100,3,3,30,10,24,"mixed",19.9991745389905
100,3,3,30,10,24,"mixed_population",15.6257822890893
100,3,3,30,10,25,"multinomial",15.8021645941026
100,3,3,30,10,25,"mixed",19.4978776850394
100,3,3,30,10,25,"mixed_population",15.4493418430861
100,3,3,30,10,26,"multinomial",15.7793315924638
100,3,3,30,10,26,"mixed",20.1144786430885
100,3,3,30,10,26,"mixed_population",15.7477635151674
100,3,3,30,10,27,"multinomial",15.4581576945497
100,3,3,30,10,27,"mixed",19.8994086303779
100,3,3,30,10,27,"mixed_population",15.379933556671
100,3,3,30,10,28,"multinomial",15.5646523496682
100,3,3,30,10,28,"mixed",19.6629385525364
100,3,3,30,10,28,"mixed_population",15.4011498616879
100,3,3,30,10,29,"multinomial",15.4355787568763
100,3,3,30,10,29,"mixed",19.140592094098
100,3,3,30,10,29,"mixed_population",15.3164995363788
100,3,3,30,10,30,"multinomial",15.7636461302066
100,3,3,30,10,30,"mixed",20.0072926189482
100,3,3,30,10,30,"mixed_population",16.3820497423601
100,3,3,30,10,31,"multinomial",15.237096968879
100,3,3,30,10,31,"mixed",18.8431120252121
100,3,3,30,10,31,"mixed_population",15.2125897545472
100,3,3,30,10,32,"multinomial",14.9970413398069
100,3,3,30,10,32,"mixed",19.7623119816371
100,3,3,30,10,32,"mixed_population",15.1834213172478
100,3,3,30,10,33,"multinomial",15.5388600545524
100,3,3,30,10,33,"mixed",19.6822108633556
100,3,3,30,10,33,"mixed_population",15.4498003847227
100,3,3,30,10,34,"multinomial",15.6733182919151
100,3,3,30,10,34,"mixed",20.0638526259364
100,3,3,30,10,34,"mixed_population",15.439078935824
100,3,3,30,10,35,"multinomial",15.5821886427001
100,3,3,30,10,35,"mixed",19.2882862086402
100,3,3,30,10,35,"mixed_population",15.5079967883569
100,3,3,30,10,36,"multinomial",14.8709087437091
100,3,3,30,10,36,"mixed",19.8368699460182
100,3,3,30,10,36,"mixed_population",14.9558328477508
100,3,3,30,10,37,"multinomial",15.0844865617593
100,3,3,30,10,37,"mixed",18.5376678447793
100,3,3,30,10,37,"mixed_population",14.9252289972692
100,3,3,30,10,38,"multinomial",15.4302770988368
100,3,3,30,10,38,"mixed",17.8639290755725
100,3,3,30,10,38,"mixed_population",15.3923931395248
100,3,3,30,10,39,"multinomial",15.5934988484649
100,3,3,30,10,39,"mixed",20.36488200408
100,3,3,30,10,39,"mixed_population",15.5857855376997
100,3,3,30,10,40,"multinomial",14.589958770323
100,3,3,30,10,40,"mixed",17.619946454738
100,3,3,30,10,40,"mixed_population",14.831288013709
100,3,3,30,10,41,"multinomial",15.5370298792759
100,3,3,30,10,41,"mixed",20.0734637431549
100,3,3,30,10,41,"mixed_population",15.8391351839079
100,3,3,30,10,42,"multinomial",15.4131946377203
100,3,3,30,10,42,"mixed",19.6727551801243
100,3,3,30,10,42,"mixed_population",15.1818955462275
100,3,3,30,10,43,"multinomial",14.2207513751061
100,3,3,30,10,43,"mixed",18.1182914048502
100,3,3,30,10,43,"mixed_population",14.7147030933539
100,3,3,30,10,44,"multinomial",15.5154856523237
100,3,3,30,10,44,"mixed",19.1974973828849
100,3,3,30,10,44,"mixed_population",15.8396613389168
100,3,3,30,10,45,"multinomial",15.4715874256426
100,3,3,30,10,45,"mixed",18.811406774382
100,3,3,30,10,45,"mixed_population",15.2695987933871
100,3,3,30,10,46,"multinomial",14.6635094486404
100,3,3,30,10,46,"mixed",18.9543445900759
100,3,3,30,10,46,"mixed_population",14.485003390449
100,3,3,30,10,47,"multinomial",14.7256895557578
100,3,3,30,10,47,"mixed",17.684984463009
100,3,3,30,10,47,"mixed_population",14.7879220819628
100,3,3,30,10,48,"multinomial",15.4423575576411
100,3,3,30,10,48,"mixed",19.4421061482015
100,3,3,30,10,48,"mixed_population",15.5809850926598
100,3,3,30,10,49,"multinomial",15.3851978124422
100,3,3,30,10,49,"mixed",19.0549115025771
100,3,3,30,10,49,"mixed_population",15.0847446722648
100,3,3,30,10,50,"multinomial",14.7200234787946
100,3,3,30,10,50,"mixed",18.7177005022317
100,3,3,30,10,50,"mixed_population",14.7263196214672
100,3,3,30,10,51,"multinomial",14.6740431905717
100,3,3,30,10,51,"mixed",18.6041886507134
100,3,3,30,10,51,"mixed_population",15.4593315949892
100,3,3,30,10,52,"multinomial",15.7778985801818
100,3,3,30,10,52,"mixed",19.5632730962265
100,3,3,30,10,52,"mixed_population",15.3612949234785
100,3,3,30,10,53,"multinomial",15.4473985020519
100,3,3,30,10,53,"mixed",18.7065622248685
100,3,3,30,10,53,"mixed_population",15.0582628791157
100,3,3,30,10,54,"multinomial",15.8302857867455
100,3,3,30,10,54,"mixed",18.8497402964447
100,3,3,30,10,54,"mixed_population",15.6964564906895
100,3,3,30,10,55,"multinomial",15.212541772983
100,3,3,30,10,55,"mixed",18.517142828991
100,3,3,30,10,55,"mixed_population",15.1342819307446
100,3,3,30,10,56,"multinomial",15.1056385569736
100,3,3,30,10,56,"mixed",20.0279433929063
100,3,3,30,10,56,"mixed_population",15.7244250875384
100,3,3,30,10,57,"multinomial",15.4041630982856
100,3,3,30,10,57,"mixed",17.916896684948
100,3,3,30,10,57,"mixed_population",14.9866302349712
100,3,3,30,10,58,"multinomial",15.5360067299818
100,3,3,30,10,58,"mixed",18.9093488360649
100,3,3,30,10,58,"mixed_population",15.1047496628457
100,3,3,30,10,59,"multinomial",15.0600048539633
100,3,3,30,10,59,"mixed",18.7667622782143
100,3,3,30,10,59,"mixed_population",15.0006405865538
100,3,3,30,10,60,"multinomial",15.4898325230836
100,3,3,30,10,60,"mixed",18.9921507311146
100,3,3,30,10,60,"mixed_population",15.4803187196495
100,3,3,30,10,61,"multinomial",14.5432588594304
100,3,3,30,10,61,"mixed",18.0427842882151
100,3,3,30,10,61,"mixed_population",14.5526097709562
100,3,3,30,10,62,"multinomial",14.8380995967882
100,3,3,30,10,62,"mixed",18.5146641135993
100,3,3,30,10,62,"mixed_population",14.7728860526026
100,3,3,30,10,63,"multinomial",14.7837128035085
100,3,3,30,10,63,"mixed",18.6594059024677
100,3,3,30,10,63,"mixed_population",14.6533961631949
100,3,3,30,10,64,"multinomial",14.9601177320164
100,3,3,30,10,64,"mixed",18.7374181052495
100,3,3,30,10,64,"mixed_population",14.9709731673982
100,3,3,30,10,65,"multinomial",15.4274616943724
100,3,3,30,10,65,"mixed",19.1192273326106
100,3,3,30,10,65,"mixed_population",15.4949103225417
100,3,3,30,10,66,"multinomial",14.4375676002498
100,3,3,30,10,66,"mixed",17.682973942158
100,3,3,30,10,66,"mixed_population",14.6065908902732
100,3,3,30,10,67,"multinomial",14.7390828979529
100,3,3,30,10,67,"mixed",18.0180315131253
100,3,3,30,10,67,"mixed_population",15.3004227731844
100,3,3,30,10,68,"multinomial",15.3149222970045
100,3,3,30,10,68,"mixed",18.3677275281603
100,3,3,30,10,68,"mixed_population",15.3068244226181
100,3,3,30,10,69,"multinomial",15.22717678385
100,3,3,30,10,69,"mixed",18.9548301950753
100,3,3,30,10,69,"mixed_population",15.1122403804969
100,3,3,30,10,70,"multinomial",15.1693297928654
100,3,3,30,10,70,"mixed",17.5507953663778
100,3,3,30,10,70,"mixed_population",15.0068248130435
100,3,3,30,10,71,"multinomial",16.0588171806543
100,3,3,30,10,71,"mixed",20.0029241291039
100,3,3,30,10,71,"mixed_population",15.9404602711831
100,3,3,30,10,72,"multinomial",14.5833413045415
100,3,3,30,10,72,"mixed",17.2759425451934
100,3,3,30,10,72,"mixed_population",14.5948457225825
100,3,3,30,10,73,"multinomial",15.1812187312331
100,3,3,30,10,73,"mixed",19.962094912423
100,3,3,30,10,73,"mixed_population",15.0493394206351
100,3,3,30,10,74,"multinomial",15.0147237123994
100,3,3,30,10,74,"mixed",17.5577109588824
100,3,3,30,10,74,"mixed_population",14.7999948309505
100,3,3,30,10,75,"multinomial",14.9056829337752
100,3,3,30,10,75,"mixed",18.8237426941333
100,3,3,30,10,75,"mixed_population",15.2956076752438
100,3,3,30,10,76,"multinomial",14.7283680466842
100,3,3,30,10,76,"mixed",17.735214687705
100,3,3,30,10,76,"mixed_population",14.4981725336235
100,3,3,30,10,77,"multinomial",15.4429442211352
100,3,3,30,10,77,"mixed",19.2787701448124
100,3,3,30,10,77,"mixed_population",15.387918508013
100,3,3,30,10,78,"multinomial",15.8060910026865
100,3,3,30,10,78,"mixed",19.7691273226537
100,3,3,30,10,78,"mixed_population",15.9564019968584
100,3,3,30,10,79,"multinomial",15.3608704453844
100,3,3,30,10,79,"mixed",18.3989560129674
100,3,3,30,10,79,"mixed_population",15.0619953194158
100,3,3,30,10,80,"multinomial",15.0909532608713
100,3,3,30,10,80,"mixed",18.9614759837337
100,3,3,30,10,80,"mixed_population",15.0187541366932
100,3,3,30,10,81,"multinomial",14.74133031158
100,3,3,30,10,81,"mixed",18.4680053268374
100,3,3,30,10,81,"mixed_population",14.6948309878817
100,3,3,30,10,82,"multinomial",15.174634929861
100,3,3,30,10,82,"mixed",18.1115584254905
100,3,3,30,10,82,"mixed_population",14.9462124206122
100,3,3,30,10,83,"multinomial",14.9099995067262
100,3,3,30,10,83,"mixed",18.8332549257935
100,3,3,30,10,83,"mixed_population",14.752309932079
100,3,3,30,10,84,"multinomial",15.234810908864
100,3,3,30,10,84,"mixed",18.6950938379302
100,3,3,30,10,84,"mixed_population",15.207483396117
100,3,3,30,10,85,"multinomial",15.1589889930634
100,3,3,30,10,85,"mixed",18.3997240903785
100,3,3,30,10,85,"mixed_population",15.133811885732
100,3,3,30,10,86,"multinomial",14.9230827802331
100,3,3,30,10,86,"mixed",18.1387944810448
100,3,3,30,10,86,"mixed_population",14.4239814211027
100,3,3,30,10,87,"multinomial",15.5154027178776
100,3,3,30,10,87,"mixed",19.5088528631327
100,3,3,30,10,87,"mixed_population",15.3865099254842
100,3,3,30,10,88,"multinomial",14.9743786525565
100,3,3,30,10,88,"mixed",18.8088711796516
100,3,3,30,10,88,"mixed_population",14.9398390789892
100,3,3,30,10,89,"multinomial",15.5971424832988
100,3,3,30,10,89,"mixed",20.0721107090134
100,3,3,30,10,89,"mixed_population",15.3311670289687
100,3,3,30,10,90,"multinomial",14.620313827603
100,3,3,30,10,90,"mixed",18.6480518205918
100,3,3,30,10,90,"mixed_population",14.5073257274246
100,3,3,30,10,91,"multinomial",14.9332322892573
100,3,3,30,10,91,"mixed",19.384763877986
100,3,3,30,10,91,"mixed_population",15.0196328636237
100,3,3,30,10,92,"multinomial",14.9995435002992
100,3,3,30,10,92,"mixed",19.0919980195115
100,3,3,30,10,92,"mixed_population",15.0102353129535
100,3,3,30,10,93,"multinomial",14.6943929790539
100,3,3,30,10,93,"mixed",17.5232442555552
100,3,3,30,10,93,"mixed_population",14.5340693428518
100,3,3,30,10,94,"multinomial",15.3508251653299
100,3,3,30,10,94,"mixed",20.2547622076762
100,3,3,30,10,94,"mixed_population",15.1290658840458
100,3,3,30,10,95,"multinomial",15.0630371887088
100,3,3,30,10,95,"mixed",18.540475972418
100,3,3,30,10,95,"mixed_population",15.1860917711426
100,3,3,30,10,96,"multinomial",15.1438655229833
100,3,3,30,10,96,"mixed",20.2748363823913
100,3,3,30,10,96,"mixed_population",15.3131986179285
100,3,3,30,10,97,"multinomial",14.6024096416932
100,3,3,30,10,97,"mixed",18.4364545830976
100,3,3,30,10,97,"mixed_population",14.7568777901797
100,3,3,30,10,98,"multinomial",15.4904707342579
100,3,3,30,10,98,"mixed",19.3213622552865
100,3,3,30,10,98,"mixed_population",15.380088852151
100,3,3,30,10,99,"multinomial",15.8061784436351
100,3,3,30,10,99,"mixed",21.6603452554052
100,3,3,30,10,99,"mixed_population",16.027735026184
100,3,3,30,10,100,"multinomial",15.2923424484707
100,3,3,30,10,100,"mixed",18.1221280658499
100,3,3,30,10,100,"mixed_population",15.1434744921041
100,5,3,5,0.01,1,"multinomial",1.4141020849675
100,5,3,5,0.01,1,"mixed",1.43045702819562
100,5,3,5,0.01,1,"mixed_population",1.41541018229535
100,5,3,5,0.01,2,"multinomial",1.5525867180118
100,5,3,5,0.01,2,"mixed",1.54769584936444
100,5,3,5,0.01,2,"mixed_population",1.54769568713171
100,5,3,5,0.01,3,"multinomial",1.47779810481406
100,5,3,5,0.01,3,"mixed",1.46895405865927
100,5,3,5,0.01,3,"mixed_population",1.46895379438168
100,5,3,5,0.01,4,"multinomial",1.43840407658078
100,5,3,5,0.01,4,"mixed",1.43340637426583
100,5,3,5,0.01,4,"mixed_population",1.43340657596593
100,5,3,5,0.01,5,"multinomial",1.61901844710603
100,5,3,5,0.01,5,"mixed",1.61118662248563
100,5,3,5,0.01,5,"mixed_population",1.61118766505835
100,5,3,5,0.01,6,"multinomial",1.61218537995588
100,5,3,5,0.01,6,"mixed",1.60587907545238
100,5,3,5,0.01,6,"mixed_population",1.60587819830756
100,5,3,5,0.01,7,"multinomial",1.51786063662373
100,5,3,5,0.01,7,"mixed",1.51638137926638
100,5,3,5,0.01,7,"mixed_population",1.51638248681813
100,5,3,5,0.01,8,"multinomial",1.49724600522233
100,5,3,5,0.01,8,"mixed",1.5030366399088
100,5,3,5,0.01,8,"mixed_population",1.48843781591653
100,5,3,5,0.01,9,"multinomial",1.70751476656333
100,5,3,5,0.01,9,"mixed",1.70546188517902
100,5,3,5,0.01,9,"mixed_population",1.70548058602935
100,5,3,5,0.01,10,"multinomial",1.44224871408505
100,5,3,5,0.01,10,"mixed",1.43872885966364
100,5,3,5,0.01,10,"mixed_population",1.43872863732992
100,5,3,5,0.01,11,"multinomial",1.52507958060934
100,5,3,5,0.01,11,"mixed",1.52120448264948
100,5,3,5,0.01,11,"mixed_population",1.52120359283065
100,5,3,5,0.01,12,"multinomial",1.43898499188601
100,5,3,5,0.01,12,"mixed",1.42867688185299
100,5,3,5,0.01,12,"mixed_population",1.42867688108424
100,5,3,5,0.01,13,"multinomial",1.55385335097079
100,5,3,5,0.01,13,"mixed",1.54272691296645
100,5,3,5,0.01,13,"mixed_population",1.54272615322469
100,5,3,5,0.01,14,"multinomial",1.53743225003816
100,5,3,5,0.01,14,"mixed",1.53089648386088
100,5,3,5,0.01,14,"mixed_population",1.53089608925276
100,5,3,5,0.01,15,"multinomial",1.58034660786122
100,5,3,5,0.01,15,"mixed",1.57513019852793
100,5,3,5,0.01,15,"mixed_population",1.57512947454968
100,5,3,5,0.01,16,"multinomial",1.57737338574137
100,5,3,5,0.01,16,"mixed",1.57448497288262
100,5,3,5,0.01,16,"mixed_population",1.57448513235006
100,5,3,5,0.01,17,"multinomial",1.48200935139696
100,5,3,5,0.01,17,"mixed",1.48087228979289
100,5,3,5,0.01,17,"mixed_population",1.48087242485153
100,5,3,5,0.01,18,"multinomial",1.45036507165701
100,5,3,5,0.01,18,"mixed",1.44500061175091
100,5,3,5,0.01,18,"mixed_population",1.44500168710319
100,5,3,5,0.01,19,"multinomial",1.51181489292665
100,5,3,5,0.01,19,"mixed",1.53369253267936
100,5,3,5,0.01,19,"mixed_population",1.51959825368422
100,5,3,5,0.01,20,"multinomial",1.44807525282815
100,5,3,5,0.01,20,"mixed",1.4396798791074
100,5,3,5,0.01,20,"mixed_population",1.43967997659964
100,5,3,5,0.01,21,"multinomial",1.56889386731934
100,5,3,5,0.01,21,"mixed",1.56405001724611
100,5,3,5,0.01,21,"mixed_population",1.56404955817964
100,5,3,5,0.01,22,"multinomial",1.4413053407351
100,5,3,5,0.01,22,"mixed",1.43641037469808
100,5,3,5,0.01,22,"mixed_population",1.43641056318768
100,5,3,5,0.01,23,"multinomial",1.52495608419496
100,5,3,5,0.01,23,"mixed",1.50619264820922
100,5,3,5,0.01,23,"mixed_population",1.5058833431049
100,5,3,5,0.01,24,"multinomial",1.51788743768286
100,5,3,5,0.01,24,"mixed",1.51764912128873
100,5,3,5,0.01,24,"mixed_population",1.51698747484916
100,5,3,5,0.01,25,"multinomial",1.48036874463663
100,5,3,5,0.01,25,"mixed",1.48654160759588
100,5,3,5,0.01,25,"mixed_population",1.478171518656
100,5,3,5,0.01,26,"multinomial",1.54464640425507
100,5,3,5,0.01,26,"mixed",1.53559400539065
100,5,3,5,0.01,26,"mixed_population",1.53558755644691
100,5,3,5,0.01,27,"multinomial",1.47317754804622
100,5,3,5,0.01,27,"mixed",1.46196005939181
100,5,3,5,0.01,27,"mixed_population",1.46196010023793
100,5,3,5,0.01,28,"multinomial",1.55726349720321
100,5,3,5,0.01,28,"mixed",1.55485752134282
100,5,3,5,0.01,28,"mixed_population",1.55485719917704
100,5,3,5,0.01,29,"multinomial",1.5846841385806
100,5,3,5,0.01,29,"mixed",1.57685303641937
100,5,3,5,0.01,29,"mixed_population",1.57685381262505
100,5,3,5,0.01,30,"multinomial",1.48034343242784
100,5,3,5,0.01,30,"mixed",1.47917612281701
100,5,3,5,0.01,30,"mixed_population",1.47917654804484
100,5,3,5,0.01,31,"multinomial",1.47321030694837
100,5,3,5,0.01,31,"mixed",1.46938741828567
100,5,3,5,0.01,31,"mixed_population",1.46938751360841
100,5,3,5,0.01,32,"multinomial",1.49863840192536
100,5,3,5,0.01,32,"mixed",1.49454583858151
100,5,3,5,0.01,32,"mixed_population",1.49454619587619
100,5,3,5,0.01,33,"multinomial",1.48283464323852
100,5,3,5,0.01,33,"mixed",1.47652293527324
100,5,3,5,0.01,33,"mixed_population",1.47652301827711
100,5,3,5,0.01,34,"multinomial",1.58773177723812
100,5,3,5,0.01,34,"mixed",1.5850256134373
100,5,3,5,0.01,34,"mixed_population",1.58502488301209
100,5,3,5,0.01,35,"multinomial",1.47407335727841
100,5,3,5,0.01,35,"mixed",1.4671336796865
100,5,3,5,0.01,35,"mixed_population",1.46713511831172
100,5,3,5,0.01,36,"multinomial",1.48257036512059
100,5,3,5,0.01,36,"mixed",1.4939731455159
100,5,3,5,0.01,36,"mixed_population",1.47243014726483
100,5,3,5,0.01,37,"multinomial",1.55921509779238
100,5,3,5,0.01,37,"mixed",1.54844478608861
100,5,3,5,0.01,37,"mixed_population",1.54844511249732
100,5,3,5,0.01,38,"multinomial",1.42092293777456
100,5,3,5,0.01,38,"mixed",1.42156959488547
100,5,3,5,0.01,38,"mixed_population",1.42156981194689
100,5,3,5,0.01,39,"multinomial",1.57646085060211
100,5,3,5,0.01,39,"mixed",1.57228853515651
100,5,3,5,0.01,39,"mixed_population",1.57228826688669
100,5,3,5,0.01,40,"multinomial",1.59085611706207
100,5,3,5,0.01,40,"mixed",1.59001586723393
100,5,3,5,0.01,40,"mixed_population",1.59001494717442
100,5,3,5,0.01,41,"multinomial",1.57393121124833
100,5,3,5,0.01,41,"mixed",1.56725618522068
100,5,3,5,0.01,41,"mixed_population",1.56725620534295
100,5,3,5,0.01,42,"multinomial",1.54587349245677
100,5,3,5,0.01,42,"mixed",1.53849745388866
100,5,3,5,0.01,42,"mixed_population",1.53849777157852
100,5,3,5,0.01,43,"multinomial",1.50978409283185
100,5,3,5,0.01,43,"mixed",1.50486938908535
100,5,3,5,0.01,43,"mixed_population",1.50486936821585
100,5,3,5,0.01,44,"multinomial",1.57438909046949
100,5,3,5,0.01,44,"mixed",1.57337729000684
100,5,3,5,0.01,44,"mixed_population",1.57014142695997
100,5,3,5,0.01,45,"multinomial",1.43104579992872
100,5,3,5,0.01,45,"mixed",1.42545593292007
100,5,3,5,0.01,45,"mixed_population",1.42546304304296
100,5,3,5,0.01,46,"multinomial",1.50507584737143
100,5,3,5,0.01,46,"mixed",1.52534780753548
100,5,3,5,0.01,46,"mixed_population",1.51133196607269
100,5,3,5,0.01,47,"multinomial",1.39518291759826
100,5,3,5,0.01,47,"mixed",1.38727444136616
100,5,3,5,0.01,47,"mixed_population",1.38727454058608
100,5,3,5,0.01,48,"multinomial",1.58880082633527
100,5,3,5,0.01,48,"mixed",1.57406025880734
100,5,3,5,0.01,48,"mixed_population",1.57405887586538
100,5,3,5,0.01,49,"multinomial",1.48044847148936
100,5,3,5,0.01,49,"mixed",1.47244321286567
100,5,3,5,0.01,49,"mixed_population",1.47244207255982
100,5,3,5,0.01,50,"multinomial",1.48830182208542
100,5,3,5,0.01,50,"mixed",1.47690126030006
100,5,3,5,0.01,50,"mixed_population",1.47690074157455
100,5,3,5,0.01,51,"multinomial",1.58501258213017
100,5,3,5,0.01,51,"mixed",1.58785272900327
100,5,3,5,0.01,51,"mixed_population",1.58785274143637
100,5,3,5,0.01,52,"multinomial",1.58319683460329
100,5,3,5,0.01,52,"mixed",1.56437441024029
100,5,3,5,0.01,52,"mixed_population",1.56464752677009
100,5,3,5,0.01,53,"multinomial",1.58400418943924
100,5,3,5,0.01,53,"mixed",1.58632517397801
100,5,3,5,0.01,53,"mixed_population",1.5863271110699
100,5,3,5,0.01,54,"multinomial",1.46794472631106
100,5,3,5,0.01,54,"mixed",1.45980276448068
100,5,3,5,0.01,54,"mixed_population",1.45980280707732
100,5,3,5,0.01,55,"multinomial",1.59084977713377
100,5,3,5,0.01,55,"mixed",1.58779717334055
100,5,3,5,0.01,55,"mixed_population",1.5877982420758
100,5,3,5,0.01,56,"multinomial",1.63271454229196
100,5,3,5,0.01,56,"mixed",1.62654346637471
100,5,3,5,0.01,56,"mixed_population",1.62654372610855
100,5,3,5,0.01,57,"multinomial",1.5517084929663
100,5,3,5,0.01,57,"mixed",1.5456607935417
100,5,3,5,0.01,57,"mixed_population",1.54566012803528
100,5,3,5,0.01,58,"multinomial",1.60087235501308
100,5,3,5,0.01,58,"mixed",1.60017757085118
100,5,3,5,0.01,58,"mixed_population",1.59605104661087
100,5,3,5,0.01,59,"multinomial",1.46351364380137
100,5,3,5,0.01,59,"mixed",1.46307073780715
100,5,3,5,0.01,59,"mixed_population",1.4609020148208
100,5,3,5,0.01,60,"multinomial",1.55150794161214
100,5,3,5,0.01,60,"mixed",1.56512816860772
100,5,3,5,0.01,60,"mixed_population",1.55346303828692
100,5,3,5,0.01,61,"multinomial",1.50464985555637
100,5,3,5,0.01,61,"mixed",1.50212641576304
100,5,3,5,0.01,61,"mixed_population",1.5000423746888
100,5,3,5,0.01,62,"multinomial",1.44058417374952
100,5,3,5,0.01,62,"mixed",1.43476201448935
100,5,3,5,0.01,62,"mixed_population",1.43476201743338
100,5,3,5,0.01,63,"multinomial",1.57295596615165
100,5,3,5,0.01,63,"mixed",1.56333324689284
100,5,3,5,0.01,63,"mixed_population",1.56333306126941
100,5,3,5,0.01,64,"multinomial",1.58847619136848
100,5,3,5,0.01,64,"mixed",1.58795096368025
100,5,3,5,0.01,64,"mixed_population",1.58795051876824
100,5,3,5,0.01,65,"multinomial",1.45831132070359
100,5,3,5,0.01,65,"mixed",1.45827348653264
100,5,3,5,0.01,65,"mixed_population",1.45609587938924
100,5,3,5,0.01,66,"multinomial",1.56049031724182
100,5,3,5,0.01,66,"mixed",1.54745644717825
100,5,3,5,0.01,66,"mixed_population",1.54745719068541
100,5,3,5,0.01,67,"multinomial",1.52960983870566
100,5,3,5,0.01,67,"mixed",1.52788877742134
100,5,3,5,0.01,67,"mixed_population",1.52789270583038
100,5,3,5,0.01,68,"multinomial",1.54725918836695
100,5,3,5,0.01,68,"mixed",1.54542120237719
100,5,3,5,0.01,68,"mixed_population",1.5454214686888
100,5,3,5,0.01,69,"multinomial",1.55697599483078
100,5,3,5,0.01,69,"mixed",1.53516678897425
100,5,3,5,0.01,69,"mixed_population",1.53214712857842
100,5,3,5,0.01,70,"multinomial",1.42253690359117
100,5,3,5,0.01,70,"mixed",1.41460213969695
100,5,3,5,0.01,70,"mixed_population",1.41460155128635
100,5,3,5,0.01,71,"multinomial",1.43447561224037
100,5,3,5,0.01,71,"mixed",1.42684323571066
100,5,3,5,0.01,71,"mixed_population",1.42684435482127
100,5,3,5,0.01,72,"multinomial",1.51743207855195
100,5,3,5,0.01,72,"mixed",1.5149846235311
100,5,3,5,0.01,72,"mixed_population",1.51498474620055
100,5,3,5,0.01,73,"multinomial",1.49970376121942
100,5,3,5,0.01,73,"mixed",1.48648057084483
100,5,3,5,0.01,73,"mixed_population",1.48648062210204
100,5,3,5,0.01,74,"multinomial",1.60060951267277
100,5,3,5,0.01,74,"mixed",1.60192559602387
100,5,3,5,0.01,74,"mixed_population",1.5976626222833
100,5,3,5,0.01,75,"multinomial",1.55312580955696
100,5,3,5,0.01,75,"mixed",1.55063313899675
100,5,3,5,0.01,75,"mixed_population",1.5506330581117
100,5,3,5,0.01,76,"multinomial",1.48291544462289
100,5,3,5,0.01,76,"mixed",1.50332770410252
100,5,3,5,0.01,76,"mixed_population",1.48770561804746
100,5,3,5,0.01,77,"multinomial",1.4796146271126
100,5,3,5,0.01,77,"mixed",1.47577441754716
100,5,3,5,0.01,77,"mixed_population",1.47608511398391
100,5,3,5,0.01,78,"multinomial",1.51938211897468
100,5,3,5,0.01,78,"mixed",1.51351486204436
100,5,3,5,0.01,78,"mixed_population",1.51351543643432
100,5,3,5,0.01,79,"multinomial",1.45550365391253
100,5,3,5,0.01,79,"mixed",1.44873567314863
100,5,3,5,0.01,79,"mixed_population",1.4487349917182
100,5,3,5,0.01,80,"multinomial",1.5867569121017
100,5,3,5,0.01,80,"mixed",1.58103669512568
100,5,3,5,0.01,80,"mixed_population",1.58103806153819
100,5,3,5,0.01,81,"multinomial",1.51185286308512
100,5,3,5,0.01,81,"mixed",1.50236945179561
100,5,3,5,0.01,81,"mixed_population",1.502369668986
100,5,3,5,0.01,82,"multinomial",1.38045152895948
100,5,3,5,0.01,82,"mixed",1.39381332003375
100,5,3,5,0.01,82,"mixed_population",1.39384654076465
100,5,3,5,0.01,83,"multinomial",1.66699842307463
100,5,3,5,0.01,83,"mixed",1.65859198951457
100,5,3,5,0.01,83,"mixed_population",1.6580895777306
100,5,3,5,0.01,84,"multinomial",1.69665628826246
100,5,3,5,0.01,84,"mixed",1.69533737701166
100,5,3,5,0.01,84,"mixed_population",1.69533899052043
100,5,3,5,0.01,85,"multinomial",1.57193163095808
100,5,3,5,0.01,85,"mixed",1.56508702810202
100,5,3,5,0.01,85,"mixed_population",1.56508662441712
100,5,3,5,0.01,86,"multinomial",1.50411311642434
100,5,3,5,0.01,86,"mixed",1.50047257716404
100,5,3,5,0.01,86,"mixed_population",1.50047236318957
100,5,3,5,0.01,87,"multinomial",1.53094673631401
100,5,3,5,0.01,87,"mixed",1.5294595604704
100,5,3,5,0.01,87,"mixed_population",1.52945974037617
100,5,3,5,0.01,88,"multinomial",1.59196727779871
100,5,3,5,0.01,88,"mixed",1.58036198170327
100,5,3,5,0.01,88,"mixed_population",1.58036141422583
100,5,3,5,0.01,89,"multinomial",1.59289707426394
100,5,3,5,0.01,89,"mixed",1.5840291578132
100,5,3,5,0.01,89,"mixed_population",1.5840259194497
100,5,3,5,0.01,90,"multinomial",1.51134294016552
100,5,3,5,0.01,90,"mixed",1.50655821843376
100,5,3,5,0.01,90,"mixed_population",1.50655913641965
100,5,3,5,0.01,91,"multinomial",1.43910213603723
100,5,3,5,0.01,91,"mixed",1.42966448588897
100,5,3,5,0.01,91,"mixed_population",1.4296656845712
100,5,3,5,0.01,92,"multinomial",1.61383134640205
100,5,3,5,0.01,92,"mixed",1.60551315062619
100,5,3,5,0.01,92,"mixed_population",1.60404523244801
100,5,3,5,0.01,93,"multinomial",1.52938816167749
100,5,3,5,0.01,93,"mixed",1.52377169841082
100,5,3,5,0.01,93,"mixed_population",1.52377184007239
100,5,3,5,0.01,94,"multinomial",1.39729514537362
100,5,3,5,0.01,94,"mixed",1.3955562100105
100,5,3,5,0.01,94,"mixed_population",1.39555630974972
100,5,3,5,0.01,95,"multinomial",1.61381832379784
100,5,3,5,0.01,95,"mixed",1.60690694615876
100,5,3,5,0.01,95,"mixed_population",1.6069053463861
100,5,3,5,0.01,96,"multinomial",1.53904327751642
100,5,3,5,0.01,96,"mixed",1.53198444001489
100,5,3,5,0.01,96,"mixed_population",1.53198381176408
100,5,3,5,0.01,97,"multinomial",1.63062958518397
100,5,3,5,0.01,97,"mixed",1.61402841067132
100,5,3,5,0.01,97,"mixed_population",1.61402903715333
100,5,3,5,0.01,98,"multinomial",1.55550639993118
100,5,3,5,0.01,98,"mixed",1.57619000855768
100,5,3,5,0.01,98,"mixed_population",1.55870919531675
100,5,3,5,0.01,99,"multinomial",1.55481096099545
100,5,3,5,0.01,99,"mixed",1.55158564858869
100,5,3,5,0.01,99,"mixed_population",1.55138948039401
100,5,3,5,0.01,100,"multinomial",1.55017289962917
100,5,3,5,0.01,100,"mixed",1.54374605838612
100,5,3,5,0.01,100,"mixed_population",1.54374235915916
100,5,3,5,0.1,1,"multinomial",1.53791751112615
100,5,3,5,0.1,1,"mixed",1.53296013961573
100,5,3,5,0.1,1,"mixed_population",1.53296017478842
100,5,3,5,0.1,2,"multinomial",1.65029954090844
100,5,3,5,0.1,2,"mixed",1.64672024152901
100,5,3,5,0.1,2,"mixed_population",1.64672038412228
100,5,3,5,0.1,3,"multinomial",1.56637296779473
100,5,3,5,0.1,3,"mixed",1.56658127988298
100,5,3,5,0.1,3,"mixed_population",1.5665807578806
100,5,3,5,0.1,4,"multinomial",1.50054431059771
100,5,3,5,0.1,4,"mixed",1.49688190219917
100,5,3,5,0.1,4,"mixed_population",1.49316650380606
100,5,3,5,0.1,5,"multinomial",1.56534189365025
100,5,3,5,0.1,5,"mixed",1.55689585250204
100,5,3,5,0.1,5,"mixed_population",1.55689751859959
100,5,3,5,0.1,6,"multinomial",1.46026640732395
100,5,3,5,0.1,6,"mixed",1.45748934351488
100,5,3,5,0.1,6,"mixed_population",1.45748046720169
100,5,3,5,0.1,7,"multinomial",1.40012667767643
100,5,3,5,0.1,7,"mixed",1.39713813993302
100,5,3,5,0.1,7,"mixed_population",1.39713777217995
100,5,3,5,0.1,8,"multinomial",1.56265724979873
100,5,3,5,0.1,8,"mixed",1.5595295037435
100,5,3,5,0.1,8,"mixed_population",1.55952914099331
100,5,3,5,0.1,9,"multinomial",1.70539212864995
100,5,3,5,0.1,9,"mixed",1.70401620436093
100,5,3,5,0.1,9,"mixed_population",1.70401659867751
100,5,3,5,0.1,10,"multinomial",1.52964111003099
100,5,3,5,0.1,10,"mixed",1.52382133040511
100,5,3,5,0.1,10,"mixed_population",1.52382095728265
100,5,3,5,0.1,11,"multinomial",1.53674929403306
100,5,3,5,0.1,11,"mixed",1.52886612080923
100,5,3,5,0.1,11,"mixed_population",1.52886610125365
100,5,3,5,0.1,12,"multinomial",1.52274894206542
100,5,3,5,0.1,12,"mixed",1.51993262888484
100,5,3,5,0.1,12,"mixed_population",1.51893908140597
100,5,3,5,0.1,13,"multinomial",1.46814311884559
100,5,3,5,0.1,13,"mixed",1.46796743543654
100,5,3,5,0.1,13,"mixed_population",1.46796778339912
100,5,3,5,0.1,14,"multinomial",1.44599814068261
100,5,3,5,0.1,14,"mixed",1.45631186412035
100,5,3,5,0.1,14,"mixed_population",1.44155645342526
100,5,3,5,0.1,15,"multinomial",1.60016701166556
100,5,3,5,0.1,15,"mixed",1.59472966405763
100,5,3,5,0.1,15,"mixed_population",1.59473030907972
100,5,3,5,0.1,16,"multinomial",1.56859415486679
100,5,3,5,0.1,16,"mixed",1.59207422034268
100,5,3,5,0.1,16,"mixed_population",1.57629622817218
100,5,3,5,0.1,17,"multinomial",1.60115429999841
100,5,3,5,0.1,17,"mixed",1.60242765552268
100,5,3,5,0.1,17,"mixed_population",1.60111192775624
100,5,3,5,0.1,18,"multinomial",1.54192389062102
100,5,3,5,0.1,18,"mixed",1.53947022134591
100,5,3,5,0.1,18,"mixed_population",1.53947004565176
100,5,3,5,0.1,19,"multinomial",1.53171248742551
100,5,3,5,0.1,19,"mixed",1.52425665113465
100,5,3,5,0.1,19,"mixed_population",1.52425756351421
100,5,3,5,0.1,20,"multinomial",1.47666386061639
100,5,3,5,0.1,20,"mixed",1.47067347504792
100,5,3,5,0.1,20,"mixed_population",1.47067482868303
100,5,3,5,0.1,21,"multinomial",1.51767013810039
100,5,3,5,0.1,21,"mixed",1.53907126171224
100,5,3,5,0.1,21,"mixed_population",1.52801029304106
100,5,3,5,0.1,22,"multinomial",1.63854505326956
100,5,3,5,0.1,22,"mixed",1.63014986806965
100,5,3,5,0.1,22,"mixed_population",1.6274336809471
100,5,3,5,0.1,23,"multinomial",1.64009541644693
100,5,3,5,0.1,23,"mixed",1.63437587875151
100,5,3,5,0.1,23,"mixed_population",1.63437583920309
100,5,3,5,0.1,24,"multinomial",1.45510669333461
100,5,3,5,0.1,24,"mixed",1.44955528632406
100,5,3,5,0.1,24,"mixed_population",1.4495561463526
100,5,3,5,0.1,25,"multinomial",1.66426779174285
100,5,3,5,0.1,25,"mixed",1.66182239943196
100,5,3,5,0.1,25,"mixed_population",1.66182240944946
100,5,3,5,0.1,26,"multinomial",1.62210490454428
100,5,3,5,0.1,26,"mixed",1.61633717538581
100,5,3,5,0.1,26,"mixed_population",1.61633721846942
100,5,3,5,0.1,27,"multinomial",1.58773563987232
100,5,3,5,0.1,27,"mixed",1.60797822338289
100,5,3,5,0.1,27,"mixed_population",1.58895636600004
100,5,3,5,0.1,28,"multinomial",1.42902803536319
100,5,3,5,0.1,28,"mixed",1.44397604939782
100,5,3,5,0.1,28,"mixed_population",1.43392052034325
100,5,3,5,0.1,29,"multinomial",1.39501811076562
100,5,3,5,0.1,29,"mixed",1.39356754063076
100,5,3,5,0.1,29,"mixed_population",1.39348374899917
100,5,3,5,0.1,30,"multinomial",1.49336846558334
100,5,3,5,0.1,30,"mixed",1.48929074105402
100,5,3,5,0.1,30,"mixed_population",1.48869560519637
100,5,3,5,0.1,31,"multinomial",1.69703999879642
100,5,3,5,0.1,31,"mixed",1.69781246958784
100,5,3,5,0.1,31,"mixed_population",1.69781276910491
100,5,3,5,0.1,32,"multinomial",1.51467865710395
100,5,3,5,0.1,32,"mixed",1.51111232071318
100,5,3,5,0.1,32,"mixed_population",1.51111216015887
100,5,3,5,0.1,33,"multinomial",1.536956585648
100,5,3,5,0.1,33,"mixed",1.5325423210083
100,5,3,5,0.1,33,"mixed_population",1.5311984862431
100,5,3,5,0.1,34,"multinomial",1.48073527676456
100,5,3,5,0.1,34,"mixed",1.47650400528396
100,5,3,5,0.1,34,"mixed_population",1.47650310514085
100,5,3,5,0.1,35,"multinomial",1.60802183641599
100,5,3,5,0.1,35,"mixed",1.60455663090017
100,5,3,5,0.1,35,"mixed_population",1.60455733655444
100,5,3,5,0.1,36,"multinomial",1.61208704749427
100,5,3,5,0.1,36,"mixed",1.60713429318034
100,5,3,5,0.1,36,"mixed_population",1.60713519628787
100,5,3,5,0.1,37,"multinomial",1.55891704411997
100,5,3,5,0.1,37,"mixed",1.55282328186958
100,5,3,5,0.1,37,"mixed_population",1.55282433385835
100,5,3,5,0.1,38,"multinomial",1.54207156049774
100,5,3,5,0.1,38,"mixed",1.53980884250016
100,5,3,5,0.1,38,"mixed_population",1.53980845343171
100,5,3,5,0.1,39,"multinomial",1.54716282813082
100,5,3,5,0.1,39,"mixed",1.54295515407439
100,5,3,5,0.1,39,"mixed_population",1.54295438734288
100,5,3,5,0.1,40,"multinomial",1.51606153809518
100,5,3,5,0.1,40,"mixed",1.51298789727715
100,5,3,5,0.1,40,"mixed_population",1.51301429002325
100,5,3,5,0.1,41,"multinomial",1.51792535303137
100,5,3,5,0.1,41,"mixed",1.51270633798696
100,5,3,5,0.1,41,"mixed_population",1.51270749478708
100,5,3,5,0.1,42,"multinomial",1.51673566081984
100,5,3,5,0.1,42,"mixed",1.51588042946985
100,5,3,5,0.1,42,"mixed_population",1.51588048287254
100,5,3,5,0.1,43,"multinomial",1.60175184869194
100,5,3,5,0.1,43,"mixed",1.59887578047262
100,5,3,5,0.1,43,"mixed_population",1.59887537951987
100,5,3,5,0.1,44,"multinomial",1.54566301977578
100,5,3,5,0.1,44,"mixed",1.54869011378216
100,5,3,5,0.1,44,"mixed_population",1.53810204215652
100,5,3,5,0.1,45,"multinomial",1.54115204881101
100,5,3,5,0.1,45,"mixed",1.53448849943743
100,5,3,5,0.1,45,"mixed_population",1.53448832442112
100,5,3,5,0.1,46,"multinomial",1.43055934875216
100,5,3,5,0.1,46,"mixed",1.43268359420026
100,5,3,5,0.1,46,"mixed_population",1.43268414071602
100,5,3,5,0.1,47,"multinomial",1.50448780032445
100,5,3,5,0.1,47,"mixed",1.50067480138953
100,5,3,5,0.1,47,"mixed_population",1.50067743967045
100,5,3,5,0.1,48,"multinomial",1.47720125125966
100,5,3,5,0.1,48,"mixed",1.46513659820077
100,5,3,5,0.1,48,"mixed_population",1.46513571077488
100,5,3,5,0.1,49,"multinomial",1.48234837659872
100,5,3,5,0.1,49,"mixed",1.48007468534446
100,5,3,5,0.1,49,"mixed_population",1.48007345511164
100,5,3,5,0.1,50,"multinomial",1.47910561611523
100,5,3,5,0.1,50,"mixed",1.4589474371484
100,5,3,5,0.1,50,"mixed_population",1.45692168455399
100,5,3,5,0.1,51,"multinomial",1.45306050811752
100,5,3,5,0.1,51,"mixed",1.44888496106469
100,5,3,5,0.1,51,"mixed_population",1.44888520744606
100,5,3,5,0.1,52,"multinomial",1.39168943571101
100,5,3,5,0.1,52,"mixed",1.39018198834439
100,5,3,5,0.1,52,"mixed_population",1.39018254062323
100,5,3,5,0.1,53,"multinomial",1.63320608614535
100,5,3,5,0.1,53,"mixed",1.63558547731145
100,5,3,5,0.1,53,"mixed_population",1.6355855072391
100,5,3,5,0.1,54,"multinomial",1.60771023562799
100,5,3,5,0.1,54,"mixed",1.60231311762066
100,5,3,5,0.1,54,"mixed_population",1.60231438807696
100,5,3,5,0.1,55,"multinomial",1.56340637866479
100,5,3,5,0.1,55,"mixed",1.56013013942408
100,5,3,5,0.1,55,"mixed_population",1.56012999064576
100,5,3,5,0.1,56,"multinomial",1.49670797913651
100,5,3,5,0.1,56,"mixed",1.49032391018106
100,5,3,5,0.1,56,"mixed_population",1.49032382785538
100,5,3,5,0.1,57,"multinomial",1.47462614734608
100,5,3,5,0.1,57,"mixed",1.46776072408102
100,5,3,5,0.1,57,"mixed_population",1.46775742896597
100,5,3,5,0.1,58,"multinomial",1.46426431627905
100,5,3,5,0.1,58,"mixed",1.45510261734078
100,5,3,5,0.1,58,"mixed_population",1.45510141967416
100,5,3,5,0.1,59,"multinomial",1.42188299099097
100,5,3,5,0.1,59,"mixed",1.41626575401943
100,5,3,5,0.1,59,"mixed_population",1.41626503551175
100,5,3,5,0.1,60,"multinomial",1.61825875096333
100,5,3,5,0.1,60,"mixed",1.6116319975945
100,5,3,5,0.1,60,"mixed_population",1.61162778128232
100,5,3,5,0.1,61,"multinomial",1.52992317001834
100,5,3,5,0.1,61,"mixed",1.51884816392034
100,5,3,5,0.1,61,"mixed_population",1.51884598302751
100,5,3,5,0.1,62,"multinomial",1.45362929851676
100,5,3,5,0.1,62,"mixed",1.45371410808295
100,5,3,5,0.1,62,"mixed_population",1.45254954274102
100,5,3,5,0.1,63,"multinomial",1.50824663733636
100,5,3,5,0.1,63,"mixed",1.5002346689526
100,5,3,5,0.1,63,"mixed_population",1.500234842817
100,5,3,5,0.1,64,"multinomial",1.53920291730435
100,5,3,5,0.1,64,"mixed",1.53263420169705
100,5,3,5,0.1,64,"mixed_population",1.53263502501965
100,5,3,5,0.1,65,"multinomial",1.49887995883763
100,5,3,5,0.1,65,"mixed",1.49102513170987
100,5,3,5,0.1,65,"mixed_population",1.49102414139613
100,5,3,5,0.1,66,"multinomial",1.56485002961544
100,5,3,5,0.1,66,"mixed",1.55681179287242
100,5,3,5,0.1,66,"mixed_population",1.55680126475968
100,5,3,5,0.1,67,"multinomial",1.47866116941379
100,5,3,5,0.1,67,"mixed",1.47513400305768
100,5,3,5,0.1,67,"mixed_population",1.47513435537469
100,5,3,5,0.1,68,"multinomial",1.47647559257238
100,5,3,5,0.1,68,"mixed",1.48695719078351
100,5,3,5,0.1,68,"mixed_population",1.4819159948526
100,5,3,5,0.1,69,"multinomial",1.39955732785674
100,5,3,5,0.1,69,"mixed",1.39049067766062
100,5,3,5,0.1,69,"mixed_population",1.3904906767662
100,5,3,5,0.1,70,"multinomial",1.64917979272149
100,5,3,5,0.1,70,"mixed",1.6417913579042
100,5,3,5,0.1,70,"mixed_population",1.64179012890699
100,5,3,5,0.1,71,"multinomial",1.46459282999371
100,5,3,5,0.1,71,"mixed",1.45882257947267
100,5,3,5,0.1,71,"mixed_population",1.45882076538301
100,5,3,5,0.1,72,"multinomial",1.57873562067094
100,5,3,5,0.1,72,"mixed",1.56646594369985
100,5,3,5,0.1,72,"mixed_population",1.5664654420336
100,5,3,5,0.1,73,"multinomial",1.6177127553806
100,5,3,5,0.1,73,"mixed",1.6116713254985
100,5,3,5,0.1,73,"mixed_population",1.61167123687897
100,5,3,5,0.1,74,"multinomial",1.40450872573234
100,5,3,5,0.1,74,"mixed",1.40173629661808
100,5,3,5,0.1,74,"mixed_population",1.40173649764476
100,5,3,5,0.1,75,"multinomial",1.63064715877869
100,5,3,5,0.1,75,"mixed",1.62080986791321
100,5,3,5,0.1,75,"mixed_population",1.6208040007902
100,5,3,5,0.1,76,"multinomial",1.38960824517955
100,5,3,5,0.1,76,"mixed",1.38284025593393
100,5,3,5,0.1,76,"mixed_population",1.3828398606995
100,5,3,5,0.1,77,"multinomial",1.53463739066599
100,5,3,5,0.1,77,"mixed",1.52832919261754
100,5,3,5,0.1,77,"mixed_population",1.5283325569871
100,5,3,5,0.1,78,"multinomial",1.55141783304261
100,5,3,5,0.1,78,"mixed",1.54984194407575
100,5,3,5,0.1,78,"mixed_population",1.54984102603372
100,5,3,5,0.1,79,"multinomial",1.53097659585873
100,5,3,5,0.1,79,"mixed",1.55086049960855
100,5,3,5,0.1,79,"mixed_population",1.53348503549957
100,5,3,5,0.1,80,"multinomial",1.4765773270807
100,5,3,5,0.1,80,"mixed",1.47205332437061
100,5,3,5,0.1,80,"mixed_population",1.47205286289302
100,5,3,5,0.1,81,"multinomial",1.63174905599005
100,5,3,5,0.1,81,"mixed",1.65389854680373
100,5,3,5,0.1,81,"mixed_population",1.63557807756369
100,5,3,5,0.1,82,"multinomial",1.55587228316706
100,5,3,5,0.1,82,"mixed",1.54877237116135
100,5,3,5,0.1,82,"mixed_population",1.54877228280924
100,5,3,5,0.1,83,"multinomial",1.60507463618645
100,5,3,5,0.1,83,"mixed",1.59158011766772
100,5,3,5,0.1,83,"mixed_population",1.59158093293737
100,5,3,5,0.1,84,"multinomial",1.57309264780698
100,5,3,5,0.1,84,"mixed",1.55857600512364
100,5,3,5,0.1,84,"mixed_population",1.55857574315378
100,5,3,5,0.1,85,"multinomial",1.52233011773661
100,5,3,5,0.1,85,"mixed",1.51738218730711
100,5,3,5,0.1,85,"mixed_population",1.51738274326786
100,5,3,5,0.1,86,"multinomial",1.50638037731139
100,5,3,5,0.1,86,"mixed",1.50160694273649
100,5,3,5,0.1,86,"mixed_population",1.50160645948425
100,5,3,5,0.1,87,"multinomial",1.445747919452
100,5,3,5,0.1,87,"mixed",1.44263279095015
100,5,3,5,0.1,87,"mixed_population",1.44263317730198
100,5,3,5,0.1,88,"multinomial",1.550970377065
100,5,3,5,0.1,88,"mixed",1.54879792872907
100,5,3,5,0.1,88,"mixed_population",1.54879741352276
100,5,3,5,0.1,89,"multinomial",1.61142478857011
100,5,3,5,0.1,89,"mixed",1.60215123169376
100,5,3,5,0.1,89,"mixed_population",1.60055906387608
100,5,3,5,0.1,90,"multinomial",1.4351633742438
100,5,3,5,0.1,90,"mixed",1.43240630351556
100,5,3,5,0.1,90,"mixed_population",1.43240641825056
100,5,3,5,0.1,91,"multinomial",1.46521745042649
100,5,3,5,0.1,91,"mixed",1.45017247786496
100,5,3,5,0.1,91,"mixed_population",1.45017245785157
100,5,3,5,0.1,92,"multinomial",1.51278471270515
100,5,3,5,0.1,92,"mixed",1.50117302380618
100,5,3,5,0.1,92,"mixed_population",1.50117274517633
100,5,3,5,0.1,93,"multinomial",1.49215879670958
100,5,3,5,0.1,93,"mixed",1.4913077250597
100,5,3,5,0.1,93,"mixed_population",1.48846142927803
100,5,3,5,0.1,94,"multinomial",1.48452921530612
100,5,3,5,0.1,94,"mixed",1.47208140974118
100,5,3,5,0.1,94,"mixed_population",1.472077659513
100,5,3,5,0.1,95,"multinomial",1.44777200215574
100,5,3,5,0.1,95,"mixed",1.43996060179555
100,5,3,5,0.1,95,"mixed_population",1.43995991173205
100,5,3,5,0.1,96,"multinomial",1.52242282897915
100,5,3,5,0.1,96,"mixed",1.51464022274768
100,5,3,5,0.1,96,"mixed_population",1.51464029221238
100,5,3,5,0.1,97,"multinomial",1.63921539678658
100,5,3,5,0.1,97,"mixed",1.63395842461111
100,5,3,5,0.1,97,"mixed_population",1.6312287073024
100,5,3,5,0.1,98,"multinomial",1.54051082362001
100,5,3,5,0.1,98,"mixed",1.52929493294973
100,5,3,5,0.1,98,"mixed_population",1.52929555584936
100,5,3,5,0.1,99,"multinomial",1.38647299091138
100,5,3,5,0.1,99,"mixed",1.38204918693586
100,5,3,5,0.1,99,"mixed_population",1.38205011145043
100,5,3,5,0.1,100,"multinomial",1.4828004494045
100,5,3,5,0.1,100,"mixed",1.47999786439478
100,5,3,5,0.1,100,"mixed_population",1.47999902301777
100,5,3,5,1,1,"multinomial",1.6921855580085
100,5,3,5,1,1,"mixed",1.72072740526901
100,5,3,5,1,1,"mixed_population",1.70027261205127
100,5,3,5,1,2,"multinomial",1.58839776555462
100,5,3,5,1,2,"mixed",1.58927045195578
100,5,3,5,1,2,"mixed_population",1.58157327474218
100,5,3,5,1,3,"multinomial",1.57526988315159
100,5,3,5,1,3,"mixed",1.59775647121275
100,5,3,5,1,3,"mixed_population",1.58868721573649
100,5,3,5,1,4,"multinomial",1.66219415133671
100,5,3,5,1,4,"mixed",1.65226063982343
100,5,3,5,1,4,"mixed_population",1.65226202671077
100,5,3,5,1,5,"multinomial",1.49341559744615
100,5,3,5,1,5,"mixed",1.5039270960764
100,5,3,5,1,5,"mixed_population",1.4937500292063
100,5,3,5,1,6,"multinomial",1.47636730759164
100,5,3,5,1,6,"mixed",1.46979393922925
100,5,3,5,1,6,"mixed_population",1.46979341765949
100,5,3,5,1,7,"multinomial",1.69214157545857
100,5,3,5,1,7,"mixed",1.71185603875253
100,5,3,5,1,7,"mixed_population",1.68845365367418
100,5,3,5,1,8,"multinomial",1.6850870235969
100,5,3,5,1,8,"mixed",1.69907366373426
100,5,3,5,1,8,"mixed_population",1.67264786432701
100,5,3,5,1,9,"multinomial",1.62878882176512
100,5,3,5,1,9,"mixed",1.65586976978267
100,5,3,5,1,9,"mixed_population",1.62950771873248
100,5,3,5,1,10,"multinomial",1.64708603144085
100,5,3,5,1,10,"mixed",1.6513844126105
100,5,3,5,1,10,"mixed_population",1.6513837547069
100,5,3,5,1,11,"multinomial",1.60871253614235
100,5,3,5,1,11,"mixed",1.62023640970331
100,5,3,5,1,11,"mixed_population",1.60361678251544
100,5,3,5,1,12,"multinomial",1.56744325146968
100,5,3,5,1,12,"mixed",1.57638369466294
100,5,3,5,1,12,"mixed_population",1.56348457945191
100,5,3,5,1,13,"multinomial",1.54570606777895
100,5,3,5,1,13,"mixed",1.54677916639638
100,5,3,5,1,13,"mixed_population",1.54677713855657
100,5,3,5,1,14,"multinomial",1.47513840558785
100,5,3,5,1,14,"mixed",1.4904983507524
100,5,3,5,1,14,"mixed_population",1.48104894161805
100,5,3,5,1,15,"multinomial",1.51658109279713
100,5,3,5,1,15,"mixed",1.52029835623176
100,5,3,5,1,15,"mixed_population",1.51574062348064
100,5,3,5,1,16,"multinomial",1.53240965778381
100,5,3,5,1,16,"mixed",1.54505320896386
100,5,3,5,1,16,"mixed_population",1.53547864471726
100,5,3,5,1,17,"multinomial",1.61810096953998
100,5,3,5,1,17,"mixed",1.60856651917209
100,5,3,5,1,17,"mixed_population",1.6085664109115
100,5,3,5,1,18,"multinomial",1.56590605400943
100,5,3,5,1,18,"mixed",1.58210977616139
100,5,3,5,1,18,"mixed_population",1.56262134475219
100,5,3,5,1,19,"multinomial",1.49934450039321
100,5,3,5,1,19,"mixed",1.5026578148
100,5,3,5,1,19,"mixed_population",1.49932904286251
100,5,3,5,1,20,"multinomial",1.63520936589151
100,5,3,5,1,20,"mixed",1.6368426023716
100,5,3,5,1,20,"mixed_population",1.6368425219461
100,5,3,5,1,21,"multinomial",1.75671961509392
100,5,3,5,1,21,"mixed",1.76902165793189
100,5,3,5,1,21,"mixed_population",1.75642319192001
100,5,3,5,1,22,"multinomial",1.7082580826464
100,5,3,5,1,22,"mixed",1.72060956585128
100,5,3,5,1,22,"mixed_population",1.70795706091039
100,5,3,5,1,23,"multinomial",1.58906098437148
100,5,3,5,1,23,"mixed",1.58200687053773
100,5,3,5,1,23,"mixed_population",1.58200670530091
100,5,3,5,1,24,"multinomial",1.64123536525563
100,5,3,5,1,24,"mixed",1.66010324284713
100,5,3,5,1,24,"mixed_population",1.64738499252524
100,5,3,5,1,25,"multinomial",1.57973541515179
100,5,3,5,1,25,"mixed",1.60496236381236
100,5,3,5,1,25,"mixed_population",1.58260082471542
100,5,3,5,1,26,"multinomial",1.70820538944019
100,5,3,5,1,26,"mixed",1.71905078049988
100,5,3,5,1,26,"mixed_population",1.70700375614655
100,5,3,5,1,27,"multinomial",1.58374177276102
100,5,3,5,1,27,"mixed",1.59758787422
100,5,3,5,1,27,"mixed_population",1.58077656142038
100,5,3,5,1,28,"multinomial",1.59993120452222
100,5,3,5,1,28,"mixed",1.62059921004407
100,5,3,5,1,28,"mixed_population",1.6038308598845
100,5,3,5,1,29,"multinomial",1.62753696765549
100,5,3,5,1,29,"mixed",1.64981742684146
100,5,3,5,1,29,"mixed_population",1.62061341648953
100,5,3,5,1,30,"multinomial",1.50224460304044
100,5,3,5,1,30,"mixed",1.51347097617219
100,5,3,5,1,30,"mixed_population",1.49937659172918
100,5,3,5,1,31,"multinomial",1.59359971393716
100,5,3,5,1,31,"mixed",1.61263108945423
100,5,3,5,1,31,"mixed_population",1.59754400306225
100,5,3,5,1,32,"multinomial",1.70328713743329
100,5,3,5,1,32,"mixed",1.71881632296739
100,5,3,5,1,32,"mixed_population",1.71086648307394
100,5,3,5,1,33,"multinomial",1.53723342087896
100,5,3,5,1,33,"mixed",1.54883653477888
100,5,3,5,1,33,"mixed_population",1.54106094462159
100,5,3,5,1,34,"multinomial",1.5975886553987
100,5,3,5,1,34,"mixed",1.61204869474659
100,5,3,5,1,34,"mixed_population",1.60307379305483
100,5,3,5,1,35,"multinomial",1.60708102023583
100,5,3,5,1,35,"mixed",1.62108787951541
100,5,3,5,1,35,"mixed_population",1.61028735608314
100,5,3,5,1,36,"multinomial",1.58539335551996
100,5,3,5,1,36,"mixed",1.60434520410504
100,5,3,5,1,36,"mixed_population",1.58243355173609
100,5,3,5,1,37,"multinomial",1.74801237535619
100,5,3,5,1,37,"mixed",1.74090882509669
100,5,3,5,1,37,"mixed_population",1.73702904048657
100,5,3,5,1,38,"multinomial",1.65150832107099
100,5,3,5,1,38,"mixed",1.64283696470009
100,5,3,5,1,38,"mixed_population",1.642830519264
100,5,3,5,1,39,"multinomial",1.50925496400731
100,5,3,5,1,39,"mixed",1.5027106597546
100,5,3,5,1,39,"mixed_population",1.50231885046099
100,5,3,5,1,40,"multinomial",1.56175778271086
100,5,3,5,1,40,"mixed",1.56059373464314
100,5,3,5,1,40,"mixed_population",1.55826798684404
100,5,3,5,1,41,"multinomial",1.56862277031532
100,5,3,5,1,41,"mixed",1.58996164498141
100,5,3,5,1,41,"mixed_population",1.57326299363072
100,5,3,5,1,42,"multinomial",1.63415431344571
100,5,3,5,1,42,"mixed",1.66191962650378
100,5,3,5,1,42,"mixed_population",1.64196571428978
100,5,3,5,1,43,"multinomial",1.55805319075741
100,5,3,5,1,43,"mixed",1.57799053092027
100,5,3,5,1,43,"mixed_population",1.55575139011673
100,5,3,5,1,44,"multinomial",1.55726866668379
100,5,3,5,1,44,"mixed",1.55378371393889
100,5,3,5,1,44,"mixed_population",1.55378365368724
100,5,3,5,1,45,"multinomial",1.56640342082483
100,5,3,5,1,45,"mixed",1.57725720741603
100,5,3,5,1,45,"mixed_population",1.56005033721397
100,5,3,5,1,46,"multinomial",1.58219386267582
100,5,3,5,1,46,"mixed",1.60538198123225
100,5,3,5,1,46,"mixed_population",1.59419755275421
100,5,3,5,1,47,"multinomial",1.643232404987
100,5,3,5,1,47,"mixed",1.65773888464574
100,5,3,5,1,47,"mixed_population",1.64134653295291
100,5,3,5,1,48,"multinomial",1.48486529431516
100,5,3,5,1,48,"mixed",1.49898902346395
100,5,3,5,1,48,"mixed_population",1.49179371583854
100,5,3,5,1,49,"multinomial",1.50740171252127
100,5,3,5,1,49,"mixed",1.52539370826865
100,5,3,5,1,49,"mixed_population",1.50983049239814
100,5,3,5,1,50,"multinomial",1.66773771373131
100,5,3,5,1,50,"mixed",1.66237363507684
100,5,3,5,1,50,"mixed_population",1.6623737008753
100,5,3,5,1,51,"multinomial",1.58469179367837
100,5,3,5,1,51,"mixed",1.59818201049389
100,5,3,5,1,51,"mixed_population",1.58668521435966
100,5,3,5,1,52,"multinomial",1.59862138557951
100,5,3,5,1,52,"mixed",1.61473297981227
100,5,3,5,1,52,"mixed_population",1.59552798159872
100,5,3,5,1,53,"multinomial",1.61399517714283
100,5,3,5,1,53,"mixed",1.62953136285421
100,5,3,5,1,53,"mixed_population",1.61643582371128
100,5,3,5,1,54,"multinomial",1.55578349847882
100,5,3,5,1,54,"mixed",1.54230084407845
100,5,3,5,1,54,"mixed_population",1.54230164331956
100,5,3,5,1,55,"multinomial",1.54410896552207
100,5,3,5,1,55,"mixed",1.54281339060433
100,5,3,5,1,55,"mixed_population",1.52529040446178
100,5,3,5,1,56,"multinomial",1.4774269797037
100,5,3,5,1,56,"mixed",1.491124556565
100,5,3,5,1,56,"mixed_population",1.48033221756996
100,5,3,5,1,57,"multinomial",1.50131150413876
100,5,3,5,1,57,"mixed",1.49784593475433
100,5,3,5,1,57,"mixed_population",1.49784886029021
100,5,3,5,1,58,"multinomial",1.72195765254586
100,5,3,5,1,58,"mixed",1.71676253928789
100,5,3,5,1,58,"mixed_population",1.71211075612959
100,5,3,5,1,59,"multinomial",1.55012377519763
100,5,3,5,1,59,"mixed",1.54878747203307
100,5,3,5,1,59,"mixed_population",1.54878737592818
100,5,3,5,1,60,"multinomial",1.58143544635825
100,5,3,5,1,60,"mixed",1.57979523591626
100,5,3,5,1,60,"mixed_population",1.57929875456094
100,5,3,5,1,61,"multinomial",1.53553118499471
100,5,3,5,1,61,"mixed",1.52863836168293
100,5,3,5,1,61,"mixed_population",1.52863878520976
100,5,3,5,1,62,"multinomial",1.58557673091125
100,5,3,5,1,62,"mixed",1.61039121790024
100,5,3,5,1,62,"mixed_population",1.59546660917291
100,5,3,5,1,63,"multinomial",1.54887942704771
100,5,3,5,1,63,"mixed",1.56481809442617
100,5,3,5,1,63,"mixed_population",1.54433027092224
100,5,3,5,1,64,"multinomial",1.54666499994622
100,5,3,5,1,64,"mixed",1.56421475731366
100,5,3,5,1,64,"mixed_population",1.55422841901966
100,5,3,5,1,65,"multinomial",1.67919775732337
100,5,3,5,1,65,"mixed",1.70068812292617
100,5,3,5,1,65,"mixed_population",1.68665367375828
100,5,3,5,1,66,"multinomial",1.61320644181136
100,5,3,5,1,66,"mixed",1.62241199042893
100,5,3,5,1,66,"mixed_population",1.60432976073707
100,5,3,5,1,67,"multinomial",1.51677824149766
100,5,3,5,1,67,"mixed",1.53030850109186
100,5,3,5,1,67,"mixed_population",1.51783439951606
100,5,3,5,1,68,"multinomial",1.57717763951818
100,5,3,5,1,68,"mixed",1.58860205144791
100,5,3,5,1,68,"mixed_population",1.57493117176831
100,5,3,5,1,69,"multinomial",1.71864910039909
100,5,3,5,1,69,"mixed",1.7530370658587
100,5,3,5,1,69,"mixed_population",1.73010092978993
100,5,3,5,1,70,"multinomial",1.72971903492962
100,5,3,5,1,70,"mixed",1.75478870969263
100,5,3,5,1,70,"mixed_population",1.73753612543531
100,5,3,5,1,71,"multinomial",1.59485478142033
100,5,3,5,1,71,"mixed",1.58269172626802
100,5,3,5,1,71,"mixed_population",1.58268954400223
100,5,3,5,1,72,"multinomial",1.54251713374284
100,5,3,5,1,72,"mixed",1.55881816669367
100,5,3,5,1,72,"mixed_population",1.54485293687919
100,5,3,5,1,73,"multinomial",1.60725934401498
100,5,3,5,1,73,"mixed",1.63433316487546
100,5,3,5,1,73,"mixed_population",1.61273531117388
100,5,3,5,1,74,"multinomial",1.66151983170605
100,5,3,5,1,74,"mixed",1.67983818240871
100,5,3,5,1,74,"mixed_population",1.65762862115271
100,5,3,5,1,75,"multinomial",1.56803093711139
100,5,3,5,1,75,"mixed",1.58566355506189
100,5,3,5,1,75,"mixed_population",1.57001857570837
100,5,3,5,1,76,"multinomial",1.65239825636436
100,5,3,5,1,76,"mixed",1.65160782862994
100,5,3,5,1,76,"mixed_population",1.6484883127561
100,5,3,5,1,77,"multinomial",1.47848471336407
100,5,3,5,1,77,"mixed",1.48207678272946
100,5,3,5,1,77,"mixed_population",1.48126370559251
100,5,3,5,1,78,"multinomial",1.66558832737806
100,5,3,5,1,78,"mixed",1.65558694724524
100,5,3,5,1,78,"mixed_population",1.64997443008628
100,5,3,5,1,79,"multinomial",1.65096485877075
100,5,3,5,1,79,"mixed",1.67829959120886
100,5,3,5,1,79,"mixed_population",1.65749489241031
100,5,3,5,1,80,"multinomial",1.60384622908117
100,5,3,5,1,80,"mixed",1.58357663800224
100,5,3,5,1,80,"mixed_population",1.58357565858466
100,5,3,5,1,81,"multinomial",1.42773756835182
100,5,3,5,1,81,"mixed",1.44154639409611
100,5,3,5,1,81,"mixed_population",1.43259513680057
100,5,3,5,1,82,"multinomial",1.48965269948835
100,5,3,5,1,82,"mixed",1.50753577478682
100,5,3,5,1,82,"mixed_population",1.4968210607645
100,5,3,5,1,83,"multinomial",1.7164005425085
100,5,3,5,1,83,"mixed",1.73061387802939
100,5,3,5,1,83,"mixed_population",1.7176748994774
100,5,3,5,1,84,"multinomial",1.55082538481291
100,5,3,5,1,84,"mixed",1.57351844509089
100,5,3,5,1,84,"mixed_population",1.56429979280104
100,5,3,5,1,85,"multinomial",1.66909374684863
100,5,3,5,1,85,"mixed",1.68812246536708
100,5,3,5,1,85,"mixed_population",1.6722798604771
100,5,3,5,1,86,"multinomial",1.52860890395269
100,5,3,5,1,86,"mixed",1.52858627640033
100,5,3,5,1,86,"mixed_population",1.52820456738132
100,5,3,5,1,87,"multinomial",1.69270899952191
100,5,3,5,1,87,"mixed",1.71418113086952
100,5,3,5,1,87,"mixed_population",1.70249425670094
100,5,3,5,1,88,"multinomial",1.63048125924888
100,5,3,5,1,88,"mixed",1.62467263241107
100,5,3,5,1,88,"mixed_population",1.62262240829183
100,5,3,5,1,89,"multinomial",1.54769875939161
100,5,3,5,1,89,"mixed",1.56509859270616
100,5,3,5,1,89,"mixed_population",1.5510731895784
100,5,3,5,1,90,"multinomial",1.60263252430842
100,5,3,5,1,90,"mixed",1.60425637420181
100,5,3,5,1,90,"mixed_population",1.59946229690913
100,5,3,5,1,91,"multinomial",1.66316127065758
100,5,3,5,1,91,"mixed",1.66152452728533
100,5,3,5,1,91,"mixed_population",1.66044980624903
100,5,3,5,1,92,"multinomial",1.59150548107614
100,5,3,5,1,92,"mixed",1.61123378349336
100,5,3,5,1,92,"mixed_population",1.58910622796406
100,5,3,5,1,93,"multinomial",1.58469703562669
100,5,3,5,1,93,"mixed",1.59860589760133
100,5,3,5,1,93,"mixed_population",1.580171993293
100,5,3,5,1,94,"multinomial",1.59268092688353
100,5,3,5,1,94,"mixed",1.61409483482299
100,5,3,5,1,94,"mixed_population",1.5962991439527
100,5,3,5,1,95,"multinomial",1.53622078484127
100,5,3,5,1,95,"mixed",1.52995213820412
100,5,3,5,1,95,"mixed_population",1.52995038034698
100,5,3,5,1,96,"multinomial",1.53874267445976
100,5,3,5,1,96,"mixed",1.5521238415263
100,5,3,5,1,96,"mixed_population",1.54970430817428
100,5,3,5,1,97,"multinomial",1.63232796482483
100,5,3,5,1,97,"mixed",1.63730570811573
100,5,3,5,1,97,"mixed_population",1.63737573935934
100,5,3,5,1,98,"multinomial",1.61564119639703
100,5,3,5,1,98,"mixed",1.63891432616429
100,5,3,5,1,98,"mixed_population",1.61571325078867
100,5,3,5,1,99,"multinomial",1.44857277688509
100,5,3,5,1,99,"mixed",1.45955928012105
100,5,3,5,1,99,"mixed_population",1.44636694323015
100,5,3,5,1,100,"multinomial",1.58678764885467
100,5,3,5,1,100,"mixed",1.60889049926078
100,5,3,5,1,100,"mixed_population",1.58508412243359
100,5,3,5,10,1,"multinomial",2.40407631363307
100,5,3,5,10,1,"mixed",2.68948876641738
100,5,3,5,10,1,"mixed_population",2.3948791737423
100,5,3,5,10,2,"multinomial",2.48160454154376
100,5,3,5,10,2,"mixed",2.79491519162354
100,5,3,5,10,2,"mixed_population",2.45596949418247
100,5,3,5,10,3,"multinomial",2.42461990128396
100,5,3,5,10,3,"mixed",2.70001151017729
100,5,3,5,10,3,"mixed_population",2.42697373322488
100,5,3,5,10,4,"multinomial",2.48096398829711
100,5,3,5,10,4,"mixed",2.83001653221316
100,5,3,5,10,4,"mixed_population",2.43682053295171
100,5,3,5,10,5,"multinomial",2.48230817097677
100,5,3,5,10,5,"mixed",2.70855646629997
100,5,3,5,10,5,"mixed_population",2.47677911808348
100,5,3,5,10,6,"multinomial",2.48248689148539
100,5,3,5,10,6,"mixed",2.74950436893467
100,5,3,5,10,6,"mixed_population",2.48657340565574
100,5,3,5,10,7,"multinomial",2.6313429902275
100,5,3,5,10,7,"mixed",3.05974653982794
100,5,3,5,10,7,"mixed_population",2.64048503115068
100,5,3,5,10,8,"multinomial",2.51828218356201
100,5,3,5,10,8,"mixed",2.74993639053719
100,5,3,5,10,8,"mixed_population",2.49280013321578
100,5,3,5,10,9,"multinomial",2.49665140685995
100,5,3,5,10,9,"mixed",2.71125875665177
100,5,3,5,10,9,"mixed_population",2.48076327224659
100,5,3,5,10,10,"multinomial",2.43946420879935
100,5,3,5,10,10,"mixed",2.72372185727066
100,5,3,5,10,10,"mixed_population",2.42487629572713
100,5,3,5,10,11,"multinomial",2.51607831330521
100,5,3,5,10,11,"mixed",2.72133982727301
100,5,3,5,10,11,"mixed_population",2.48169123066874
100,5,3,5,10,12,"multinomial",2.39481029909031
100,5,3,5,10,12,"mixed",2.69974536112278
100,5,3,5,10,12,"mixed_population",2.3628542525971
100,5,3,5,10,13,"multinomial",2.47143180958845
100,5,3,5,10,13,"mixed",2.7879660214485
100,5,3,5,10,13,"mixed_population",2.45496329566875
100,5,3,5,10,14,"multinomial",2.3784703949314
100,5,3,5,10,14,"mixed",2.6512908608595
100,5,3,5,10,14,"mixed_population",2.36320345841795
100,5,3,5,10,15,"multinomial",2.37898230233624
100,5,3,5,10,15,"mixed",2.65456766822089
100,5,3,5,10,15,"mixed_population",2.35071708643046
100,5,3,5,10,16,"multinomial",2.26895478367756
100,5,3,5,10,16,"mixed",2.48527891403913
100,5,3,5,10,16,"mixed_population",2.22839874066205
100,5,3,5,10,17,"multinomial",2.48992651653992
100,5,3,5,10,17,"mixed",2.82229380338572
100,5,3,5,10,17,"mixed_population",2.49601670606358
100,5,3,5,10,18,"multinomial",2.57544264370776
100,5,3,5,10,18,"mixed",2.81382800331669
100,5,3,5,10,18,"mixed_population",2.52600136991675
100,5,3,5,10,19,"multinomial",2.36784847263608
100,5,3,5,10,19,"mixed",2.60600942842723
100,5,3,5,10,19,"mixed_population",2.35085252466193
100,5,3,5,10,20,"multinomial",2.45704355971044
100,5,3,5,10,20,"mixed",2.67172654653363
100,5,3,5,10,20,"mixed_population",2.43403195510957
100,5,3,5,10,21,"multinomial",2.3774304480273
100,5,3,5,10,21,"mixed",2.54382786066017
100,5,3,5,10,21,"mixed_population",2.37383637527117
100,5,3,5,10,22,"multinomial",2.55070571937503
100,5,3,5,10,22,"mixed",2.74235226633456
100,5,3,5,10,22,"mixed_population",2.5319060798253
100,5,3,5,10,23,"multinomial",2.39359761448558
100,5,3,5,10,23,"mixed",2.77340889704827
100,5,3,5,10,23,"mixed_population",2.35364922473838
100,5,3,5,10,24,"multinomial",2.43291034281313
100,5,3,5,10,24,"mixed",2.7179229809289
100,5,3,5,10,24,"mixed_population",2.4036386456867
100,5,3,5,10,25,"multinomial",2.33298404509741
100,5,3,5,10,25,"mixed",2.62785093707479
100,5,3,5,10,25,"mixed_population",2.31527637904799
100,5,3,5,10,26,"multinomial",2.47988836484109
100,5,3,5,10,26,"mixed",2.77483361273132
100,5,3,5,10,26,"mixed_population",2.47200445816968
100,5,3,5,10,27,"multinomial",2.361187653531
100,5,3,5,10,27,"mixed",2.69096014373137
100,5,3,5,10,27,"mixed_population",2.34726614719776
100,5,3,5,10,28,"multinomial",2.38096300853966
100,5,3,5,10,28,"mixed",2.51368957679144
100,5,3,5,10,28,"mixed_population",2.35100629445011
100,5,3,5,10,29,"multinomial",2.32091032742857
100,5,3,5,10,29,"mixed",2.6746658568904
100,5,3,5,10,29,"mixed_population",2.29270609984728
100,5,3,5,10,30,"multinomial",2.39652591564378
100,5,3,5,10,30,"mixed",2.61571055271857
100,5,3,5,10,30,"mixed_population",2.37958583987483
100,5,3,5,10,31,"multinomial",2.51011786039632
100,5,3,5,10,31,"mixed",2.81710311243489
100,5,3,5,10,31,"mixed_population",2.48053494895043
100,5,3,5,10,32,"multinomial",2.5672845641395
100,5,3,5,10,32,"mixed",2.88885920145313
100,5,3,5,10,32,"mixed_population",2.56293817160153
100,5,3,5,10,33,"multinomial",2.56287161244774
100,5,3,5,10,33,"mixed",2.87621363220226
100,5,3,5,10,33,"mixed_population",2.57042695382438
100,5,3,5,10,34,"multinomial",2.4473987846992
100,5,3,5,10,34,"mixed",2.78675000378157
100,5,3,5,10,34,"mixed_population",2.42640612596285
100,5,3,5,10,35,"multinomial",2.48655196072409
100,5,3,5,10,35,"mixed",2.76745518669998
100,5,3,5,10,35,"mixed_population",2.475157981161
100,5,3,5,10,36,"multinomial",2.58135525426783
100,5,3,5,10,36,"mixed",2.78648565489118
100,5,3,5,10,36,"mixed_population",2.5453570434058
100,5,3,5,10,37,"multinomial",2.44338439239876
100,5,3,5,10,37,"mixed",2.81124633948445
100,5,3,5,10,37,"mixed_population",2.40271145248778
100,5,3,5,10,38,"multinomial",2.37158734457964
100,5,3,5,10,38,"mixed",2.64279789392428
100,5,3,5,10,38,"mixed_population",2.35704964776974
100,5,3,5,10,39,"multinomial",2.42606117524057
100,5,3,5,10,39,"mixed",2.68648943836701
100,5,3,5,10,39,"mixed_population",2.39737156685027
100,5,3,5,10,40,"multinomial",2.39554835828897
100,5,3,5,10,40,"mixed",2.69629438300714
100,5,3,5,10,40,"mixed_population",2.3681657047529
100,5,3,5,10,41,"multinomial",2.3819205654035
100,5,3,5,10,41,"mixed",2.69159138468239
100,5,3,5,10,41,"mixed_population",2.3892044259016
100,5,3,5,10,42,"multinomial",2.49422491303231
100,5,3,5,10,42,"mixed",2.74555642256832
100,5,3,5,10,42,"mixed_population",2.4530475132168
100,5,3,5,10,43,"multinomial",2.48199032350375
100,5,3,5,10,43,"mixed",2.7203824280676
100,5,3,5,10,43,"mixed_population",2.47059962469773
100,5,3,5,10,44,"multinomial",2.40722542299064
100,5,3,5,10,44,"mixed",2.75657823505065
100,5,3,5,10,44,"mixed_population",2.36656999634745
100,5,3,5,10,45,"multinomial",2.38290412297295
100,5,3,5,10,45,"mixed",2.73031018523735
100,5,3,5,10,45,"mixed_population",2.35077539279413
100,5,3,5,10,46,"multinomial",2.5232759082681
100,5,3,5,10,46,"mixed",2.6937619698186
100,5,3,5,10,46,"mixed_population",2.54730162011873
100,5,3,5,10,47,"multinomial",2.38620742351386
100,5,3,5,10,47,"mixed",2.63195267023082
100,5,3,5,10,47,"mixed_population",2.37294998913449
100,5,3,5,10,48,"multinomial",2.50313187750805
100,5,3,5,10,48,"mixed",2.77919164630705
100,5,3,5,10,48,"mixed_population",2.49042616878638
100,5,3,5,10,49,"multinomial",2.38741273237229
100,5,3,5,10,49,"mixed",2.70735605271821
100,5,3,5,10,49,"mixed_population",2.36554097776534
100,5,3,5,10,50,"multinomial",2.3852164039069
100,5,3,5,10,50,"mixed",2.69135714351258
100,5,3,5,10,50,"mixed_population",2.37437879145531
100,5,3,5,10,51,"multinomial",2.34893589701858
100,5,3,5,10,51,"mixed",2.5886838545822
100,5,3,5,10,51,"mixed_population",2.34215932872729
100,5,3,5,10,52,"multinomial",2.57743171787039
100,5,3,5,10,52,"mixed",2.69921499827463
100,5,3,5,10,52,"mixed_population",2.47941155040886
100,5,3,5,10,53,"multinomial",2.52042107495392
100,5,3,5,10,53,"mixed",2.85003456743577
100,5,3,5,10,53,"mixed_population",2.47827404256076
100,5,3,5,10,54,"multinomial",2.39135039485269
100,5,3,5,10,54,"mixed",2.51390989577706
100,5,3,5,10,54,"mixed_population",2.39399885072627
100,5,3,5,10,55,"multinomial",2.49834742737765
100,5,3,5,10,55,"mixed",2.86564490723931
100,5,3,5,10,55,"mixed_population",2.47802122615197
100,5,3,5,10,56,"multinomial",2.40421131138597
100,5,3,5,10,56,"mixed",2.75086907342687
100,5,3,5,10,56,"mixed_population",2.37436773111227
100,5,3,5,10,57,"multinomial",2.58903807607146
100,5,3,5,10,57,"mixed",2.86209709571625
100,5,3,5,10,57,"mixed_population",2.56218342918526
100,5,3,5,10,58,"multinomial",2.39697351621142
100,5,3,5,10,58,"mixed",2.65904477300994
100,5,3,5,10,58,"mixed_population",2.38360479066098
100,5,3,5,10,59,"multinomial",2.55446656455244
100,5,3,5,10,59,"mixed",2.80243304621851
100,5,3,5,10,59,"mixed_population",2.53478015176833
100,5,3,5,10,60,"multinomial",2.48022350726528
100,5,3,5,10,60,"mixed",2.87907573128029
100,5,3,5,10,60,"mixed_population",2.46418093824607
100,5,3,5,10,61,"multinomial",2.43908319320462
100,5,3,5,10,61,"mixed",2.69824113833208
100,5,3,5,10,61,"mixed_population",2.42121261332972
100,5,3,5,10,62,"multinomial",2.45013506413937
100,5,3,5,10,62,"mixed",2.67601019559807
100,5,3,5,10,62,"mixed_population",2.4400624359793
100,5,3,5,10,63,"multinomial",2.36799325008096
100,5,3,5,10,63,"mixed",2.5707221567076
100,5,3,5,10,63,"mixed_population",2.34583327239976
100,5,3,5,10,64,"multinomial",2.45070294014883
100,5,3,5,10,64,"mixed",2.87545025706438
100,5,3,5,10,64,"mixed_population",2.43062458958385
100,5,3,5,10,65,"multinomial",2.40600422380986
100,5,3,5,10,65,"mixed",2.69961444291439
100,5,3,5,10,65,"mixed_population",2.39697677146874
100,5,3,5,10,66,"multinomial",2.58764129633565
100,5,3,5,10,66,"mixed",2.95887979384061
100,5,3,5,10,66,"mixed_population",2.54157527750509
100,5,3,5,10,67,"multinomial",2.53772797904754
100,5,3,5,10,67,"mixed",2.86677989564936
100,5,3,5,10,67,"mixed_population",2.53400010083093
100,5,3,5,10,68,"multinomial",2.37143901804409
100,5,3,5,10,68,"mixed",2.69490133569415
100,5,3,5,10,68,"mixed_population",2.33711254659933
100,5,3,5,10,69,"multinomial",2.58925370792378
100,5,3,5,10,69,"mixed",2.85374269683425
100,5,3,5,10,69,"mixed_population",2.56075737460693
100,5,3,5,10,70,"multinomial",2.45308512924964
100,5,3,5,10,70,"mixed",2.67559214547442
100,5,3,5,10,70,"mixed_population",2.42698709802467
100,5,3,5,10,71,"multinomial",2.45694202100457
100,5,3,5,10,71,"mixed",2.76171760413217
100,5,3,5,10,71,"mixed_population",2.42616531699072
100,5,3,5,10,72,"multinomial",2.45313225669112
100,5,3,5,10,72,"mixed",2.71375041485227
100,5,3,5,10,72,"mixed_population",2.42907774589428
100,5,3,5,10,73,"multinomial",2.41793278335799
100,5,3,5,10,73,"mixed",2.79515660592479
100,5,3,5,10,73,"mixed_population",2.3868335934791
100,5,3,5,10,74,"multinomial",2.40123154821466
100,5,3,5,10,74,"mixed",2.70515785471119
100,5,3,5,10,74,"mixed_population",2.4055307607365
100,5,3,5,10,75,"multinomial",2.33124337099687
100,5,3,5,10,75,"mixed",2.69293181146693
100,5,3,5,10,75,"mixed_population",2.33950618411797
100,5,3,5,10,76,"multinomial",2.30358159311774
100,5,3,5,10,76,"mixed",2.59680794692998
100,5,3,5,10,76,"mixed_population",2.33187158798511
100,5,3,5,10,77,"multinomial",2.39573198090992
100,5,3,5,10,77,"mixed",2.65390880663439
100,5,3,5,10,77,"mixed_population",2.34599570131781
100,5,3,5,10,78,"multinomial",2.41286810990939
100,5,3,5,10,78,"mixed",2.64792094068738
100,5,3,5,10,78,"mixed_population",2.38262064321385
100,5,3,5,10,79,"multinomial",2.53044485034985
100,5,3,5,10,79,"mixed",2.87748638013947
100,5,3,5,10,79,"mixed_population",2.53160556482467
100,5,3,5,10,80,"multinomial",2.47856905169634
100,5,3,5,10,80,"mixed",2.74207918905293
100,5,3,5,10,80,"mixed_population",2.46929267561962
100,5,3,5,10,81,"multinomial",2.39392080088814
100,5,3,5,10,81,"mixed",2.65157005506455
100,5,3,5,10,81,"mixed_population",2.39993010367888
100,5,3,5,10,82,"multinomial",2.41119334048359
100,5,3,5,10,82,"mixed",2.60818762570129
100,5,3,5,10,82,"mixed_population",2.43313491442017
100,5,3,5,10,83,"multinomial",2.38000646989737
100,5,3,5,10,83,"mixed",2.58941018300822
100,5,3,5,10,83,"mixed_population",2.34062879483882
100,5,3,5,10,84,"multinomial",2.42873679831224
100,5,3,5,10,84,"mixed",2.71147735051538
100,5,3,5,10,84,"mixed_population",2.38722677796286
100,5,3,5,10,85,"multinomial",2.49452643229053
100,5,3,5,10,85,"mixed",2.8112301597123
100,5,3,5,10,85,"mixed_population",2.44926546907738
100,5,3,5,10,86,"multinomial",2.43089782625994
100,5,3,5,10,86,"mixed",2.61050614600341
100,5,3,5,10,86,"mixed_population",2.40091670795589
100,5,3,5,10,87,"multinomial",2.50493098464735
100,5,3,5,10,87,"mixed",2.71614175764611
100,5,3,5,10,87,"mixed_population",2.49151049943943
100,5,3,5,10,88,"multinomial",2.39817174809961
100,5,3,5,10,88,"mixed",2.65880068794244
100,5,3,5,10,88,"mixed_population",2.38621526971785
100,5,3,5,10,89,"multinomial",2.56514001833335
100,5,3,5,10,89,"mixed",2.80380491018093
100,5,3,5,10,89,"mixed_population",2.55067692266763
100,5,3,5,10,90,"multinomial",2.55205559020682
100,5,3,5,10,90,"mixed",2.89480012115932
100,5,3,5,10,90,"mixed_population",2.54322085329509
100,5,3,5,10,91,"multinomial",2.40609559522855
100,5,3,5,10,91,"mixed",2.57166541793608
100,5,3,5,10,91,"mixed_population",2.39061926225186
100,5,3,5,10,92,"multinomial",2.45638778181723
100,5,3,5,10,92,"mixed",2.69498117756575
100,5,3,5,10,92,"mixed_population",2.46225621437192
100,5,3,5,10,93,"multinomial",2.42879647653181
100,5,3,5,10,93,"mixed",2.52445117976837
100,5,3,5,10,93,"mixed_population",2.40128728152861
100,5,3,5,10,94,"multinomial",2.42929126678965
100,5,3,5,10,94,"mixed",2.67627828581246
100,5,3,5,10,94,"mixed_population",2.40133815220798
100,5,3,5,10,95,"multinomial",2.48402066301237
100,5,3,5,10,95,"mixed",2.80483125169432
100,5,3,5,10,95,"mixed_population",2.4480202528604
100,5,3,5,10,96,"multinomial",2.59983793662711
100,5,3,5,10,96,"mixed",2.83572121474671
100,5,3,5,10,96,"mixed_population",2.56796799469787
100,5,3,5,10,97,"multinomial",2.33496320310346
100,5,3,5,10,97,"mixed",2.61866008659891
100,5,3,5,10,97,"mixed_population",2.31870908923036
100,5,3,5,10,98,"multinomial",2.3764218343197
100,5,3,5,10,98,"mixed",2.62003640233765
100,5,3,5,10,98,"mixed_population",2.3790590642858
100,5,3,5,10,99,"multinomial",2.60341952507779
100,5,3,5,10,99,"mixed",2.94072311714187
100,5,3,5,10,99,"mixed_population",2.56305683765629
100,5,3,5,10,100,"multinomial",2.46796373777556
100,5,3,5,10,100,"mixed",2.62315920499916
100,5,3,5,10,100,"mixed_population",2.4612379413549
100,5,3,15,0.01,1,"multinomial",2.4450920896286
100,5,3,15,0.01,1,"mixed",2.43524510725837
100,5,3,15,0.01,1,"mixed_population",2.43524476509794
100,5,3,15,0.01,2,"multinomial",2.44019086112301
100,5,3,15,0.01,2,"mixed",2.4358876659109
100,5,3,15,0.01,2,"mixed_population",2.4358878525541
100,5,3,15,0.01,3,"multinomial",2.47856107526191
100,5,3,15,0.01,3,"mixed",2.47238982245047
100,5,3,15,0.01,3,"mixed_population",2.47238979465045
100,5,3,15,0.01,4,"multinomial",2.52807809620983
100,5,3,15,0.01,4,"mixed",2.52065073427151
100,5,3,15,0.01,4,"mixed_population",2.52065232934436
100,5,3,15,0.01,5,"multinomial",2.48590331734544
100,5,3,15,0.01,5,"mixed",2.48326069746335
100,5,3,15,0.01,5,"mixed_population",2.48326065773511
100,5,3,15,0.01,6,"multinomial",2.50911878608706
100,5,3,15,0.01,6,"mixed",2.50133039700584
100,5,3,15,0.01,6,"mixed_population",2.5013310980526
100,5,3,15,0.01,7,"multinomial",2.70448615115525
100,5,3,15,0.01,7,"mixed",2.69889250311473
100,5,3,15,0.01,7,"mixed_population",2.69888807822582
100,5,3,15,0.01,8,"multinomial",2.70592924097614
100,5,3,15,0.01,8,"mixed",2.70667870379444
100,5,3,15,0.01,8,"mixed_population",2.7066773930445
100,5,3,15,0.01,9,"multinomial",2.88286903017603
100,5,3,15,0.01,9,"mixed",2.87959095669464
100,5,3,15,0.01,9,"mixed_population",2.87959246038717
100,5,3,15,0.01,10,"multinomial",2.82933736376883
100,5,3,15,0.01,10,"mixed",2.82861692526091
100,5,3,15,0.01,10,"mixed_population",2.82861699190864
100,5,3,15,0.01,11,"multinomial",2.45654795403147
100,5,3,15,0.01,11,"mixed",2.45048679871406
100,5,3,15,0.01,11,"mixed_population",2.45048861281473
100,5,3,15,0.01,12,"multinomial",2.74304641193202
100,5,3,15,0.01,12,"mixed",2.74642948816109
100,5,3,15,0.01,12,"mixed_population",2.74642850925854
100,5,3,15,0.01,13,"multinomial",2.6549316317844
100,5,3,15,0.01,13,"mixed",2.65192970378958
100,5,3,15,0.01,13,"mixed_population",2.65192878097769
100,5,3,15,0.01,14,"multinomial",2.60507785706409
100,5,3,15,0.01,14,"mixed",2.60192562510197
100,5,3,15,0.01,14,"mixed_population",2.60192570311329
100,5,3,15,0.01,15,"multinomial",2.60367869399064
100,5,3,15,0.01,15,"mixed",2.60066763077215
100,5,3,15,0.01,15,"mixed_population",2.6006649078018
100,5,3,15,0.01,16,"multinomial",2.49529061890501
100,5,3,15,0.01,16,"mixed",2.49291506642605
100,5,3,15,0.01,16,"mixed_population",2.49291556178776
100,5,3,15,0.01,17,"multinomial",2.85786960252844
100,5,3,15,0.01,17,"mixed",2.85439952180818
100,5,3,15,0.01,17,"mixed_population",2.85441551312914
100,5,3,15,0.01,18,"multinomial",2.48783914453523
100,5,3,15,0.01,18,"mixed",2.48308275187965
100,5,3,15,0.01,18,"mixed_population",2.48308350261355
100,5,3,15,0.01,19,"multinomial",2.8068701888935
100,5,3,15,0.01,19,"mixed",2.79800172122273
100,5,3,15,0.01,19,"mixed_population",2.79800075945637
100,5,3,15,0.01,20,"multinomial",2.77653037174464
100,5,3,15,0.01,20,"mixed",2.77406559900709
100,5,3,15,0.01,20,"mixed_population",2.77406426261922
100,5,3,15,0.01,21,"multinomial",2.52264657608854
100,5,3,15,0.01,21,"mixed",2.51554555553422
100,5,3,15,0.01,21,"mixed_population",2.51554569151166
100,5,3,15,0.01,22,"multinomial",2.54926639963369
100,5,3,15,0.01,22,"mixed",2.54534027322236
100,5,3,15,0.01,22,"mixed_population",2.5453407738363
100,5,3,15,0.01,23,"multinomial",2.53182660047466
100,5,3,15,0.01,23,"mixed",2.52756038168057
100,5,3,15,0.01,23,"mixed_population",2.52756033096185
100,5,3,15,0.01,24,"multinomial",2.57474279126335
100,5,3,15,0.01,24,"mixed",2.57011963105826
100,5,3,15,0.01,24,"mixed_population",2.5701189066696
100,5,3,15,0.01,25,"multinomial",2.47668144505412
100,5,3,15,0.01,25,"mixed",2.47245943518294
100,5,3,15,0.01,25,"mixed_population",2.4724589902746
100,5,3,15,0.01,26,"multinomial",2.52337759324865
100,5,3,15,0.01,26,"mixed",2.52266632665795
100,5,3,15,0.01,26,"mixed_population",2.52266473916757
100,5,3,15,0.01,27,"multinomial",2.50017395487492
100,5,3,15,0.01,27,"mixed",2.49884075923351
100,5,3,15,0.01,27,"mixed_population",2.49883980347585
100,5,3,15,0.01,28,"multinomial",2.60061492473611
100,5,3,15,0.01,28,"mixed",2.59484599652798
100,5,3,15,0.01,28,"mixed_population",2.59484286344695
100,5,3,15,0.01,29,"multinomial",2.44088553668138
100,5,3,15,0.01,29,"mixed",2.43451616907475
100,5,3,15,0.01,29,"mixed_population",2.43452209881544
100,5,3,15,0.01,30,"multinomial",2.62751615994901
100,5,3,15,0.01,30,"mixed",2.61898954093541
100,5,3,15,0.01,30,"mixed_population",2.61899020624355
100,5,3,15,0.01,31,"multinomial",2.55861591297919
100,5,3,15,0.01,31,"mixed",2.55467574720087
100,5,3,15,0.01,31,"mixed_population",2.55467516071143
100,5,3,15,0.01,32,"multinomial",2.68323300900654
100,5,3,15,0.01,32,"mixed",2.67329111222285
100,5,3,15,0.01,32,"mixed_population",2.6732884678999
100,5,3,15,0.01,33,"multinomial",2.46813668855047
100,5,3,15,0.01,33,"mixed",2.46648427842281
100,5,3,15,0.01,33,"mixed_population",2.46648444046615
100,5,3,15,0.01,34,"multinomial",2.77668174846112
100,5,3,15,0.01,34,"mixed",2.77638087869065
100,5,3,15,0.01,34,"mixed_population",2.77639071181811
100,5,3,15,0.01,35,"multinomial",2.71489715628357
100,5,3,15,0.01,35,"mixed",2.71328871378781
100,5,3,15,0.01,35,"mixed_population",2.71329220700361
100,5,3,15,0.01,36,"multinomial",2.7959182807788
100,5,3,15,0.01,36,"mixed",2.78463539508677
100,5,3,15,0.01,36,"mixed_population",2.7846360167
100,5,3,15,0.01,37,"multinomial",2.51380414727112
100,5,3,15,0.01,37,"mixed",2.50877424785926
100,5,3,15,0.01,37,"mixed_population",2.50877442426485
100,5,3,15,0.01,38,"multinomial",2.85430554552535
100,5,3,15,0.01,38,"mixed",2.84944202089065
100,5,3,15,0.01,38,"mixed_population",2.84944515295857
100,5,3,15,0.01,39,"multinomial",2.5930872326813
100,5,3,15,0.01,39,"mixed",2.58418857189268
100,5,3,15,0.01,39,"mixed_population",2.58418921130926
100,5,3,15,0.01,40,"multinomial",2.57034325943945
100,5,3,15,0.01,40,"mixed",2.56959509638834
100,5,3,15,0.01,40,"mixed_population",2.56960370388488
100,5,3,15,0.01,41,"multinomial",2.53177021576171
100,5,3,15,0.01,41,"mixed",2.53041609582287
100,5,3,15,0.01,41,"mixed_population",2.53019429921628
100,5,3,15,0.01,42,"multinomial",2.70656638320367
100,5,3,15,0.01,42,"mixed",2.7051962512469
100,5,3,15,0.01,42,"mixed_population",2.70519586981168
100,5,3,15,0.01,43,"multinomial",2.38421108834072
100,5,3,15,0.01,43,"mixed",2.38386184104741
100,5,3,15,0.01,43,"mixed_population",2.38386169099433
100,5,3,15,0.01,44,"multinomial",2.76469967475651
100,5,3,15,0.01,44,"mixed",2.76170609176287
100,5,3,15,0.01,44,"mixed_population",2.76170607186963
100,5,3,15,0.01,45,"multinomial",2.56058478185081
100,5,3,15,0.01,45,"mixed",2.55001197160767
100,5,3,15,0.01,45,"mixed_population",2.55001324426532
100,5,3,15,0.01,46,"multinomial",2.72913942992687
100,5,3,15,0.01,46,"mixed",2.72894903429335
100,5,3,15,0.01,46,"mixed_population",2.7250049036075
100,5,3,15,0.01,47,"multinomial",2.55795191268408
100,5,3,15,0.01,47,"mixed",2.55128840463216
100,5,3,15,0.01,47,"mixed_population",2.55128844751858
100,5,3,15,0.01,48,"multinomial",2.66489157991931
100,5,3,15,0.01,48,"mixed",2.65884840955976
100,5,3,15,0.01,48,"mixed_population",2.65884823247189
100,5,3,15,0.01,49,"multinomial",2.56196980109236
100,5,3,15,0.01,49,"mixed",2.5540963241055
100,5,3,15,0.01,49,"mixed_population",2.55409734244176
100,5,3,15,0.01,50,"multinomial",2.41432526012577
100,5,3,15,0.01,50,"mixed",2.41044017811196
100,5,3,15,0.01,50,"mixed_population",2.41043968313499
100,5,3,15,0.01,51,"multinomial",2.67431560295388
100,5,3,15,0.01,51,"mixed",2.66552428900171
100,5,3,15,0.01,51,"mixed_population",2.66552603712992
100,5,3,15,0.01,52,"multinomial",2.33656803399387
100,5,3,15,0.01,52,"mixed",2.33616107902054
100,5,3,15,0.01,52,"mixed_population",2.3361628762412
100,5,3,15,0.01,53,"multinomial",2.5574357137144
100,5,3,15,0.01,53,"mixed",2.5537363275994
100,5,3,15,0.01,53,"mixed_population",2.55373711728102
100,5,3,15,0.01,54,"multinomial",2.37032336451038
100,5,3,15,0.01,54,"mixed",2.36830601029083
100,5,3,15,0.01,54,"mixed_population",2.36830583970995
100,5,3,15,0.01,55,"multinomial",2.59812218030679
100,5,3,15,0.01,55,"mixed",2.60207280477463
100,5,3,15,0.01,55,"mixed_population",2.60207667722135
100,5,3,15,0.01,56,"multinomial",2.505190908152
100,5,3,15,0.01,56,"mixed",2.50117678728858
100,5,3,15,0.01,56,"mixed_population",2.50117464152079
100,5,3,15,0.01,57,"multinomial",2.72917015139853
100,5,3,15,0.01,57,"mixed",2.72215770852331
100,5,3,15,0.01,57,"mixed_population",2.72215721227996
100,5,3,15,0.01,58,"multinomial",2.82750424885684
100,5,3,15,0.01,58,"mixed",2.82280113971372
100,5,3,15,0.01,58,"mixed_population",2.8228264817254
100,5,3,15,0.01,59,"multinomial",2.5267552532246
100,5,3,15,0.01,59,"mixed",2.51373126653986
100,5,3,15,0.01,59,"mixed_population",2.51373105830078
100,5,3,15,0.01,60,"multinomial",2.62236523850606
100,5,3,15,0.01,60,"mixed",2.62080165794269
100,5,3,15,0.01,60,"mixed_population",2.62080156917264
100,5,3,15,0.01,61,"multinomial",2.58956285030737
100,5,3,15,0.01,61,"mixed",2.58375902355819
100,5,3,15,0.01,61,"mixed_population",2.58375222990483
100,5,3,15,0.01,62,"multinomial",2.6002062878303
100,5,3,15,0.01,62,"mixed",2.6158367236657
100,5,3,15,0.01,62,"mixed_population",2.60413603143285
100,5,3,15,0.01,63,"multinomial",2.8285362305777
100,5,3,15,0.01,63,"mixed",2.82270024648694
100,5,3,15,0.01,63,"mixed_population",2.82269860687919
100,5,3,15,0.01,64,"multinomial",2.367606419727
100,5,3,15,0.01,64,"mixed",2.36357997594164
100,5,3,15,0.01,64,"mixed_population",2.36357950790504
100,5,3,15,0.01,65,"multinomial",2.26964405336308
100,5,3,15,0.01,65,"mixed",2.26485108166703
100,5,3,15,0.01,65,"mixed_population",2.26485072841064
100,5,3,15,0.01,66,"multinomial",2.55439988651759
100,5,3,15,0.01,66,"mixed",2.55110891317866
100,5,3,15,0.01,66,"mixed_population",2.55111081216504
100,5,3,15,0.01,67,"multinomial",2.43262715234902
100,5,3,15,0.01,67,"mixed",2.42884911310647
100,5,3,15,0.01,67,"mixed_population",2.42884913291234
100,5,3,15,0.01,68,"multinomial",2.35120394083343
100,5,3,15,0.01,68,"mixed",2.35041883353644
100,5,3,15,0.01,68,"mixed_population",2.35041334487043
100,5,3,15,0.01,69,"multinomial",2.72310409483827
100,5,3,15,0.01,69,"mixed",2.72425622092815
100,5,3,15,0.01,69,"mixed_population",2.72425693762575
100,5,3,15,0.01,70,"multinomial",2.32605880246991
100,5,3,15,0.01,70,"mixed",2.32459700026275
100,5,3,15,0.01,70,"mixed_population",2.32460111626432
100,5,3,15,0.01,71,"multinomial",2.82045703027104
100,5,3,15,0.01,71,"mixed",2.81790620579151
100,5,3,15,0.01,71,"mixed_population",2.81790643671523
100,5,3,15,0.01,72,"multinomial",2.64301241894249
100,5,3,15,0.01,72,"mixed",2.63798836785065
100,5,3,15,0.01,72,"mixed_population",2.63798752885103
100,5,3,15,0.01,73,"multinomial",2.70375964050293
100,5,3,15,0.01,73,"mixed",2.69885585160104
100,5,3,15,0.01,73,"mixed_population",2.69885258659869
100,5,3,15,0.01,74,"multinomial",2.54841746682671
100,5,3,15,0.01,74,"mixed",2.54762404173977
100,5,3,15,0.01,74,"mixed_population",2.54763131227149
100,5,3,15,0.01,75,"multinomial",2.63747238711971
100,5,3,15,0.01,75,"mixed",2.6293505507768
100,5,3,15,0.01,75,"mixed_population",2.62935308292754
100,5,3,15,0.01,76,"multinomial",2.44400682650561
100,5,3,15,0.01,76,"mixed",2.44588943186239
100,5,3,15,0.01,76,"mixed_population",2.44588530874185
100,5,3,15,0.01,77,"multinomial",2.4783049139045
100,5,3,15,0.01,77,"mixed",2.46890064822154
100,5,3,15,0.01,77,"mixed_population",2.46891572331624
100,5,3,15,0.01,78,"multinomial",2.60930389780535
100,5,3,15,0.01,78,"mixed",2.6070285612344
100,5,3,15,0.01,78,"mixed_population",2.60702885245762
100,5,3,15,0.01,79,"multinomial",2.35344691557992
100,5,3,15,0.01,79,"mixed",2.34340788838578
100,5,3,15,0.01,79,"mixed_population",2.34340415815546
100,5,3,15,0.01,80,"multinomial",2.48357911256261
100,5,3,15,0.01,80,"mixed",2.48057414689771
100,5,3,15,0.01,80,"mixed_population",2.48057265533659
100,5,3,15,0.01,81,"multinomial",2.64833138099076
100,5,3,15,0.01,81,"mixed",2.64633703691577
100,5,3,15,0.01,81,"mixed_population",2.64399695738371
100,5,3,15,0.01,82,"multinomial",2.64298522754704
100,5,3,15,0.01,82,"mixed",2.63916886893829
100,5,3,15,0.01,82,"mixed_population",2.63916903684948
100,5,3,15,0.01,83,"multinomial",2.47122035635378
100,5,3,15,0.01,83,"mixed",2.46793313055719
100,5,3,15,0.01,83,"mixed_population",2.46739311742779
100,5,3,15,0.01,84,"multinomial",2.71092751971754
100,5,3,15,0.01,84,"mixed",2.70439008912166
100,5,3,15,0.01,84,"mixed_population",2.70436859251289
100,5,3,15,0.01,85,"multinomial",2.57833903624104
100,5,3,15,0.01,85,"mixed",2.57381203721244
100,5,3,15,0.01,85,"mixed_population",2.57381237942008
100,5,3,15,0.01,86,"multinomial",2.4335479554536
100,5,3,15,0.01,86,"mixed",2.43242977821102
100,5,3,15,0.01,86,"mixed_population",2.43242791612034
100,5,3,15,0.01,87,"multinomial",2.3956506887523
100,5,3,15,0.01,87,"mixed",2.3972477933766
100,5,3,15,0.01,87,"mixed_population",2.39724765589716
100,5,3,15,0.01,88,"multinomial",2.39757961614035
100,5,3,15,0.01,88,"mixed",2.39348902559373
100,5,3,15,0.01,88,"mixed_population",2.39349614151601
100,5,3,15,0.01,89,"multinomial",2.73114099853241
100,5,3,15,0.01,89,"mixed",2.72400799087548
100,5,3,15,0.01,89,"mixed_population",2.72400545454242
100,5,3,15,0.01,90,"multinomial",2.44995605765462
100,5,3,15,0.01,90,"mixed",2.4476736816542
100,5,3,15,0.01,90,"mixed_population",2.44767251993558
100,5,3,15,0.01,91,"multinomial",2.25213594698703
100,5,3,15,0.01,91,"mixed",2.24427877352014
100,5,3,15,0.01,91,"mixed_population",2.24427738957706
100,5,3,15,0.01,92,"multinomial",2.35420504079843
100,5,3,15,0.01,92,"mixed",2.35366560831292
100,5,3,15,0.01,92,"mixed_population",2.35366577020108
100,5,3,15,0.01,93,"multinomial",2.64964031999326
100,5,3,15,0.01,93,"mixed",2.6446427187384
100,5,3,15,0.01,93,"mixed_population",2.64463242391652
100,5,3,15,0.01,94,"multinomial",2.57407959537567
100,5,3,15,0.01,94,"mixed",2.56828172677025
100,5,3,15,0.01,94,"mixed_population",2.56828178179273
100,5,3,15,0.01,95,"multinomial",2.56153794269679
100,5,3,15,0.01,95,"mixed",2.55789399734191
100,5,3,15,0.01,95,"mixed_population",2.55789796340757
100,5,3,15,0.01,96,"multinomial",2.55159556698127
100,5,3,15,0.01,96,"mixed",2.55162579961194
100,5,3,15,0.01,96,"mixed_population",2.55162157409002
100,5,3,15,0.01,97,"multinomial",2.39871784941907
100,5,3,15,0.01,97,"mixed",2.39256381568915
100,5,3,15,0.01,97,"mixed_population",2.3925531427493
100,5,3,15,0.01,98,"multinomial",2.61359989347561
100,5,3,15,0.01,98,"mixed",2.61108117264122
100,5,3,15,0.01,98,"mixed_population",2.61108695378724
100,5,3,15,0.01,99,"multinomial",2.6142385334218
100,5,3,15,0.01,99,"mixed",2.61046306589962
100,5,3,15,0.01,99,"mixed_population",2.61046267905797
100,5,3,15,0.01,100,"multinomial",2.54410625125239
100,5,3,15,0.01,100,"mixed",2.53930017993332
100,5,3,15,0.01,100,"mixed_population",2.53929718397774
100,5,3,15,0.1,1,"multinomial",2.63921869497873
100,5,3,15,0.1,1,"mixed",2.63700650264265
100,5,3,15,0.1,1,"mixed_population",2.63700535692167
100,5,3,15,0.1,2,"multinomial",2.62584764601361
100,5,3,15,0.1,2,"mixed",2.61510490403739
100,5,3,15,0.1,2,"mixed_population",2.61510622565012
100,5,3,15,0.1,3,"multinomial",2.64222603099514
100,5,3,15,0.1,3,"mixed",2.63531922669898
100,5,3,15,0.1,3,"mixed_population",2.6353130719818
100,5,3,15,0.1,4,"multinomial",2.46873829977112
100,5,3,15,0.1,4,"mixed",2.46407470754322
100,5,3,15,0.1,4,"mixed_population",2.4640751520193
100,5,3,15,0.1,5,"multinomial",2.37904362860665
100,5,3,15,0.1,5,"mixed",2.37577748893988
100,5,3,15,0.1,5,"mixed_population",2.37577781443247
100,5,3,15,0.1,6,"multinomial",2.62375079472738
100,5,3,15,0.1,6,"mixed",2.6133934319015
100,5,3,15,0.1,6,"mixed_population",2.61338948786652
100,5,3,15,0.1,7,"multinomial",2.53742112854835
100,5,3,15,0.1,7,"mixed",2.53658356141394
100,5,3,15,0.1,7,"mixed_population",2.53658575719869
100,5,3,15,0.1,8,"multinomial",2.39927979339009
100,5,3,15,0.1,8,"mixed",2.39654234456179
100,5,3,15,0.1,8,"mixed_population",2.39654095702746
100,5,3,15,0.1,9,"multinomial",2.43403232395644
100,5,3,15,0.1,9,"mixed",2.43230853675335
100,5,3,15,0.1,9,"mixed_population",2.43230880032154
100,5,3,15,0.1,10,"multinomial",2.57842059349156
100,5,3,15,0.1,10,"mixed",2.57468546560506
100,5,3,15,0.1,10,"mixed_population",2.57468808397151
100,5,3,15,0.1,11,"multinomial",2.63780318015777
100,5,3,15,0.1,11,"mixed",2.63969605216978
100,5,3,15,0.1,11,"mixed_population",2.63969526084837
100,5,3,15,0.1,12,"multinomial",2.68410753586148
100,5,3,15,0.1,12,"mixed",2.67700698814696
100,5,3,15,0.1,12,"mixed_population",2.677006536437
100,5,3,15,0.1,13,"multinomial",2.54054949991674
100,5,3,15,0.1,13,"mixed",2.5333367318485
100,5,3,15,0.1,13,"mixed_population",2.53333284242988
100,5,3,15,0.1,14,"multinomial",2.27779795865534
100,5,3,15,0.1,14,"mixed",2.2764854609989
100,5,3,15,0.1,14,"mixed_population",2.27647489655898
100,5,3,15,0.1,15,"multinomial",2.57876513485454
100,5,3,15,0.1,15,"mixed",2.57576024963522
100,5,3,15,0.1,15,"mixed_population",2.57576077328282
100,5,3,15,0.1,16,"multinomial",2.84570307731298
100,5,3,15,0.1,16,"mixed",2.84020538678735
100,5,3,15,0.1,16,"mixed_population",2.84020539122882
100,5,3,15,0.1,17,"multinomial",2.51530617635626
100,5,3,15,0.1,17,"mixed",2.5160463770325
100,5,3,15,0.1,17,"mixed_population",2.51604976539223
100,5,3,15,0.1,18,"multinomial",2.54445586683375
100,5,3,15,0.1,18,"mixed",2.54281309863508
100,5,3,15,0.1,18,"mixed_population",2.54281311596046
100,5,3,15,0.1,19,"multinomial",2.58425909983439
100,5,3,15,0.1,19,"mixed",2.591089629126
100,5,3,15,0.1,19,"mixed_population",2.59108974262684
100,5,3,15,0.1,20,"multinomial",2.68200522350816
100,5,3,15,0.1,20,"mixed",2.67755493124033
100,5,3,15,0.1,20,"mixed_population",2.67755520248825
100,5,3,15,0.1,21,"multinomial",2.31563951342374
100,5,3,15,0.1,21,"mixed",2.31231804932086
100,5,3,15,0.1,21,"mixed_population",2.31233302559954
100,5,3,15,0.1,22,"multinomial",2.5062511183286
100,5,3,15,0.1,22,"mixed",2.50166723176457
100,5,3,15,0.1,22,"mixed_population",2.50167521606158
100,5,3,15,0.1,23,"multinomial",2.59291954245677
100,5,3,15,0.1,23,"mixed",2.57411329053078
100,5,3,15,0.1,23,"mixed_population",2.57410824984155
100,5,3,15,0.1,24,"multinomial",2.4619262579785
100,5,3,15,0.1,24,"mixed",2.454950516028
100,5,3,15,0.1,24,"mixed_population",2.45494315673831
100,5,3,15,0.1,25,"multinomial",2.83917944965426
100,5,3,15,0.1,25,"mixed",2.83860897656938
100,5,3,15,0.1,25,"mixed_population",2.8386086457913
100,5,3,15,0.1,26,"multinomial",2.61267279639056
100,5,3,15,0.1,26,"mixed",2.60375168342939
100,5,3,15,0.1,26,"mixed_population",2.60375199588952
100,5,3,15,0.1,27,"multinomial",2.4203289511816
100,5,3,15,0.1,27,"mixed",2.41417824538489
100,5,3,15,0.1,27,"mixed_population",2.41417797566872
100,5,3,15,0.1,28,"multinomial",2.64131158237093
100,5,3,15,0.1,28,"mixed",2.62896105402875
100,5,3,15,0.1,28,"mixed_population",2.62896106833968
100,5,3,15,0.1,29,"multinomial",2.48884994516774
100,5,3,15,0.1,29,"mixed",2.48685856027456
100,5,3,15,0.1,29,"mixed_population",2.48685856327242
100,5,3,15,0.1,30,"multinomial",2.55901899330947
100,5,3,15,0.1,30,"mixed",2.55797197349276
100,5,3,15,0.1,30,"mixed_population",2.55797067775646
100,5,3,15,0.1,31,"multinomial",2.56541044199288
100,5,3,15,0.1,31,"mixed",2.56163507506113
100,5,3,15,0.1,31,"mixed_population",2.56162909299229
100,5,3,15,0.1,32,"multinomial",2.76139618686298
100,5,3,15,0.1,32,"mixed",2.75816841556959
100,5,3,15,0.1,32,"mixed_population",2.75816821988731
100,5,3,15,0.1,33,"multinomial",2.64840883818288
100,5,3,15,0.1,33,"mixed",2.64299885111367
100,5,3,15,0.1,33,"mixed_population",2.64300037324516
100,5,3,15,0.1,34,"multinomial",2.49804655758698
100,5,3,15,0.1,34,"mixed",2.49813743030896
100,5,3,15,0.1,34,"mixed_population",2.49813732395096
100,5,3,15,0.1,35,"multinomial",2.48954865593743
100,5,3,15,0.1,35,"mixed",2.48679129337192
100,5,3,15,0.1,35,"mixed_population",2.48679402012596
100,5,3,15,0.1,36,"multinomial",2.52318774177495
100,5,3,15,0.1,36,"mixed",2.52219012987783
100,5,3,15,0.1,36,"mixed_population",2.5221910208108
100,5,3,15,0.1,37,"multinomial",2.49581631731535
100,5,3,15,0.1,37,"mixed",2.48384005645229
100,5,3,15,0.1,37,"mixed_population",2.48383989415864
100,5,3,15,0.1,38,"multinomial",2.61439916493759
100,5,3,15,0.1,38,"mixed",2.60746352277366
100,5,3,15,0.1,38,"mixed_population",2.60746334323141
100,5,3,15,0.1,39,"multinomial",2.50517610345722
100,5,3,15,0.1,39,"mixed",2.50138869931422
100,5,3,15,0.1,39,"mixed_population",2.50138850050559
100,5,3,15,0.1,40,"multinomial",2.42222072520818
100,5,3,15,0.1,40,"mixed",2.41949379875155
100,5,3,15,0.1,40,"mixed_population",2.41949976827697
100,5,3,15,0.1,41,"multinomial",2.74177933175864
100,5,3,15,0.1,41,"mixed",2.74045065156556
100,5,3,15,0.1,41,"mixed_population",2.74045687134629
100,5,3,15,0.1,42,"multinomial",2.51931201659947
100,5,3,15,0.1,42,"mixed",2.51263424470807
100,5,3,15,0.1,42,"mixed_population",2.51263195421595
100,5,3,15,0.1,43,"multinomial",2.34015161934565
100,5,3,15,0.1,43,"mixed",2.3372547448092
100,5,3,15,0.1,43,"mixed_population",2.33725495468505
100,5,3,15,0.1,44,"multinomial",2.75341723210209
100,5,3,15,0.1,44,"mixed",2.74992249824561
100,5,3,15,0.1,44,"mixed_population",2.74992187679096
100,5,3,15,0.1,45,"multinomial",2.73533709479544
100,5,3,15,0.1,45,"mixed",2.73483781535685
100,5,3,15,0.1,45,"mixed_population",2.73484513760204
100,5,3,15,0.1,46,"multinomial",2.57259417212575
100,5,3,15,0.1,46,"mixed",2.57044862145232
100,5,3,15,0.1,46,"mixed_population",2.57044137906393
100,5,3,15,0.1,47,"multinomial",2.69635636680771
100,5,3,15,0.1,47,"mixed",2.6953454204048
100,5,3,15,0.1,47,"mixed_population",2.69534336158853
100,5,3,15,0.1,48,"multinomial",2.65704037590205
100,5,3,15,0.1,48,"mixed",2.65116053343034
100,5,3,15,0.1,48,"mixed_population",2.65115928435017
100,5,3,15,0.1,49,"multinomial",2.41289422601375
100,5,3,15,0.1,49,"mixed",2.41032741578985
100,5,3,15,0.1,49,"mixed_population",2.41032899115996
100,5,3,15,0.1,50,"multinomial",2.41974817769878
100,5,3,15,0.1,50,"mixed",2.4186762625066
100,5,3,15,0.1,50,"mixed_population",2.41867488299504
100,5,3,15,0.1,51,"multinomial",2.57569446348135
100,5,3,15,0.1,51,"mixed",2.57258221851902
100,5,3,15,0.1,51,"mixed_population",2.57258229072351
100,5,3,15,0.1,52,"multinomial",2.69321769670607
100,5,3,15,0.1,52,"mixed",2.68804423626269
100,5,3,15,0.1,52,"mixed_population",2.68804414035448
100,5,3,15,0.1,53,"multinomial",2.66498796257926
100,5,3,15,0.1,53,"mixed",2.6628944683642
100,5,3,15,0.1,53,"mixed_population",2.66289453707395
100,5,3,15,0.1,54,"multinomial",2.57597818470356
100,5,3,15,0.1,54,"mixed",2.57251323557799
100,5,3,15,0.1,54,"mixed_population",2.57251001800932
100,5,3,15,0.1,55,"multinomial",2.30798989738471
100,5,3,15,0.1,55,"mixed",2.30674921141896
100,5,3,15,0.1,55,"mixed_population",2.30674931473982
100,5,3,15,0.1,56,"multinomial",2.4920000945936
100,5,3,15,0.1,56,"mixed",2.48867705633983
100,5,3,15,0.1,56,"mixed_population",2.48867534213262
100,5,3,15,0.1,57,"multinomial",2.53347179070512
100,5,3,15,0.1,57,"mixed",2.53074124029624
100,5,3,15,0.1,57,"mixed_population",2.53074153037576
100,5,3,15,0.1,58,"multinomial",2.41824444238902
100,5,3,15,0.1,58,"mixed",2.41716036193086
100,5,3,15,0.1,58,"mixed_population",2.41715791527993
100,5,3,15,0.1,59,"multinomial",2.55731861837876
100,5,3,15,0.1,59,"mixed",2.55268768800036
100,5,3,15,0.1,59,"mixed_population",2.55268834336533
100,5,3,15,0.1,60,"multinomial",2.46728161559846
100,5,3,15,0.1,60,"mixed",2.4678663860634
100,5,3,15,0.1,60,"mixed_population",2.4678661068554
100,5,3,15,0.1,61,"multinomial",2.62344442796008
100,5,3,15,0.1,61,"mixed",2.61849962800652
100,5,3,15,0.1,61,"mixed_population",2.61850097076453
100,5,3,15,0.1,62,"multinomial",2.21542588102676
100,5,3,15,0.1,62,"mixed",2.21128590573137
100,5,3,15,0.1,62,"mixed_population",2.21128587241005
100,5,3,15,0.1,63,"multinomial",2.75347111200338
100,5,3,15,0.1,63,"mixed",2.74471602603347
100,5,3,15,0.1,63,"mixed_population",2.74471606932298
100,5,3,15,0.1,64,"multinomial",2.64294972107788
100,5,3,15,0.1,64,"mixed",2.63730569188606
100,5,3,15,0.1,64,"mixed_population",2.63730554616919
100,5,3,15,0.1,65,"multinomial",2.64837605051896
100,5,3,15,0.1,65,"mixed",2.64818125522651
100,5,3,15,0.1,65,"mixed_population",2.64816841978465
100,5,3,15,0.1,66,"multinomial",2.40423409679232
100,5,3,15,0.1,66,"mixed",2.40104971348953
100,5,3,15,0.1,66,"mixed_population",2.401049820997
100,5,3,15,0.1,67,"multinomial",2.59664318896628
100,5,3,15,0.1,67,"mixed",2.59124046007342
100,5,3,15,0.1,67,"mixed_population",2.59124518615299
100,5,3,15,0.1,68,"multinomial",2.71179467856361
100,5,3,15,0.1,68,"mixed",2.70977845282209
100,5,3,15,0.1,68,"mixed_population",2.70977995285793
100,5,3,15,0.1,69,"multinomial",2.46775344464956
100,5,3,15,0.1,69,"mixed",2.46694498685935
100,5,3,15,0.1,69,"mixed_population",2.466930967136
100,5,3,15,0.1,70,"multinomial",2.52224921377966
100,5,3,15,0.1,70,"mixed",2.52049432568103
100,5,3,15,0.1,70,"mixed_population",2.52049466539685
100,5,3,15,0.1,71,"multinomial",2.72942620831658
100,5,3,15,0.1,71,"mixed",2.72889914430591
100,5,3,15,0.1,71,"mixed_population",2.72530199936754
100,5,3,15,0.1,72,"multinomial",2.40320672578815
100,5,3,15,0.1,72,"mixed",2.40147838722016
100,5,3,15,0.1,72,"mixed_population",2.40147579686407
100,5,3,15,0.1,73,"multinomial",2.54994937688725
100,5,3,15,0.1,73,"mixed",2.54962768419268
100,5,3,15,0.1,73,"mixed_population",2.5496291079165
100,5,3,15,0.1,74,"multinomial",2.45851123352145
100,5,3,15,0.1,74,"mixed",2.4563149894581
100,5,3,15,0.1,74,"mixed_population",2.45631380347999
100,5,3,15,0.1,75,"multinomial",2.4342229475862
100,5,3,15,0.1,75,"mixed",2.43226012499887
100,5,3,15,0.1,75,"mixed_population",2.43226244127038
100,5,3,15,0.1,76,"multinomial",2.55825134784559
100,5,3,15,0.1,76,"mixed",2.55404888592453
100,5,3,15,0.1,76,"mixed_population",2.55405040659994
100,5,3,15,0.1,77,"multinomial",2.66167002713142
100,5,3,15,0.1,77,"mixed",2.65804888774461
100,5,3,15,0.1,77,"mixed_population",2.6580426054156
100,5,3,15,0.1,78,"multinomial",2.67864051024384
100,5,3,15,0.1,78,"mixed",2.67005250763943
100,5,3,15,0.1,78,"mixed_population",2.67005151813224
100,5,3,15,0.1,79,"multinomial",2.33327144836946
100,5,3,15,0.1,79,"mixed",2.33106683548386
100,5,3,15,0.1,79,"mixed_population",2.33106632945192
100,5,3,15,0.1,80,"multinomial",2.37528058060972
100,5,3,15,0.1,80,"mixed",2.37340489465103
100,5,3,15,0.1,80,"mixed_population",2.37340284364284
100,5,3,15,0.1,81,"multinomial",2.50744349929375
100,5,3,15,0.1,81,"mixed",2.50086659001826
100,5,3,15,0.1,81,"mixed_population",2.50086752767138
100,5,3,15,0.1,82,"multinomial",2.64491958601092
100,5,3,15,0.1,82,"mixed",2.64198400897783
100,5,3,15,0.1,82,"mixed_population",2.64198512282081
100,5,3,15,0.1,83,"multinomial",2.85710327423076
100,5,3,15,0.1,83,"mixed",2.85356357972673
100,5,3,15,0.1,83,"mixed_population",2.8535642249533
100,5,3,15,0.1,84,"multinomial",2.78322967480353
100,5,3,15,0.1,84,"mixed",2.77238122625872
100,5,3,15,0.1,84,"mixed_population",2.77238270080068
100,5,3,15,0.1,85,"multinomial",2.70160883383867
100,5,3,15,0.1,85,"mixed",2.69453542985663
100,5,3,15,0.1,85,"mixed_population",2.69452920149965
100,5,3,15,0.1,86,"multinomial",2.52050807161129
100,5,3,15,0.1,86,"mixed",2.51908591398938
100,5,3,15,0.1,86,"mixed_population",2.51908307724647
100,5,3,15,0.1,87,"multinomial",2.62311040980418
100,5,3,15,0.1,87,"mixed",2.62040564605763
100,5,3,15,0.1,87,"mixed_population",2.62040701061087
100,5,3,15,0.1,88,"multinomial",2.48078272970216
100,5,3,15,0.1,88,"mixed",2.47798427634761
100,5,3,15,0.1,88,"mixed_population",2.47798480775767
100,5,3,15,0.1,89,"multinomial",2.62566253792635
100,5,3,15,0.1,89,"mixed",2.60712849855008
100,5,3,15,0.1,89,"mixed_population",2.60712910994527
100,5,3,15,0.1,90,"multinomial",2.54338625412235
100,5,3,15,0.1,90,"mixed",2.52421210734866
100,5,3,15,0.1,90,"mixed_population",2.5242147960914
100,5,3,15,0.1,91,"multinomial",2.67201488819834
100,5,3,15,0.1,91,"mixed",2.67162208384811
100,5,3,15,0.1,91,"mixed_population",2.67162308309625
100,5,3,15,0.1,92,"multinomial",2.62773979594695
100,5,3,15,0.1,92,"mixed",2.62063154307151
100,5,3,15,0.1,92,"mixed_population",2.62062967450837
100,5,3,15,0.1,93,"multinomial",2.40626348589086
100,5,3,15,0.1,93,"mixed",2.40364016357365
100,5,3,15,0.1,93,"mixed_population",2.4036399865775
100,5,3,15,0.1,94,"multinomial",2.53554136050699
100,5,3,15,0.1,94,"mixed",2.53231350220067
100,5,3,15,0.1,94,"mixed_population",2.53231425596195
100,5,3,15,0.1,95,"multinomial",2.43357372190078
100,5,3,15,0.1,95,"mixed",2.43030936630447
100,5,3,15,0.1,95,"mixed_population",2.43031277589505
100,5,3,15,0.1,96,"multinomial",2.53656804242111
100,5,3,15,0.1,96,"mixed",2.53253271979728
100,5,3,15,0.1,96,"mixed_population",2.53106402120293
100,5,3,15,0.1,97,"multinomial",2.5398297036152
100,5,3,15,0.1,97,"mixed",2.53363883274388
100,5,3,15,0.1,97,"mixed_population",2.53364467389564
100,5,3,15,0.1,98,"multinomial",2.6437512594614
100,5,3,15,0.1,98,"mixed",2.6382847366113
100,5,3,15,0.1,98,"mixed_population",2.63828413319788
100,5,3,15,0.1,99,"multinomial",2.57078894404675
100,5,3,15,0.1,99,"mixed",2.55518933882326
100,5,3,15,0.1,99,"mixed_population",2.55519949511284
100,5,3,15,0.1,100,"multinomial",2.71044506783342
100,5,3,15,0.1,100,"mixed",2.70680894789853
100,5,3,15,0.1,100,"mixed_population",2.70681270446194
100,5,3,15,1,1,"multinomial",2.82716095345935
100,5,3,15,1,1,"mixed",2.82362447612442
100,5,3,15,1,1,"mixed_population",2.82362445310032
100,5,3,15,1,2,"multinomial",2.83985275307721
100,5,3,15,1,2,"mixed",2.85462912603563
100,5,3,15,1,2,"mixed_population",2.83915271284489
100,5,3,15,1,3,"multinomial",2.74752549552551
100,5,3,15,1,3,"mixed",2.74648948267939
100,5,3,15,1,3,"mixed_population",2.7464978019375
100,5,3,15,1,4,"multinomial",2.68072957765922
100,5,3,15,1,4,"mixed",2.68167395116594
100,5,3,15,1,4,"mixed_population",2.68183100208568
100,5,3,15,1,5,"multinomial",2.75480338542871
100,5,3,15,1,5,"mixed",2.75338344047474
100,5,3,15,1,5,"mixed_population",2.75338357453929
100,5,3,15,1,6,"multinomial",2.57684929170099
100,5,3,15,1,6,"mixed",2.59360825674387
100,5,3,15,1,6,"mixed_population",2.58910957656635
100,5,3,15,1,7,"multinomial",2.92454550650302
100,5,3,15,1,7,"mixed",2.92038159038064
100,5,3,15,1,7,"mixed_population",2.92035419253595
100,5,3,15,1,8,"multinomial",2.81984572860286
100,5,3,15,1,8,"mixed",2.84064721090157
100,5,3,15,1,8,"mixed_population",2.83981923991024
100,5,3,15,1,9,"multinomial",3.06124273998072
100,5,3,15,1,9,"mixed",3.09287755947916
100,5,3,15,1,9,"mixed_population",3.08904643819787
100,5,3,15,1,10,"multinomial",3.01430445925057
100,5,3,15,1,10,"mixed",3.02479916323699
100,5,3,15,1,10,"mixed_population",3.01755888019872
100,5,3,15,1,11,"multinomial",2.81207175830827
100,5,3,15,1,11,"mixed",2.83576834453242
100,5,3,15,1,11,"mixed_population",2.83229000238225
100,5,3,15,1,12,"multinomial",2.77115600891021
100,5,3,15,1,12,"mixed",2.76898784493269
100,5,3,15,1,12,"mixed_population",2.76898820656125
100,5,3,15,1,13,"multinomial",2.7818656470987
100,5,3,15,1,13,"mixed",2.77891484112836
100,5,3,15,1,13,"mixed_population",2.77891637240635
100,5,3,15,1,14,"multinomial",2.60422469271793
100,5,3,15,1,14,"mixed",2.60022992235231
100,5,3,15,1,14,"mixed_population",2.60023008309393
100,5,3,15,1,15,"multinomial",3.00445516858301
100,5,3,15,1,15,"mixed",3.02780407175316
100,5,3,15,1,15,"mixed_population",3.01158448913546
100,5,3,15,1,16,"multinomial",2.96970051935016
100,5,3,15,1,16,"mixed",2.96848982892548
100,5,3,15,1,16,"mixed_population",2.96848773070773
100,5,3,15,1,17,"multinomial",2.85154804369306
100,5,3,15,1,17,"mixed",2.85743562096448
100,5,3,15,1,17,"mixed_population",2.85254491855566
100,5,3,15,1,18,"multinomial",2.38860550249651
100,5,3,15,1,18,"mixed",2.39810459165941
100,5,3,15,1,18,"mixed_population",2.3978254355689
100,5,3,15,1,19,"multinomial",3.04578782035318
100,5,3,15,1,19,"mixed",3.04795214759877
100,5,3,15,1,19,"mixed_population",3.04602715841447
100,5,3,15,1,20,"multinomial",2.69395340539581
100,5,3,15,1,20,"mixed",2.69441873786234
100,5,3,15,1,20,"mixed_population",2.6944184743361
100,5,3,15,1,21,"multinomial",2.55422316615172
100,5,3,15,1,21,"mixed",2.58356631456716
100,5,3,15,1,21,"mixed_population",2.57052254872512
100,5,3,15,1,22,"multinomial",2.70584290674766
100,5,3,15,1,22,"mixed",2.73116354188389
100,5,3,15,1,22,"mixed_population",2.72079636387126
100,5,3,15,1,23,"multinomial",2.86373571811326
100,5,3,15,1,23,"mixed",2.8620823285222
100,5,3,15,1,23,"mixed_population",2.86208570443656
100,5,3,15,1,24,"multinomial",3.04315978105981
100,5,3,15,1,24,"mixed",3.07470594279809
100,5,3,15,1,24,"mixed_population",3.07247853579808
100,5,3,15,1,25,"multinomial",2.81301910752872
100,5,3,15,1,25,"mixed",2.8134311415937
100,5,3,15,1,25,"mixed_population",2.81343200062246
100,5,3,15,1,26,"multinomial",2.73640109270649
100,5,3,15,1,26,"mixed",2.73218101588614
100,5,3,15,1,26,"mixed_population",2.73217997842297
100,5,3,15,1,27,"multinomial",2.65963689613098
100,5,3,15,1,27,"mixed",2.64903568021564
100,5,3,15,1,27,"mixed_population",2.64903850219839
100,5,3,15,1,28,"multinomial",3.01917496527165
100,5,3,15,1,28,"mixed",3.04710727757322
100,5,3,15,1,28,"mixed_population",3.04431960384233
100,5,3,15,1,29,"multinomial",2.62156409997091
100,5,3,15,1,29,"mixed",2.62073619862258
100,5,3,15,1,29,"mixed_population",2.62091553737382
100,5,3,15,1,30,"multinomial",2.94752918512982
100,5,3,15,1,30,"mixed",2.95331197333619
100,5,3,15,1,30,"mixed_population",2.94890801608555
100,5,3,15,1,31,"multinomial",2.99594869485377
100,5,3,15,1,31,"mixed",3.00773816207537
100,5,3,15,1,31,"mixed_population",3.00011900401734
100,5,3,15,1,32,"multinomial",2.7777132821734
100,5,3,15,1,32,"mixed",2.79130274924991
100,5,3,15,1,32,"mixed_population",2.79127974732665
100,5,3,15,1,33,"multinomial",2.78209480420724
100,5,3,15,1,33,"mixed",2.78126707979332
100,5,3,15,1,33,"mixed_population",2.7774554096672
100,5,3,15,1,34,"multinomial",2.83837761245735
100,5,3,15,1,34,"mixed",2.86476847995528
100,5,3,15,1,34,"mixed_population",2.85754960964269
100,5,3,15,1,35,"multinomial",2.71698588704175
100,5,3,15,1,35,"mixed",2.71785383569855
100,5,3,15,1,35,"mixed_population",2.71375897690227
100,5,3,15,1,36,"multinomial",2.91753653536383
100,5,3,15,1,36,"mixed",2.91712456878245
100,5,3,15,1,36,"mixed_population",2.91357978296697
100,5,3,15,1,37,"multinomial",2.76201127903817
100,5,3,15,1,37,"mixed",2.75811818650299
100,5,3,15,1,37,"mixed_population",2.7547971300695
100,5,3,15,1,38,"multinomial",2.88981726333601
100,5,3,15,1,38,"mixed",2.90973864958718
100,5,3,15,1,38,"mixed_population",2.90119523923836
100,5,3,15,1,39,"multinomial",2.67950448348777
100,5,3,15,1,39,"mixed",2.6777812177582
100,5,3,15,1,39,"mixed_population",2.67249718823199
100,5,3,15,1,40,"multinomial",2.80410159508531
100,5,3,15,1,40,"mixed",2.80265259713496
100,5,3,15,1,40,"mixed_population",2.80269826949795
100,5,3,15,1,41,"multinomial",2.85617072947108
100,5,3,15,1,41,"mixed",2.88217214237232
100,5,3,15,1,41,"mixed_population",2.88005469859596
100,5,3,15,1,42,"multinomial",2.85885744485006
100,5,3,15,1,42,"mixed",2.85844242867791
100,5,3,15,1,42,"mixed_population",2.85693006891436
100,5,3,15,1,43,"multinomial",2.96714072697341
100,5,3,15,1,43,"mixed",2.9848652506143
100,5,3,15,1,43,"mixed_population",2.97186780977431
100,5,3,15,1,44,"multinomial",3.09018817158237
100,5,3,15,1,44,"mixed",3.10588079482728
100,5,3,15,1,44,"mixed_population",3.0931108433054
100,5,3,15,1,45,"multinomial",3.0699008010691
100,5,3,15,1,45,"mixed",3.0791274808064
100,5,3,15,1,45,"mixed_population",3.06056262932458
100,5,3,15,1,46,"multinomial",2.70002104634494
100,5,3,15,1,46,"mixed",2.72009216059136
100,5,3,15,1,46,"mixed_population",2.71799523755867
100,5,3,15,1,47,"multinomial",2.77897832086814
100,5,3,15,1,47,"mixed",2.79575240730252
100,5,3,15,1,47,"mixed_population",2.78334356080565
100,5,3,15,1,48,"multinomial",2.65801087246281
100,5,3,15,1,48,"mixed",2.66295255000479
100,5,3,15,1,48,"mixed_population",2.6573120599796
100,5,3,15,1,49,"multinomial",2.80005970195972
100,5,3,15,1,49,"mixed",2.83197786200253
100,5,3,15,1,49,"mixed_population",2.82687038652315
100,5,3,15,1,50,"multinomial",2.98361462429444
100,5,3,15,1,50,"mixed",2.99402558463216
100,5,3,15,1,50,"mixed_population",2.98404092548573
100,5,3,15,1,51,"multinomial",2.90961656626727
100,5,3,15,1,51,"mixed",2.90972834556645
100,5,3,15,1,51,"mixed_population",2.90972691978472
100,5,3,15,1,52,"multinomial",2.88303250571475
100,5,3,15,1,52,"mixed",2.8967097153927
100,5,3,15,1,52,"mixed_population",2.89224219305403
100,5,3,15,1,53,"multinomial",2.67119587707853
100,5,3,15,1,53,"mixed",2.67017264560055
100,5,3,15,1,53,"mixed_population",2.66991836412456
100,5,3,15,1,54,"multinomial",2.94351976791828
100,5,3,15,1,54,"mixed",2.93142619374777
100,5,3,15,1,54,"mixed_population",2.93142737763813
100,5,3,15,1,55,"multinomial",2.96776154028135
100,5,3,15,1,55,"mixed",2.97625889423296
100,5,3,15,1,55,"mixed_population",2.96745793611199
100,5,3,15,1,56,"multinomial",3.0010841635494
100,5,3,15,1,56,"mixed",2.99438464678747
100,5,3,15,1,56,"mixed_population",2.99438481230815
100,5,3,15,1,57,"multinomial",2.8320651012664
100,5,3,15,1,57,"mixed",2.8422554955458
100,5,3,15,1,57,"mixed_population",2.8327885699631
100,5,3,15,1,58,"multinomial",2.83836185887749
100,5,3,15,1,58,"mixed",2.84572864206174
100,5,3,15,1,58,"mixed_population",2.84372000019167
100,5,3,15,1,59,"multinomial",3.01505093641654
100,5,3,15,1,59,"mixed",3.03947947591146
100,5,3,15,1,59,"mixed_population",3.01940727476024
100,5,3,15,1,60,"multinomial",2.82338970122319
100,5,3,15,1,60,"mixed",2.82545908404694
100,5,3,15,1,60,"mixed_population",2.81560865512104
100,5,3,15,1,61,"multinomial",2.99348017905673
100,5,3,15,1,61,"mixed",3.00186623109021
100,5,3,15,1,61,"mixed_population",3.00186671003103
100,5,3,15,1,62,"multinomial",2.93198914710696
100,5,3,15,1,62,"mixed",2.96324898275684
100,5,3,15,1,62,"mixed_population",2.96420446306013
100,5,3,15,1,63,"multinomial",2.78095755705769
100,5,3,15,1,63,"mixed",2.80005057750975
100,5,3,15,1,63,"mixed_population",2.78786246508046
100,5,3,15,1,64,"multinomial",2.96337229627541
100,5,3,15,1,64,"mixed",2.99164961057657
100,5,3,15,1,64,"mixed_population",2.97956713341119
100,5,3,15,1,65,"multinomial",2.78886614318831
100,5,3,15,1,65,"mixed",2.78476123972999
100,5,3,15,1,65,"mixed_population",2.78477183753917
100,5,3,15,1,66,"multinomial",3.01426282633055
100,5,3,15,1,66,"mixed",3.03329386947352
100,5,3,15,1,66,"mixed_population",3.04513960887653
100,5,3,15,1,67,"multinomial",2.5902263769776
100,5,3,15,1,67,"mixed",2.61220758216943
100,5,3,15,1,67,"mixed_population",2.6002068438331
100,5,3,15,1,68,"multinomial",2.84823230253631
100,5,3,15,1,68,"mixed",2.84281092600985
100,5,3,15,1,68,"mixed_population",2.84280977378254
100,5,3,15,1,69,"multinomial",2.78312661834657
100,5,3,15,1,69,"mixed",2.78715175015766
100,5,3,15,1,69,"mixed_population",2.78453834515582
100,5,3,15,1,70,"multinomial",3.20075019215248
100,5,3,15,1,70,"mixed",3.20632970617653
100,5,3,15,1,70,"mixed_population",3.20148899949902
100,5,3,15,1,71,"multinomial",3.10420477331908
100,5,3,15,1,71,"mixed",3.1067678958307
100,5,3,15,1,71,"mixed_population",3.10696118507092
100,5,3,15,1,72,"multinomial",2.50074344180579
100,5,3,15,1,72,"mixed",2.50228629067544
100,5,3,15,1,72,"mixed_population",2.50228590428103
100,5,3,15,1,73,"multinomial",2.70277396424297
100,5,3,15,1,73,"mixed",2.70108474034044
100,5,3,15,1,73,"mixed_population",2.70077799991297
100,5,3,15,1,74,"multinomial",3.23298974818667
100,5,3,15,1,74,"mixed",3.26157213695199
100,5,3,15,1,74,"mixed_population",3.24074005253724
100,5,3,15,1,75,"multinomial",3.10998500783829
100,5,3,15,1,75,"mixed",3.12673839135159
100,5,3,15,1,75,"mixed_population",3.12036278002588
100,5,3,15,1,76,"multinomial",2.77339809889132
100,5,3,15,1,76,"mixed",2.78311876686912
100,5,3,15,1,76,"mixed_population",2.77629118735669
100,5,3,15,1,77,"multinomial",3.00056825856428
100,5,3,15,1,77,"mixed",3.01191071804471
100,5,3,15,1,77,"mixed_population",3.00996638681602
100,5,3,15,1,78,"multinomial",2.76633527827528
100,5,3,15,1,78,"mixed",2.76498632714769
100,5,3,15,1,78,"mixed_population",2.7607386714004
100,5,3,15,1,79,"multinomial",2.67762201521437
100,5,3,15,1,79,"mixed",2.6680968994505
100,5,3,15,1,79,"mixed_population",2.66809623501734
100,5,3,15,1,80,"multinomial",2.98240774480602
100,5,3,15,1,80,"mixed",2.98783036773795
100,5,3,15,1,80,"mixed_population",2.98664134419326
100,5,3,15,1,81,"multinomial",2.75182500351149
100,5,3,15,1,81,"mixed",2.75063735277419
100,5,3,15,1,81,"mixed_population",2.75063742921521
100,5,3,15,1,82,"multinomial",3.03605673812478
100,5,3,15,1,82,"mixed",3.03345763993991
100,5,3,15,1,82,"mixed_population",3.03345797005683
100,5,3,15,1,83,"multinomial",2.65898820014969
100,5,3,15,1,83,"mixed",2.66221706567415
100,5,3,15,1,83,"mixed_population",2.65756475217428
100,5,3,15,1,84,"multinomial",2.92394030494466
100,5,3,15,1,84,"mixed",2.92627308208112
100,5,3,15,1,84,"mixed_population",2.92627322524162
100,5,3,15,1,85,"multinomial",2.84823438648973
100,5,3,15,1,85,"mixed",2.85911293414662
100,5,3,15,1,85,"mixed_population",2.85129231165525
100,5,3,15,1,86,"multinomial",2.83384457147346
100,5,3,15,1,86,"mixed",2.85898868218835
100,5,3,15,1,86,"mixed_population",2.84688337523886
100,5,3,15,1,87,"multinomial",2.78915791119483
100,5,3,15,1,87,"mixed",2.78945703309975
100,5,3,15,1,87,"mixed_population",2.78521014217024
100,5,3,15,1,88,"multinomial",2.96362874632766
100,5,3,15,1,88,"mixed",2.9581026959686
100,5,3,15,1,88,"mixed_population",2.95810863781903
100,5,3,15,1,89,"multinomial",2.93030225539261
100,5,3,15,1,89,"mixed",2.92834478857554
100,5,3,15,1,89,"mixed_population",2.92833925980373
100,5,3,15,1,90,"multinomial",2.91888398757544
100,5,3,15,1,90,"mixed",2.9198809750883
100,5,3,15,1,90,"mixed_population",2.91420628648857
100,5,3,15,1,91,"multinomial",2.88964158989914
100,5,3,15,1,91,"mixed",2.90569760328556
100,5,3,15,1,91,"mixed_population",2.89712724459371
100,5,3,15,1,92,"multinomial",2.97374141575739
100,5,3,15,1,92,"mixed",2.97662262597019
100,5,3,15,1,92,"mixed_population",2.97493832870181
100,5,3,15,1,93,"multinomial",2.74766551741478
100,5,3,15,1,93,"mixed",2.75793683583508
100,5,3,15,1,93,"mixed_population",2.757233235667
100,5,3,15,1,94,"multinomial",2.78259367280621
100,5,3,15,1,94,"mixed",2.78021230030352
100,5,3,15,1,94,"mixed_population",2.78021255419772
100,5,3,15,1,95,"multinomial",2.87578776306172
100,5,3,15,1,95,"mixed",2.87741205497864
100,5,3,15,1,95,"mixed_population",2.87126045804732
100,5,3,15,1,96,"multinomial",2.63684890746053
100,5,3,15,1,96,"mixed",2.6299780636338
100,5,3,15,1,96,"mixed_population",2.62996302429369
100,5,3,15,1,97,"multinomial",2.88322730930755
100,5,3,15,1,97,"mixed",2.90059563472947
100,5,3,15,1,97,"mixed_population",2.89533343818198
100,5,3,15,1,98,"multinomial",2.68636788179541
100,5,3,15,1,98,"mixed",2.70889324059335
100,5,3,15,1,98,"mixed_population",2.7137532079569
100,5,3,15,1,99,"multinomial",2.79390302998808
100,5,3,15,1,99,"mixed",2.81396285405764
100,5,3,15,1,99,"mixed_population",2.81981404421302
100,5,3,15,1,100,"multinomial",2.69619769159146
100,5,3,15,1,100,"mixed",2.71901956347662
100,5,3,15,1,100,"mixed_population",2.69908561245076
100,5,3,15,10,1,"multinomial",5.90862752123233
100,5,3,15,10,1,"mixed",6.75113884034125
100,5,3,15,10,1,"mixed_population",5.95248549776265
100,5,3,15,10,2,"multinomial",5.9900386849955
100,5,3,15,10,2,"mixed",7.14354088102413
100,5,3,15,10,2,"mixed_population",5.98790525497977
100,5,3,15,10,3,"multinomial",5.87281448839379
100,5,3,15,10,3,"mixed",6.97720196764417
100,5,3,15,10,3,"mixed_population",5.97588634779303
100,5,3,15,10,4,"multinomial",5.84307396914187
100,5,3,15,10,4,"mixed",6.47404708379062
100,5,3,15,10,4,"mixed_population",5.7266714541596
100,5,3,15,10,5,"multinomial",6.07681990978863
100,5,3,15,10,5,"mixed",7.48383514207646
100,5,3,15,10,5,"mixed_population",6.09780782457142
100,5,3,15,10,6,"multinomial",6.02058550850616
100,5,3,15,10,6,"mixed",7.18683357424056
100,5,3,15,10,6,"mixed_population",6.07258620772509
100,5,3,15,10,7,"multinomial",5.73546161422229
100,5,3,15,10,7,"mixed",6.45192560426123
100,5,3,15,10,7,"mixed_population",5.71171182640944
100,5,3,15,10,8,"multinomial",6.04209647601166
100,5,3,15,10,8,"mixed",7.51062258485628
100,5,3,15,10,8,"mixed_population",6.00433547406026
100,5,3,15,10,9,"multinomial",5.86131797571884
100,5,3,15,10,9,"mixed",6.74820279506006
100,5,3,15,10,9,"mixed_population",5.83153093330936
100,5,3,15,10,10,"multinomial",5.95883693230681
100,5,3,15,10,10,"mixed",7.10887695436662
100,5,3,15,10,10,"mixed_population",5.95250101358313
100,5,3,15,10,11,"multinomial",5.88898975909988
100,5,3,15,10,11,"mixed",6.79800100501547
100,5,3,15,10,11,"mixed_population",5.84699041326183
100,5,3,15,10,12,"multinomial",5.90962719362027
100,5,3,15,10,12,"mixed",6.82084356969133
100,5,3,15,10,12,"mixed_population",6.01146249354593
100,5,3,15,10,13,"multinomial",6.01910150230698
100,5,3,15,10,13,"mixed",7.02357599631972
100,5,3,15,10,13,"mixed_population",6.0339445523458
100,5,3,15,10,14,"multinomial",5.81478872613481
100,5,3,15,10,14,"mixed",6.59928205265132
100,5,3,15,10,14,"mixed_population",5.79497046614701
100,5,3,15,10,15,"multinomial",6.00153827971763
100,5,3,15,10,15,"mixed",7.35561491610759
100,5,3,15,10,15,"mixed_population",6.09910264724901
100,5,3,15,10,16,"multinomial",5.45047339874802
100,5,3,15,10,16,"mixed",6.50453449677369
100,5,3,15,10,16,"mixed_population",5.48524514084789
100,5,3,15,10,17,"multinomial",5.80035787976387
100,5,3,15,10,17,"mixed",6.80145849468054
100,5,3,15,10,17,"mixed_population",5.73217284425476
100,5,3,15,10,18,"multinomial",5.90188472202144
100,5,3,15,10,18,"mixed",7.15899912488154
100,5,3,15,10,18,"mixed_population",5.87018702304362
100,5,3,15,10,19,"multinomial",6.1325371957533
100,5,3,15,10,19,"mixed",7.1248143161211
100,5,3,15,10,19,"mixed_population",6.16072164347293
100,5,3,15,10,20,"multinomial",5.98338528842694
100,5,3,15,10,20,"mixed",7.01862930801197
100,5,3,15,10,20,"mixed_population",5.97891137656288
100,5,3,15,10,21,"multinomial",6.13706891210426
100,5,3,15,10,21,"mixed",7.0468806246029
100,5,3,15,10,21,"mixed_population",6.1611256973294
100,5,3,15,10,22,"multinomial",5.78018858966566
100,5,3,15,10,22,"mixed",6.86217912794828
100,5,3,15,10,22,"mixed_population",5.76039768512895
100,5,3,15,10,23,"multinomial",5.86212602479377
100,5,3,15,10,23,"mixed",7.12294194261493
100,5,3,15,10,23,"mixed_population",5.91942928474409
100,5,3,15,10,24,"multinomial",5.74212713168259
100,5,3,15,10,24,"mixed",6.79797824213369
100,5,3,15,10,24,"mixed_population",5.98839107043706
100,5,3,15,10,25,"multinomial",6.00003176645992
100,5,3,15,10,25,"mixed",6.64035213894513
100,5,3,15,10,25,"mixed_population",6.00287027726535
100,5,3,15,10,26,"multinomial",5.96050940867123
100,5,3,15,10,26,"mixed",6.91536802503644
100,5,3,15,10,26,"mixed_population",5.94396668994401
100,5,3,15,10,27,"multinomial",6.04242965661701
100,5,3,15,10,27,"mixed",7.36969343026191
100,5,3,15,10,27,"mixed_population",6.02437513392743
100,5,3,15,10,28,"multinomial",6.19684754284765
100,5,3,15,10,28,"mixed",7.39232917266431
100,5,3,15,10,28,"mixed_population",6.21922911037336
100,5,3,15,10,29,"multinomial",5.69128256430826
100,5,3,15,10,29,"mixed",6.78727444407637
100,5,3,15,10,29,"mixed_population",5.72531927709219
100,5,3,15,10,30,"multinomial",6.01182415242369
100,5,3,15,10,30,"mixed",7.27660719468934
100,5,3,15,10,30,"mixed_population",5.94394180235559
100,5,3,15,10,31,"multinomial",6.01245898763911
100,5,3,15,10,31,"mixed",7.34037625475268
100,5,3,15,10,31,"mixed_population",5.98386305472673
100,5,3,15,10,32,"multinomial",6.01994326355985
100,5,3,15,10,32,"mixed",7.13103135003923
100,5,3,15,10,32,"mixed_population",6.11925847485235
100,5,3,15,10,33,"multinomial",6.09591558124731
100,5,3,15,10,33,"mixed",7.33351200644943
100,5,3,15,10,33,"mixed_population",6.13665170844777
100,5,3,15,10,34,"multinomial",5.5974095273709
100,5,3,15,10,34,"mixed",6.58262947346956
100,5,3,15,10,34,"mixed_population",5.62120452258978
100,5,3,15,10,35,"multinomial",5.73418182735724
100,5,3,15,10,35,"mixed",6.58528443244551
100,5,3,15,10,35,"mixed_population",5.83154378544926
100,5,3,15,10,36,"multinomial",5.75858698045357
100,5,3,15,10,36,"mixed",6.74111823950169
100,5,3,15,10,36,"mixed_population",5.92564247074174
100,5,3,15,10,37,"multinomial",5.82049472042654
100,5,3,15,10,37,"mixed",6.84601527470615
100,5,3,15,10,37,"mixed_population",5.85801705353897
100,5,3,15,10,38,"multinomial",5.76856540020209
100,5,3,15,10,38,"mixed",6.78314012852768
100,5,3,15,10,38,"mixed_population",5.57924064568408
100,5,3,15,10,39,"multinomial",5.84466154641073
100,5,3,15,10,39,"mixed",6.72339423656422
100,5,3,15,10,39,"mixed_population",5.80507089831896
100,5,3,15,10,40,"multinomial",6.15265852812295
100,5,3,15,10,40,"mixed",7.24464065022293
100,5,3,15,10,40,"mixed_population",6.17756206671155
100,5,3,15,10,41,"multinomial",6.0075630706057
100,5,3,15,10,41,"mixed",7.06443833095371
100,5,3,15,10,41,"mixed_population",6.02282041426201
100,5,3,15,10,42,"multinomial",5.73505688814233
100,5,3,15,10,42,"mixed",6.6636983504769
100,5,3,15,10,42,"mixed_population",5.76826452861619
100,5,3,15,10,43,"multinomial",5.94227226668418
100,5,3,15,10,43,"mixed",7.26843727079628
100,5,3,15,10,43,"mixed_population",6.04372047037589
100,5,3,15,10,44,"multinomial",5.93454768114683
100,5,3,15,10,44,"mixed",6.98113605930463
100,5,3,15,10,44,"mixed_population",5.88501756172823
100,5,3,15,10,45,"multinomial",6.0828227423759
100,5,3,15,10,45,"mixed",6.92125559324565
100,5,3,15,10,45,"mixed_population",6.09163034041276
100,5,3,15,10,46,"multinomial",5.83869410266472
100,5,3,15,10,46,"mixed",6.82622419671183
100,5,3,15,10,46,"mixed_population",5.88429086743638
100,5,3,15,10,47,"multinomial",5.84856671289616
100,5,3,15,10,47,"mixed",6.74550831836715
100,5,3,15,10,47,"mixed_population",5.83392286291516
100,5,3,15,10,48,"multinomial",5.97751322781364
100,5,3,15,10,48,"mixed",7.09549035438284
100,5,3,15,10,48,"mixed_population",5.83101186627142
100,5,3,15,10,49,"multinomial",6.33371927625112
100,5,3,15,10,49,"mixed",7.5659363254839
100,5,3,15,10,49,"mixed_population",6.30874271828824
100,5,3,15,10,50,"multinomial",5.8678232443128
100,5,3,15,10,50,"mixed",7.0674553396015
100,5,3,15,10,50,"mixed_population",5.86833923099138
100,5,3,15,10,51,"multinomial",5.90516057351067
100,5,3,15,10,51,"mixed",6.92867831497507
100,5,3,15,10,51,"mixed_population",5.91742510927439
100,5,3,15,10,52,"multinomial",5.53153110601481
100,5,3,15,10,52,"mixed",6.11894944699547
100,5,3,15,10,52,"mixed_population",5.42109476803502
100,5,3,15,10,53,"multinomial",5.95858953497594
100,5,3,15,10,53,"mixed",7.07777166239339
100,5,3,15,10,53,"mixed_population",5.99820659247658
100,5,3,15,10,54,"multinomial",5.96484330471089
100,5,3,15,10,54,"mixed",6.92451601627099
100,5,3,15,10,54,"mixed_population",5.9375479378699
100,5,3,15,10,55,"multinomial",5.80697606980107
100,5,3,15,10,55,"mixed",7.282304806216
100,5,3,15,10,55,"mixed_population",5.94200147916439
100,5,3,15,10,56,"multinomial",5.90345554630428
100,5,3,15,10,56,"mixed",7.00750357305553
100,5,3,15,10,56,"mixed_population",5.95171521232352
100,5,3,15,10,57,"multinomial",5.8389024011163
100,5,3,15,10,57,"mixed",7.05144287958198
100,5,3,15,10,57,"mixed_population",5.81383358869965
100,5,3,15,10,58,"multinomial",6.05232163408581
100,5,3,15,10,58,"mixed",7.23912497252337
100,5,3,15,10,58,"mixed_population",6.04754711990049
100,5,3,15,10,59,"multinomial",5.8525775553934
100,5,3,15,10,59,"mixed",6.72675303122048
100,5,3,15,10,59,"mixed_population",5.82863287963523
100,5,3,15,10,60,"multinomial",5.88801027627813
100,5,3,15,10,60,"mixed",6.83296267345353
100,5,3,15,10,60,"mixed_population",5.88171045352995
100,5,3,15,10,61,"multinomial",6.41314539819352
100,5,3,15,10,61,"mixed",7.34946937233336
100,5,3,15,10,61,"mixed_population",6.37979651320731
100,5,3,15,10,62,"multinomial",6.05515967738114
100,5,3,15,10,62,"mixed",7.08603766401807
100,5,3,15,10,62,"mixed_population",6.06366817445175
100,5,3,15,10,63,"multinomial",5.67363545470664
100,5,3,15,10,63,"mixed",7.06874631311487
100,5,3,15,10,63,"mixed_population",5.67492279864194
100,5,3,15,10,64,"multinomial",5.70863060059467
100,5,3,15,10,64,"mixed",6.71632280122243
100,5,3,15,10,64,"mixed_population",5.784459513929
100,5,3,15,10,65,"multinomial",5.82118776821089
100,5,3,15,10,65,"mixed",6.67170590869839
100,5,3,15,10,65,"mixed_population",5.78483605909695
100,5,3,15,10,66,"multinomial",5.72630195714274
100,5,3,15,10,66,"mixed",6.7192165699636
100,5,3,15,10,66,"mixed_population",5.76950484365036
100,5,3,15,10,67,"multinomial",5.75746470335177
100,5,3,15,10,67,"mixed",6.69796536187947
100,5,3,15,10,67,"mixed_population",5.75619451351695
100,5,3,15,10,68,"multinomial",6.10074677085099
100,5,3,15,10,68,"mixed",7.34481594284035
100,5,3,15,10,68,"mixed_population",6.14457133252151
100,5,3,15,10,69,"multinomial",6.15052379737759
100,5,3,15,10,69,"mixed",7.08455512617655
100,5,3,15,10,69,"mixed_population",6.13615075949787
100,5,3,15,10,70,"multinomial",5.82955636161982
100,5,3,15,10,70,"mixed",6.71795413616201
100,5,3,15,10,70,"mixed_population",5.6974813205572
100,5,3,15,10,71,"multinomial",5.79859012497162
100,5,3,15,10,71,"mixed",6.28471892767632
100,5,3,15,10,71,"mixed_population",5.69598307845982
100,5,3,15,10,72,"multinomial",5.90475935973634
100,5,3,15,10,72,"mixed",7.01462406740137
100,5,3,15,10,72,"mixed_population",5.88892959563338
100,5,3,15,10,73,"multinomial",5.9085796113152
100,5,3,15,10,73,"mixed",7.04263567405917
100,5,3,15,10,73,"mixed_population",5.86448749758735
100,5,3,15,10,74,"multinomial",5.90292459668864
100,5,3,15,10,74,"mixed",7.1152947603857
100,5,3,15,10,74,"mixed_population",5.95189336347498
100,5,3,15,10,75,"multinomial",5.99929106434484
100,5,3,15,10,75,"mixed",7.11673396590017
100,5,3,15,10,75,"mixed_population",6.19097429866401
100,5,3,15,10,76,"multinomial",5.8040192533816
100,5,3,15,10,76,"mixed",6.79733958458202
100,5,3,15,10,76,"mixed_population",5.83119502769124
100,5,3,15,10,77,"multinomial",6.10045908214686
100,5,3,15,10,77,"mixed",6.97453237119784
100,5,3,15,10,77,"mixed_population",6.09247510230541
100,5,3,15,10,78,"multinomial",6.01797297600233
100,5,3,15,10,78,"mixed",7.25732444506733
100,5,3,15,10,78,"mixed_population",6.09951902845277
100,5,3,15,10,79,"multinomial",5.92308465621359
100,5,3,15,10,79,"mixed",6.98448550060042
100,5,3,15,10,79,"mixed_population",5.88194933955796
100,5,3,15,10,80,"multinomial",6.02004443221594
100,5,3,15,10,80,"mixed",7.34416213818239
100,5,3,15,10,80,"mixed_population",6.03929400167593
100,5,3,15,10,81,"multinomial",6.03717126635502
100,5,3,15,10,81,"mixed",7.0035549043091
100,5,3,15,10,81,"mixed_population",6.08631250489332
100,5,3,15,10,82,"multinomial",5.79045707283654
100,5,3,15,10,82,"mixed",6.77345930185709
100,5,3,15,10,82,"mixed_population",5.79739551228284
100,5,3,15,10,83,"multinomial",5.72896030098036
100,5,3,15,10,83,"mixed",6.74814822688793
100,5,3,15,10,83,"mixed_population",5.65101022267932
100,5,3,15,10,84,"multinomial",5.75988330803137
100,5,3,15,10,84,"mixed",6.93126451278892
100,5,3,15,10,84,"mixed_population",5.94009505972655
100,5,3,15,10,85,"multinomial",6.01195951685483
100,5,3,15,10,85,"mixed",7.22146411636017
100,5,3,15,10,85,"mixed_population",5.89206510052031
100,5,3,15,10,86,"multinomial",5.77315485661756
100,5,3,15,10,86,"mixed",7.09015425861071
100,5,3,15,10,86,"mixed_population",5.75116931640328
100,5,3,15,10,87,"multinomial",6.03110003320517
100,5,3,15,10,87,"mixed",7.10980675207317
100,5,3,15,10,87,"mixed_population",6.08650104018353
100,5,3,15,10,88,"multinomial",5.81697700513323
100,5,3,15,10,88,"mixed",6.66935994178573
100,5,3,15,10,88,"mixed_population",5.8173631013244
100,5,3,15,10,89,"multinomial",6.06472221202545
100,5,3,15,10,89,"mixed",6.93376499092765
100,5,3,15,10,89,"mixed_population",6.05592462799579
100,5,3,15,10,90,"multinomial",5.8604859240856
100,5,3,15,10,90,"mixed",6.96671957336142
100,5,3,15,10,90,"mixed_population",5.88766669905515
100,5,3,15,10,91,"multinomial",6.03283795073718
100,5,3,15,10,91,"mixed",6.84220533505931
100,5,3,15,10,91,"mixed_population",6.00572508470115
100,5,3,15,10,92,"multinomial",5.45099882045125
100,5,3,15,10,92,"mixed",6.11436656262847
100,5,3,15,10,92,"mixed_population",5.49739346461992
100,5,3,15,10,93,"multinomial",5.7635218190821
100,5,3,15,10,93,"mixed",6.49634365804393
100,5,3,15,10,93,"mixed_population",5.76680549794037
100,5,3,15,10,94,"multinomial",5.69359925268553
100,5,3,15,10,94,"mixed",6.79004311961711
100,5,3,15,10,94,"mixed_population",5.68893826671908
100,5,3,15,10,95,"multinomial",5.84019450423491
100,5,3,15,10,95,"mixed",7.08774192454227
100,5,3,15,10,95,"mixed_population",5.8318968572054
100,5,3,15,10,96,"multinomial",5.92574890672018
100,5,3,15,10,96,"mixed",7.31536656991127
100,5,3,15,10,96,"mixed_population",5.86905434130403
100,5,3,15,10,97,"multinomial",5.89516391935426
100,5,3,15,10,97,"mixed",7.0805733234707
100,5,3,15,10,97,"mixed_population",5.88726626710863
100,5,3,15,10,98,"multinomial",6.13181131928683
100,5,3,15,10,98,"mixed",7.24315842130687
100,5,3,15,10,98,"mixed_population",6.01178355071702
100,5,3,15,10,99,"multinomial",5.62039159142876
100,5,3,15,10,99,"mixed",6.36988676189494
100,5,3,15,10,99,"mixed_population",5.6232393782782
100,5,3,15,10,100,"multinomial",5.89190936505403
100,5,3,15,10,100,"mixed",6.93269869446782
100,5,3,15,10,100,"mixed_population",5.82755057677809
100,5,3,30,0.01,1,"multinomial",4.17474048362386
100,5,3,30,0.01,1,"mixed",4.1739175375845
100,5,3,30,0.01,1,"mixed_population",4.17391562400817
100,5,3,30,0.01,2,"multinomial",4.32328193533221
100,5,3,30,0.01,2,"mixed",4.32320679241253
100,5,3,30,0.01,2,"mixed_population",4.32321818971402
100,5,3,30,0.01,3,"multinomial",3.82630241732303
100,5,3,30,0.01,3,"mixed",3.81888249941976
100,5,3,30,0.01,3,"mixed_population",3.8188875239006
100,5,3,30,0.01,4,"multinomial",4.42938561625295
100,5,3,30,0.01,4,"mixed",4.42493721573688
100,5,3,30,0.01,4,"mixed_population",4.42493771014003
100,5,3,30,0.01,5,"multinomial",3.91321152814343
100,5,3,30,0.01,5,"mixed",3.91224378975421
100,5,3,30,0.01,5,"mixed_population",3.91224642477167
100,5,3,30,0.01,6,"multinomial",3.98821799838975
100,5,3,30,0.01,6,"mixed",3.98216982907791
100,5,3,30,0.01,6,"mixed_population",3.98216559590596
100,5,3,30,0.01,7,"multinomial",4.53958760536268
100,5,3,30,0.01,7,"mixed",4.53395666264238
100,5,3,30,0.01,7,"mixed_population",4.53395521910077
100,5,3,30,0.01,8,"multinomial",4.14344206273141
100,5,3,30,0.01,8,"mixed",4.13687435715524
100,5,3,30,0.01,8,"mixed_population",4.13687663873879
100,5,3,30,0.01,9,"multinomial",4.24798855355945
100,5,3,30,0.01,9,"mixed",4.24460410759343
100,5,3,30,0.01,9,"mixed_population",4.24460630960172
100,5,3,30,0.01,10,"multinomial",4.4678768067463
100,5,3,30,0.01,10,"mixed",4.46413674952896
100,5,3,30,0.01,10,"mixed_population",4.46413557136198
100,5,3,30,0.01,11,"multinomial",4.59930177228143
100,5,3,30,0.01,11,"mixed",4.59775790482863
100,5,3,30,0.01,11,"mixed_population",4.59777392271344
100,5,3,30,0.01,12,"multinomial",3.94301109957255
100,5,3,30,0.01,12,"mixed",3.94468311082764
100,5,3,30,0.01,12,"mixed_population",3.94468350199706
100,5,3,30,0.01,13,"multinomial",4.2635465344562
100,5,3,30,0.01,13,"mixed",4.2596263447236
100,5,3,30,0.01,13,"mixed_population",4.25961952715561
100,5,3,30,0.01,14,"multinomial",4.15051912827229
100,5,3,30,0.01,14,"mixed",4.14846073908545
100,5,3,30,0.01,14,"mixed_population",4.1484637502437
100,5,3,30,0.01,15,"multinomial",4.2804229343958
100,5,3,30,0.01,15,"mixed",4.2778071400413
100,5,3,30,0.01,15,"mixed_population",4.27780866093344
100,5,3,30,0.01,16,"multinomial",3.86173855580033
100,5,3,30,0.01,16,"mixed",3.86113899840213
100,5,3,30,0.01,16,"mixed_population",3.86013490173335
100,5,3,30,0.01,17,"multinomial",3.60117048018599
100,5,3,30,0.01,17,"mixed",3.5981952360866
100,5,3,30,0.01,17,"mixed_population",3.59819510696645
100,5,3,30,0.01,18,"multinomial",4.03213215674314
100,5,3,30,0.01,18,"mixed",4.02846066823846
100,5,3,30,0.01,18,"mixed_population",4.02846399324643
100,5,3,30,0.01,19,"multinomial",4.40506747535765
100,5,3,30,0.01,19,"mixed",4.40049766213048
100,5,3,30,0.01,19,"mixed_population",4.40063283644206
100,5,3,30,0.01,20,"multinomial",4.25173038825375
100,5,3,30,0.01,20,"mixed",4.25258443011738
100,5,3,30,0.01,20,"mixed_population",4.25258484275201
100,5,3,30,0.01,21,"multinomial",4.25992770749998
100,5,3,30,0.01,21,"mixed",4.26070661092162
100,5,3,30,0.01,21,"mixed_population",4.26068847528402
100,5,3,30,0.01,22,"multinomial",4.05830849512417
100,5,3,30,0.01,22,"mixed",4.05541041724492
100,5,3,30,0.01,22,"mixed_population",4.05539971370748
100,5,3,30,0.01,23,"multinomial",3.73374071709212
100,5,3,30,0.01,23,"mixed",3.73041232517054
100,5,3,30,0.01,23,"mixed_population",3.73040413931164
100,5,3,30,0.01,24,"multinomial",3.81619365273872
100,5,3,30,0.01,24,"mixed",3.81264228764226
100,5,3,30,0.01,24,"mixed_population",3.81274667324285
100,5,3,30,0.01,25,"multinomial",4.06477355139915
100,5,3,30,0.01,25,"mixed",4.05932638348873
100,5,3,30,0.01,25,"mixed_population",4.05932726286184
100,5,3,30,0.01,26,"multinomial",4.05607251062859
100,5,3,30,0.01,26,"mixed",4.0436438945537
100,5,3,30,0.01,26,"mixed_population",4.0436427687805
100,5,3,30,0.01,27,"multinomial",4.19722771497296
100,5,3,30,0.01,27,"mixed",4.19514685525187
100,5,3,30,0.01,27,"mixed_population",4.19515751007074
100,5,3,30,0.01,28,"multinomial",4.39962376973477
100,5,3,30,0.01,28,"mixed",4.38086167229923
100,5,3,30,0.01,28,"mixed_population",4.38086281547595
100,5,3,30,0.01,29,"multinomial",3.96732324180378
100,5,3,30,0.01,29,"mixed",3.95911136031448
100,5,3,30,0.01,29,"mixed_population",3.95911118244691
100,5,3,30,0.01,30,"multinomial",4.42142215675543
100,5,3,30,0.01,30,"mixed",4.42184248948664
100,5,3,30,0.01,30,"mixed_population",4.42188704139225
100,5,3,30,0.01,31,"multinomial",4.72178873907714
100,5,3,30,0.01,31,"mixed",4.71845245420317
100,5,3,30,0.01,31,"mixed_population",4.71845062199901
100,5,3,30,0.01,32,"multinomial",4.41228848453923
100,5,3,30,0.01,32,"mixed",4.4078061039697
100,5,3,30,0.01,32,"mixed_population",4.40781087937535
100,5,3,30,0.01,33,"multinomial",3.76329555575697
100,5,3,30,0.01,33,"mixed",3.76010057895267
100,5,3,30,0.01,33,"mixed_population",3.7601004194212
100,5,3,30,0.01,34,"multinomial",4.59897037744528
100,5,3,30,0.01,34,"mixed",4.58233105696128
100,5,3,30,0.01,34,"mixed_population",4.58232681390668
100,5,3,30,0.01,35,"multinomial",4.34948653829143
100,5,3,30,0.01,35,"mixed",4.3475454359026
100,5,3,30,0.01,35,"mixed_population",4.34754000169156
100,5,3,30,0.01,36,"multinomial",4.1333027276135
100,5,3,30,0.01,36,"mixed",4.12864211617274
100,5,3,30,0.01,36,"mixed_population",4.1286360349787
100,5,3,30,0.01,37,"multinomial",3.80685288632182
100,5,3,30,0.01,37,"mixed",3.80914583498316
100,5,3,30,0.01,37,"mixed_population",3.809144947689
100,5,3,30,0.01,38,"multinomial",3.81864530121719
100,5,3,30,0.01,38,"mixed",3.81458562555527
100,5,3,30,0.01,38,"mixed_population",3.81458561923845
100,5,3,30,0.01,39,"multinomial",3.93112949078173
100,5,3,30,0.01,39,"mixed",3.92781266512385
100,5,3,30,0.01,39,"mixed_population",3.9278129746125
100,5,3,30,0.01,40,"multinomial",4.09407297373051
100,5,3,30,0.01,40,"mixed",4.09080106944389
100,5,3,30,0.01,40,"mixed_population",4.09079412626032
100,5,3,30,0.01,41,"multinomial",4.27447541038978
100,5,3,30,0.01,41,"mixed",4.2715434401946
100,5,3,30,0.01,41,"mixed_population",4.27202052387991
100,5,3,30,0.01,42,"multinomial",3.8749670281237
100,5,3,30,0.01,42,"mixed",3.87570916724041
100,5,3,30,0.01,42,"mixed_population",3.875709412141
100,5,3,30,0.01,43,"multinomial",4.13876405560222
100,5,3,30,0.01,43,"mixed",4.13498270827407
100,5,3,30,0.01,43,"mixed_population",4.13498285845782
100,5,3,30,0.01,44,"multinomial",4.02035560550524
100,5,3,30,0.01,44,"mixed",4.01963258645941
100,5,3,30,0.01,44,"mixed_population",4.01962880321848
100,5,3,30,0.01,45,"multinomial",4.50845432015758
100,5,3,30,0.01,45,"mixed",4.50002754160842
100,5,3,30,0.01,45,"mixed_population",4.49996531024132
100,5,3,30,0.01,46,"multinomial",3.76128032027274
100,5,3,30,0.01,46,"mixed",3.75812672269957
100,5,3,30,0.01,46,"mixed_population",3.75812120537651
100,5,3,30,0.01,47,"multinomial",4.03301408977076
100,5,3,30,0.01,47,"mixed",4.0331186033858
100,5,3,30,0.01,47,"mixed_population",4.03311852834855
100,5,3,30,0.01,48,"multinomial",4.1558573658632
100,5,3,30,0.01,48,"mixed",4.15471828314895
100,5,3,30,0.01,48,"mixed_population",4.15350139594172
100,5,3,30,0.01,49,"multinomial",3.90785599100175
100,5,3,30,0.01,49,"mixed",3.90605242274597
100,5,3,30,0.01,49,"mixed_population",3.90605106906352
100,5,3,30,0.01,50,"multinomial",4.13397035243336
100,5,3,30,0.01,50,"mixed",4.13900543761468
100,5,3,30,0.01,50,"mixed_population",4.13815375150892
100,5,3,30,0.01,51,"multinomial",4.31627268308167
100,5,3,30,0.01,51,"mixed",4.31189239234728
100,5,3,30,0.01,51,"mixed_population",4.31189204811778
100,5,3,30,0.01,52,"multinomial",3.80786688379354
100,5,3,30,0.01,52,"mixed",3.80487987295878
100,5,3,30,0.01,52,"mixed_population",3.80488052506623
100,5,3,30,0.01,53,"multinomial",3.91239066885813
100,5,3,30,0.01,53,"mixed",3.90010121086129
100,5,3,30,0.01,53,"mixed_population",3.9001073564666
100,5,3,30,0.01,54,"multinomial",4.12223645430683
100,5,3,30,0.01,54,"mixed",4.11862040980227
100,5,3,30,0.01,54,"mixed_population",4.11861989190315
100,5,3,30,0.01,55,"multinomial",4.13985309122146
100,5,3,30,0.01,55,"mixed",4.13922201420826
100,5,3,30,0.01,55,"mixed_population",4.13921888260724
100,5,3,30,0.01,56,"multinomial",4.10794621016603
100,5,3,30,0.01,56,"mixed",4.10071573184223
100,5,3,30,0.01,56,"mixed_population",4.10071761183796
100,5,3,30,0.01,57,"multinomial",4.03479337534085
100,5,3,30,0.01,57,"mixed",4.03161900337331
100,5,3,30,0.01,57,"mixed_population",4.03166078716308
100,5,3,30,0.01,58,"multinomial",4.14622849404621
100,5,3,30,0.01,58,"mixed",4.14032259300565
100,5,3,30,0.01,58,"mixed_population",4.14031951523638
100,5,3,30,0.01,59,"multinomial",4.12902184366865
100,5,3,30,0.01,59,"mixed",4.1301881160553
100,5,3,30,0.01,59,"mixed_population",4.12830431693408
100,5,3,30,0.01,60,"multinomial",4.03641704895709
100,5,3,30,0.01,60,"mixed",4.03718490981165
100,5,3,30,0.01,60,"mixed_population",4.0371885537195
100,5,3,30,0.01,61,"multinomial",4.3533387583034
100,5,3,30,0.01,61,"mixed",4.35222705270582
100,5,3,30,0.01,61,"mixed_population",4.35223013721092
100,5,3,30,0.01,62,"multinomial",3.81219615010147
100,5,3,30,0.01,62,"mixed",3.80427209128324
100,5,3,30,0.01,62,"mixed_population",3.80427428624756
100,5,3,30,0.01,63,"multinomial",4.41450961758071
100,5,3,30,0.01,63,"mixed",4.4152133702101
100,5,3,30,0.01,63,"mixed_population",4.41521479521938
100,5,3,30,0.01,64,"multinomial",4.44158595419952
100,5,3,30,0.01,64,"mixed",4.43929026385393
100,5,3,30,0.01,64,"mixed_population",4.43929317283388
100,5,3,30,0.01,65,"multinomial",4.11507487612401
100,5,3,30,0.01,65,"mixed",4.11288815156352
100,5,3,30,0.01,65,"mixed_population",4.11288273217243
100,5,3,30,0.01,66,"multinomial",4.21430036126215
100,5,3,30,0.01,66,"mixed",4.2097275167827
100,5,3,30,0.01,66,"mixed_population",4.20972116091536
100,5,3,30,0.01,67,"multinomial",3.68300061604646
100,5,3,30,0.01,67,"mixed",3.66994141780299
100,5,3,30,0.01,67,"mixed_population",3.66994250678227
100,5,3,30,0.01,68,"multinomial",4.09070591588131
100,5,3,30,0.01,68,"mixed",4.08850534976865
100,5,3,30,0.01,68,"mixed_population",4.0885254852904
100,5,3,30,0.01,69,"multinomial",4.34705733869158
100,5,3,30,0.01,69,"mixed",4.34231665673578
100,5,3,30,0.01,69,"mixed_population",4.34232613301158
100,5,3,30,0.01,70,"multinomial",4.54570436460307
100,5,3,30,0.01,70,"mixed",4.53857035204028
100,5,3,30,0.01,70,"mixed_population",4.53857015184584
100,5,3,30,0.01,71,"multinomial",3.90250422465984
100,5,3,30,0.01,71,"mixed",3.89763936872444
100,5,3,30,0.01,71,"mixed_population",3.89436903475898
100,5,3,30,0.01,72,"multinomial",3.9016148165711
100,5,3,30,0.01,72,"mixed",3.88834515922893
100,5,3,30,0.01,72,"mixed_population",3.88834653240725
100,5,3,30,0.01,73,"multinomial",3.4201695385657
100,5,3,30,0.01,73,"mixed",3.41915635173016
100,5,3,30,0.01,73,"mixed_population",3.41775055682832
100,5,3,30,0.01,74,"multinomial",4.38677757715508
100,5,3,30,0.01,74,"mixed",4.37830932659327
100,5,3,30,0.01,74,"mixed_population",4.37829798208286
100,5,3,30,0.01,75,"multinomial",3.97863826264253
100,5,3,30,0.01,75,"mixed",3.97433285771258
100,5,3,30,0.01,75,"mixed_population",3.97433679913186
100,5,3,30,0.01,76,"multinomial",4.33225601775123
100,5,3,30,0.01,76,"mixed",4.32310037022221
100,5,3,30,0.01,76,"mixed_population",4.3230966233425
100,5,3,30,0.01,77,"multinomial",4.30710679831808
100,5,3,30,0.01,77,"mixed",4.30226738721559
100,5,3,30,0.01,77,"mixed_population",4.30225672272453
100,5,3,30,0.01,78,"multinomial",4.453396919308
100,5,3,30,0.01,78,"mixed",4.4492860149822
100,5,3,30,0.01,78,"mixed_population",4.44928619433581
100,5,3,30,0.01,79,"multinomial",4.1065224627955
100,5,3,30,0.01,79,"mixed",4.10617650130486
100,5,3,30,0.01,79,"mixed_population",4.10617964329012
100,5,3,30,0.01,80,"multinomial",4.233464798611
100,5,3,30,0.01,80,"mixed",4.23255756427219
100,5,3,30,0.01,80,"mixed_population",4.23256517229656
100,5,3,30,0.01,81,"multinomial",3.88908863202117
100,5,3,30,0.01,81,"mixed",3.88301252289775
100,5,3,30,0.01,81,"mixed_population",3.88301242405035
100,5,3,30,0.01,82,"multinomial",4.31945795045764
100,5,3,30,0.01,82,"mixed",4.31825120956736
100,5,3,30,0.01,82,"mixed_population",4.31824511109505
100,5,3,30,0.01,83,"multinomial",4.13815591408693
100,5,3,30,0.01,83,"mixed",4.12642134313453
100,5,3,30,0.01,83,"mixed_population",4.12642162531735
100,5,3,30,0.01,84,"multinomial",4.01579019576234
100,5,3,30,0.01,84,"mixed",4.01378969158462
100,5,3,30,0.01,84,"mixed_population",4.01380727825477
100,5,3,30,0.01,85,"multinomial",4.38296601908023
100,5,3,30,0.01,85,"mixed",4.38093028249568
100,5,3,30,0.01,85,"mixed_population",4.38093185895842
100,5,3,30,0.01,86,"multinomial",4.05556245747103
100,5,3,30,0.01,86,"mixed",4.05158816059981
100,5,3,30,0.01,86,"mixed_population",4.05158657440361
100,5,3,30,0.01,87,"multinomial",4.44444393128399
100,5,3,30,0.01,87,"mixed",4.43776307526195
100,5,3,30,0.01,87,"mixed_population",4.43776299088623
100,5,3,30,0.01,88,"multinomial",3.96545448655862
100,5,3,30,0.01,88,"mixed",3.96498658978347
100,5,3,30,0.01,88,"mixed_population",3.96498201989092
100,5,3,30,0.01,89,"multinomial",4.21772324220972
100,5,3,30,0.01,89,"mixed",4.20444991959106
100,5,3,30,0.01,89,"mixed_population",4.20445131213564
100,5,3,30,0.01,90,"multinomial",4.18553481364449
100,5,3,30,0.01,90,"mixed",4.18111488270427
100,5,3,30,0.01,90,"mixed_population",4.17898013049216
100,5,3,30,0.01,91,"multinomial",3.96159641095191
100,5,3,30,0.01,91,"mixed",3.95272587016528
100,5,3,30,0.01,91,"mixed_population",3.95272629613063
100,5,3,30,0.01,92,"multinomial",3.81368655543343
100,5,3,30,0.01,92,"mixed",3.80956137524603
100,5,3,30,0.01,92,"mixed_population",3.80956184870897
100,5,3,30,0.01,93,"multinomial",4.02171032145313
100,5,3,30,0.01,93,"mixed",4.02147157529388
100,5,3,30,0.01,93,"mixed_population",4.02148245920438
100,5,3,30,0.01,94,"multinomial",4.12023433503814
100,5,3,30,0.01,94,"mixed",4.11746133535894
100,5,3,30,0.01,94,"mixed_population",4.11746403173225
100,5,3,30,0.01,95,"multinomial",4.04465794568137
100,5,3,30,0.01,95,"mixed",4.04098708690301
100,5,3,30,0.01,95,"mixed_population",4.04099195195529
100,5,3,30,0.01,96,"multinomial",4.01785990446006
100,5,3,30,0.01,96,"mixed",4.01565741236909
100,5,3,30,0.01,96,"mixed_population",4.0156554272164
100,5,3,30,0.01,97,"multinomial",3.93793462300772
100,5,3,30,0.01,97,"mixed",3.93301217112075
100,5,3,30,0.01,97,"mixed_population",3.93300922148447
100,5,3,30,0.01,98,"multinomial",4.14884836309184
100,5,3,30,0.01,98,"mixed",4.14264984978169
100,5,3,30,0.01,98,"mixed_population",4.14264966171643
100,5,3,30,0.01,99,"multinomial",3.77379166672101
100,5,3,30,0.01,99,"mixed",3.76043096417511
100,5,3,30,0.01,99,"mixed_population",3.76043905249826
100,5,3,30,0.01,100,"multinomial",3.89987666801199
100,5,3,30,0.01,100,"mixed",3.89344038545047
100,5,3,30,0.01,100,"mixed_population",3.89384125544222
100,5,3,30,0.1,1,"multinomial",4.40641616090079
100,5,3,30,0.1,1,"mixed",4.40283330480714
100,5,3,30,0.1,1,"mixed_population",4.40284626536834
100,5,3,30,0.1,2,"multinomial",4.1905619944629
100,5,3,30,0.1,2,"mixed",4.17680530535384
100,5,3,30,0.1,2,"mixed_population",4.17680638429095
100,5,3,30,0.1,3,"multinomial",4.21829776589433
100,5,3,30,0.1,3,"mixed",4.21914019295311
100,5,3,30,0.1,3,"mixed_population",4.21917540838587
100,5,3,30,0.1,4,"multinomial",3.75798139017212
100,5,3,30,0.1,4,"mixed",3.75181982742632
100,5,3,30,0.1,4,"mixed_population",3.75181056030168
100,5,3,30,0.1,5,"multinomial",4.06279839935634
100,5,3,30,0.1,5,"mixed",4.06058604880772
100,5,3,30,0.1,5,"mixed_population",4.06059816955931
100,5,3,30,0.1,6,"multinomial",4.08416974362058
100,5,3,30,0.1,6,"mixed",4.08135880278968
100,5,3,30,0.1,6,"mixed_population",4.08135862310778
100,5,3,30,0.1,7,"multinomial",4.15418227095276
100,5,3,30,0.1,7,"mixed",4.14730694627792
100,5,3,30,0.1,7,"mixed_population",4.14730381001201
100,5,3,30,0.1,8,"multinomial",4.11808696182434
100,5,3,30,0.1,8,"mixed",4.10958834545962
100,5,3,30,0.1,8,"mixed_population",4.10958914665807
100,5,3,30,0.1,9,"multinomial",4.14386360350979
100,5,3,30,0.1,9,"mixed",4.13979450104348
100,5,3,30,0.1,9,"mixed_population",4.13979702316752
100,5,3,30,0.1,10,"multinomial",3.94366835064823
100,5,3,30,0.1,10,"mixed",3.93340278320909
100,5,3,30,0.1,10,"mixed_population",3.93340472035189
100,5,3,30,0.1,11,"multinomial",3.96130521953458
100,5,3,30,0.1,11,"mixed",3.96059045058768
100,5,3,30,0.1,11,"mixed_population",3.96059000832238
100,5,3,30,0.1,12,"multinomial",3.99794380310713
100,5,3,30,0.1,12,"mixed",3.99779482491006
100,5,3,30,0.1,12,"mixed_population",3.99779383262757
100,5,3,30,0.1,13,"multinomial",4.0732543121825
100,5,3,30,0.1,13,"mixed",4.07088046386305
100,5,3,30,0.1,13,"mixed_population",4.07087934153875
100,5,3,30,0.1,14,"multinomial",4.38296337956191
100,5,3,30,0.1,14,"mixed",4.38414362311607
100,5,3,30,0.1,14,"mixed_population",4.38414449563585
100,5,3,30,0.1,15,"multinomial",3.98882807548281
100,5,3,30,0.1,15,"mixed",3.98601093441901
100,5,3,30,0.1,15,"mixed_population",3.98601250969474
100,5,3,30,0.1,16,"multinomial",4.00226059027232
100,5,3,30,0.1,16,"mixed",3.99933836166975
100,5,3,30,0.1,16,"mixed_population",3.99933289699374
100,5,3,30,0.1,17,"multinomial",3.5966358728555
100,5,3,30,0.1,17,"mixed",3.59424629366791
100,5,3,30,0.1,17,"mixed_population",3.5942498770863
100,5,3,30,0.1,18,"multinomial",4.49292671331182
100,5,3,30,0.1,18,"mixed",4.4904382881781
100,5,3,30,0.1,18,"mixed_population",4.49043631631978
100,5,3,30,0.1,19,"multinomial",3.81446747994899
100,5,3,30,0.1,19,"mixed",3.80426804815551
100,5,3,30,0.1,19,"mixed_population",3.80424440040239
100,5,3,30,0.1,20,"multinomial",4.54141517151474
100,5,3,30,0.1,20,"mixed",4.54213208127162
100,5,3,30,0.1,20,"mixed_population",4.54213372899759
100,5,3,30,0.1,21,"multinomial",4.20763800287459
100,5,3,30,0.1,21,"mixed",4.20862848395158
100,5,3,30,0.1,21,"mixed_population",4.2086310575848
100,5,3,30,0.1,22,"multinomial",4.26358182305936
100,5,3,30,0.1,22,"mixed",4.25645620352593
100,5,3,30,0.1,22,"mixed_population",4.2564560370789
100,5,3,30,0.1,23,"multinomial",4.5424639952633
100,5,3,30,0.1,23,"mixed",4.54419086259108
100,5,3,30,0.1,23,"mixed_population",4.54419293057261
100,5,3,30,0.1,24,"multinomial",4.26968808756496
100,5,3,30,0.1,24,"mixed",4.26701300722172
100,5,3,30,0.1,24,"mixed_population",4.26701174028317
100,5,3,30,0.1,25,"multinomial",3.96417137629783
100,5,3,30,0.1,25,"mixed",3.95599158705833
100,5,3,30,0.1,25,"mixed_population",3.95599198515068
100,5,3,30,0.1,26,"multinomial",4.22921304832577
100,5,3,30,0.1,26,"mixed",4.23014426890688
100,5,3,30,0.1,26,"mixed_population",4.23014525897282
100,5,3,30,0.1,27,"multinomial",4.24959418076524
100,5,3,30,0.1,27,"mixed",4.24414763485075
100,5,3,30,0.1,27,"mixed_population",4.24413445150169
100,5,3,30,0.1,28,"multinomial",3.91701647049717
100,5,3,30,0.1,28,"mixed",3.91246166465789
100,5,3,30,0.1,28,"mixed_population",3.91246044274804
100,5,3,30,0.1,29,"multinomial",4.15342560735655
100,5,3,30,0.1,29,"mixed",4.13795589045252
100,5,3,30,0.1,29,"mixed_population",4.13795534499688
100,5,3,30,0.1,30,"multinomial",4.27223259537035
100,5,3,30,0.1,30,"mixed",4.27033744440438
100,5,3,30,0.1,30,"mixed_population",4.27033944502148
100,5,3,30,0.1,31,"multinomial",4.27924987856291
100,5,3,30,0.1,31,"mixed",4.28073463907901
100,5,3,30,0.1,31,"mixed_population",4.28073442955819
100,5,3,30,0.1,32,"multinomial",3.65334105615014
100,5,3,30,0.1,32,"mixed",3.64814172308309
100,5,3,30,0.1,32,"mixed_population",3.6481491298134
100,5,3,30,0.1,33,"multinomial",4.24551379013272
100,5,3,30,0.1,33,"mixed",4.24889692871016
100,5,3,30,0.1,33,"mixed_population",4.24889793418878
100,5,3,30,0.1,34,"multinomial",4.06348230645968
100,5,3,30,0.1,34,"mixed",4.05421986366193
100,5,3,30,0.1,34,"mixed_population",4.05421894875762
100,5,3,30,0.1,35,"multinomial",4.08440695613872
100,5,3,30,0.1,35,"mixed",4.07881598989507
100,5,3,30,0.1,35,"mixed_population",4.07880568271547
100,5,3,30,0.1,36,"multinomial",3.5855948259862
100,5,3,30,0.1,36,"mixed",3.58578876231716
100,5,3,30,0.1,36,"mixed_population",3.58578830464021
100,5,3,30,0.1,37,"multinomial",4.52133634459706
100,5,3,30,0.1,37,"mixed",4.51699243599123
100,5,3,30,0.1,37,"mixed_population",4.5169901693142
100,5,3,30,0.1,38,"multinomial",3.89640268231489
100,5,3,30,0.1,38,"mixed",3.89284877899006
100,5,3,30,0.1,38,"mixed_population",3.89285288096906
100,5,3,30,0.1,39,"multinomial",3.93157509114873
100,5,3,30,0.1,39,"mixed",3.9321338817929
100,5,3,30,0.1,39,"mixed_population",3.93213458211378
100,5,3,30,0.1,40,"multinomial",4.28984336911572
100,5,3,30,0.1,40,"mixed",4.27817041590919
100,5,3,30,0.1,40,"mixed_population",4.27817266778486
100,5,3,30,0.1,41,"multinomial",4.19809711594218
100,5,3,30,0.1,41,"mixed",4.19056229957746
100,5,3,30,0.1,41,"mixed_population",4.19056257765972
100,5,3,30,0.1,42,"multinomial",4.18664793158055
100,5,3,30,0.1,42,"mixed",4.18632614211086
100,5,3,30,0.1,42,"mixed_population",4.18632684173624
100,5,3,30,0.1,43,"multinomial",3.82497360884514
100,5,3,30,0.1,43,"mixed",3.82466191615391
100,5,3,30,0.1,43,"mixed_population",3.82466175749512
100,5,3,30,0.1,44,"multinomial",4.00050442641179
100,5,3,30,0.1,44,"mixed",3.99827381793237
100,5,3,30,0.1,44,"mixed_population",3.99827341140807
100,5,3,30,0.1,45,"multinomial",4.22670390814053
100,5,3,30,0.1,45,"mixed",4.22306056859023
100,5,3,30,0.1,45,"mixed_population",4.22306087395175
100,5,3,30,0.1,46,"multinomial",4.18770420129283
100,5,3,30,0.1,46,"mixed",4.18822413850042
100,5,3,30,0.1,46,"mixed_population",4.18822760953102
100,5,3,30,0.1,47,"multinomial",4.04859625889792
100,5,3,30,0.1,47,"mixed",4.04511300276102
100,5,3,30,0.1,47,"mixed_population",4.04511440946342
100,5,3,30,0.1,48,"multinomial",3.85801864130893
100,5,3,30,0.1,48,"mixed",3.85005253480083
100,5,3,30,0.1,48,"mixed_population",3.85005250484131
100,5,3,30,0.1,49,"multinomial",4.04727469754647
100,5,3,30,0.1,49,"mixed",4.03235650995011
100,5,3,30,0.1,49,"mixed_population",4.03235924448291
100,5,3,30,0.1,50,"multinomial",4.05751593424809
100,5,3,30,0.1,50,"mixed",4.05806586784272
100,5,3,30,0.1,50,"mixed_population",4.05806825144152
100,5,3,30,0.1,51,"multinomial",4.48580363722576
100,5,3,30,0.1,51,"mixed",4.47305789136984
100,5,3,30,0.1,51,"mixed_population",4.47306244779457
100,5,3,30,0.1,52,"multinomial",4.28064759066984
100,5,3,30,0.1,52,"mixed",4.28009964147153
100,5,3,30,0.1,52,"mixed_population",4.2801126906928
100,5,3,30,0.1,53,"multinomial",4.46409520498273
100,5,3,30,0.1,53,"mixed",4.45213398037893
100,5,3,30,0.1,53,"mixed_population",4.45212129965289
100,5,3,30,0.1,54,"multinomial",4.47470671440154
100,5,3,30,0.1,54,"mixed",4.46756366582924
100,5,3,30,0.1,54,"mixed_population",4.46755777008539
100,5,3,30,0.1,55,"multinomial",4.21762844913413
100,5,3,30,0.1,55,"mixed",4.22140332506679
100,5,3,30,0.1,55,"mixed_population",4.22140328046778
100,5,3,30,0.1,56,"multinomial",4.09924561316915
100,5,3,30,0.1,56,"mixed",4.09815695434375
100,5,3,30,0.1,56,"mixed_population",4.09815707301537
100,5,3,30,0.1,57,"multinomial",4.2878085204313
100,5,3,30,0.1,57,"mixed",4.28243896112534
100,5,3,30,0.1,57,"mixed_population",4.28191036979143
100,5,3,30,0.1,58,"multinomial",4.18862547685851
100,5,3,30,0.1,58,"mixed",4.18694791048668
100,5,3,30,0.1,58,"mixed_population",4.18694766076377
100,5,3,30,0.1,59,"multinomial",3.90227217804405
100,5,3,30,0.1,59,"mixed",3.8954414250003
100,5,3,30,0.1,59,"mixed_population",3.89544010078231
100,5,3,30,0.1,60,"multinomial",4.31291334787504
100,5,3,30,0.1,60,"mixed",4.3155793864204
100,5,3,30,0.1,60,"mixed_population",4.31557200671872
100,5,3,30,0.1,61,"multinomial",3.76609567352988
100,5,3,30,0.1,61,"mixed",3.76257192171511
100,5,3,30,0.1,61,"mixed_population",3.76259498880588
100,5,3,30,0.1,62,"multinomial",4.33257066707484
100,5,3,30,0.1,62,"mixed",4.33310032534409
100,5,3,30,0.1,62,"mixed_population",4.33309959604958
100,5,3,30,0.1,63,"multinomial",4.29929821378612
100,5,3,30,0.1,63,"mixed",4.29224466109616
100,5,3,30,0.1,63,"mixed_population",4.29224513491038
100,5,3,30,0.1,64,"multinomial",4.02776288760005
100,5,3,30,0.1,64,"mixed",4.02544329803039
100,5,3,30,0.1,64,"mixed_population",4.02544396791628
100,5,3,30,0.1,65,"multinomial",4.58210890448955
100,5,3,30,0.1,65,"mixed",4.58320211031409
100,5,3,30,0.1,65,"mixed_population",4.58278533438723
100,5,3,30,0.1,66,"multinomial",4.15053620707736
100,5,3,30,0.1,66,"mixed",4.14202619902327
100,5,3,30,0.1,66,"mixed_population",4.14202661561169
100,5,3,30,0.1,67,"multinomial",3.88121074141233
100,5,3,30,0.1,67,"mixed",3.88317549702214
100,5,3,30,0.1,67,"mixed_population",3.88317619663708
100,5,3,30,0.1,68,"multinomial",4.10569323771949
100,5,3,30,0.1,68,"mixed",4.10562069811302
100,5,3,30,0.1,68,"mixed_population",4.10562345440299
100,5,3,30,0.1,69,"multinomial",3.83912564933725
100,5,3,30,0.1,69,"mixed",3.83264597317168
100,5,3,30,0.1,69,"mixed_population",3.8326431655665
100,5,3,30,0.1,70,"multinomial",4.14979527725091
100,5,3,30,0.1,70,"mixed",4.14514419736596
100,5,3,30,0.1,70,"mixed_population",4.14514597321783
100,5,3,30,0.1,71,"multinomial",3.90367060955335
100,5,3,30,0.1,71,"mixed",3.89720621716276
100,5,3,30,0.1,71,"mixed_population",3.89720215781969
100,5,3,30,0.1,72,"multinomial",3.90638732495192
100,5,3,30,0.1,72,"mixed",3.89747307147866
100,5,3,30,0.1,72,"mixed_population",3.89747419827149
100,5,3,30,0.1,73,"multinomial",3.89329651826199
100,5,3,30,0.1,73,"mixed",3.88998769503044
100,5,3,30,0.1,73,"mixed_population",3.88998198557224
100,5,3,30,0.1,74,"multinomial",3.94837267163248
100,5,3,30,0.1,74,"mixed",3.94365970243951
100,5,3,30,0.1,74,"mixed_population",3.9436578471655
100,5,3,30,0.1,75,"multinomial",4.19324457262862
100,5,3,30,0.1,75,"mixed",4.18188627561049
100,5,3,30,0.1,75,"mixed_population",4.18188866536815
100,5,3,30,0.1,76,"multinomial",4.43039804501327
100,5,3,30,0.1,76,"mixed",4.42929847594623
100,5,3,30,0.1,76,"mixed_population",4.42929870247932
100,5,3,30,0.1,77,"multinomial",3.83448443336531
100,5,3,30,0.1,77,"mixed",3.83199547976241
100,5,3,30,0.1,77,"mixed_population",3.83198895191522
100,5,3,30,0.1,78,"multinomial",4.28839545277422
100,5,3,30,0.1,78,"mixed",4.28235902360295
100,5,3,30,0.1,78,"mixed_population",4.28235751835326
100,5,3,30,0.1,79,"multinomial",4.11392822574425
100,5,3,30,0.1,79,"mixed",4.1013772229454
100,5,3,30,0.1,79,"mixed_population",4.10137909206232
100,5,3,30,0.1,80,"multinomial",4.30315897411501
100,5,3,30,0.1,80,"mixed",4.30004134099301
100,5,3,30,0.1,80,"mixed_population",4.30004518476883
100,5,3,30,0.1,81,"multinomial",3.91824531127497
100,5,3,30,0.1,81,"mixed",3.91450577479955
100,5,3,30,0.1,81,"mixed_population",3.91450910005447
100,5,3,30,0.1,82,"multinomial",4.03765248003235
100,5,3,30,0.1,82,"mixed",4.03848359442177
100,5,3,30,0.1,82,"mixed_population",4.03848802308424
100,5,3,30,0.1,83,"multinomial",4.13890042650145
100,5,3,30,0.1,83,"mixed",4.1335137667809
100,5,3,30,0.1,83,"mixed_population",4.13351282726135
100,5,3,30,0.1,84,"multinomial",3.93080972758307
100,5,3,30,0.1,84,"mixed",3.93211431561739
100,5,3,30,0.1,84,"mixed_population",3.93211368247521
100,5,3,30,0.1,85,"multinomial",3.9037303988778
100,5,3,30,0.1,85,"mixed",3.90528015923149
100,5,3,30,0.1,85,"mixed_population",3.90528485510304
100,5,3,30,0.1,86,"multinomial",4.10629490870665
100,5,3,30,0.1,86,"mixed",4.09805609970769
100,5,3,30,0.1,86,"mixed_population",4.09804517837375
100,5,3,30,0.1,87,"multinomial",3.97228033539428
100,5,3,30,0.1,87,"mixed",3.96940895723255
100,5,3,30,0.1,87,"mixed_population",3.96940369092405
100,5,3,30,0.1,88,"multinomial",4.02607669551925
100,5,3,30,0.1,88,"mixed",4.01800574145374
100,5,3,30,0.1,88,"mixed_population",4.0180034391261
100,5,3,30,0.1,89,"multinomial",4.01938130179188
100,5,3,30,0.1,89,"mixed",4.01357944931845
100,5,3,30,0.1,89,"mixed_population",4.01357750102774
100,5,3,30,0.1,90,"multinomial",3.88046899938329
100,5,3,30,0.1,90,"mixed",3.87566016353536
100,5,3,30,0.1,90,"mixed_population",3.87566059880916
100,5,3,30,0.1,91,"multinomial",4.12107279446066
100,5,3,30,0.1,91,"mixed",4.11838365191425
100,5,3,30,0.1,91,"mixed_population",4.11838373703538
100,5,3,30,0.1,92,"multinomial",4.05600647126282
100,5,3,30,0.1,92,"mixed",4.04950399555533
100,5,3,30,0.1,92,"mixed_population",4.0494979495524
100,5,3,30,0.1,93,"multinomial",4.17979695222187
100,5,3,30,0.1,93,"mixed",4.17042562699414
100,5,3,30,0.1,93,"mixed_population",4.17043040218752
100,5,3,30,0.1,94,"multinomial",4.23717478908515
100,5,3,30,0.1,94,"mixed",4.23537496491813
100,5,3,30,0.1,94,"mixed_population",4.2353734332003
100,5,3,30,0.1,95,"multinomial",4.81201856500011
100,5,3,30,0.1,95,"mixed",4.81039729900714
100,5,3,30,0.1,95,"mixed_population",4.81041314497749
100,5,3,30,0.1,96,"multinomial",4.09679182809865
100,5,3,30,0.1,96,"mixed",4.09557023105135
100,5,3,30,0.1,96,"mixed_population",4.09556622156468
100,5,3,30,0.1,97,"multinomial",4.11545397228795
100,5,3,30,0.1,97,"mixed",4.11240951049453
100,5,3,30,0.1,97,"mixed_population",4.11240900299056
100,5,3,30,0.1,98,"multinomial",4.28214987214346
100,5,3,30,0.1,98,"mixed",4.27249284438173
100,5,3,30,0.1,98,"mixed_population",4.27249424475424
100,5,3,30,0.1,99,"multinomial",4.22488330300664
100,5,3,30,0.1,99,"mixed",4.21960956419298
100,5,3,30,0.1,99,"mixed_population",4.21960920177983
100,5,3,30,0.1,100,"multinomial",3.96943280360956
100,5,3,30,0.1,100,"mixed",3.96655500876744
100,5,3,30,0.1,100,"mixed_population",3.96655217045929
100,5,3,30,1,1,"multinomial",4.38982379961554
100,5,3,30,1,1,"mixed",4.41032141354197
100,5,3,30,1,1,"mixed_population",4.40725972267034
100,5,3,30,1,2,"multinomial",4.80592468662802
100,5,3,30,1,2,"mixed",4.81524307390729
100,5,3,30,1,2,"mixed_population",4.80498491573344
100,5,3,30,1,3,"multinomial",4.68100870895594
100,5,3,30,1,3,"mixed",4.70855422255913
100,5,3,30,1,3,"mixed_population",4.69399041583515
100,5,3,30,1,4,"multinomial",4.62717180099608
100,5,3,30,1,4,"mixed",4.65196559709393
100,5,3,30,1,4,"mixed_population",4.65953403879182
100,5,3,30,1,5,"multinomial",4.5754384727138
100,5,3,30,1,5,"mixed",4.61587993455071
100,5,3,30,1,5,"mixed_population",4.63982759740536
100,5,3,30,1,6,"multinomial",4.34910335900041
100,5,3,30,1,6,"mixed",4.35824114759427
100,5,3,30,1,6,"mixed_population",4.34767030918383
100,5,3,30,1,7,"multinomial",4.43063183405414
100,5,3,30,1,7,"mixed",4.46089714274749
100,5,3,30,1,7,"mixed_population",4.45335177895504
100,5,3,30,1,8,"multinomial",4.42715274599657
100,5,3,30,1,8,"mixed",4.47450072654233
100,5,3,30,1,8,"mixed_population",4.46061565143369
100,5,3,30,1,9,"multinomial",4.46299793616248
100,5,3,30,1,9,"mixed",4.46485748893346
100,5,3,30,1,9,"mixed_population",4.45723259821781
100,5,3,30,1,10,"multinomial",4.64823249647978
100,5,3,30,1,10,"mixed",4.68506545175171
100,5,3,30,1,10,"mixed_population",4.67619287259462
100,5,3,30,1,11,"multinomial",4.57430343439808
100,5,3,30,1,11,"mixed",4.58649025265019
100,5,3,30,1,11,"mixed_population",4.58045095886127
100,5,3,30,1,12,"multinomial",4.02520354809569
100,5,3,30,1,12,"mixed",4.04923455635744
100,5,3,30,1,12,"mixed_population",4.04773722108223
100,5,3,30,1,13,"multinomial",4.37654852005845
100,5,3,30,1,13,"mixed",4.3994154319028
100,5,3,30,1,13,"mixed_population",4.40372281428113
100,5,3,30,1,14,"multinomial",4.49380108405268
100,5,3,30,1,14,"mixed",4.52038741815304
100,5,3,30,1,14,"mixed_population",4.52893715038339
100,5,3,30,1,15,"multinomial",4.71500178578669
100,5,3,30,1,15,"mixed",4.75648710103335
100,5,3,30,1,15,"mixed_population",4.75457950150037
100,5,3,30,1,16,"multinomial",4.8322159540214
100,5,3,30,1,16,"mixed",4.85569830240257
100,5,3,30,1,16,"mixed_population",4.85489967057538
100,5,3,30,1,17,"multinomial",4.4672175481586
100,5,3,30,1,17,"mixed",4.50043507433746
100,5,3,30,1,17,"mixed_population",4.49772007695831
100,5,3,30,1,18,"multinomial",4.91262996889799
100,5,3,30,1,18,"mixed",4.9632823042978
100,5,3,30,1,18,"mixed_population",4.97109575593017
100,5,3,30,1,19,"multinomial",4.71758919077229
100,5,3,30,1,19,"mixed",4.73393390239758
100,5,3,30,1,19,"mixed_population",4.72592863580275
100,5,3,30,1,20,"multinomial",4.24793139107907
100,5,3,30,1,20,"mixed",4.25502379889541
100,5,3,30,1,20,"mixed_population",4.25190777422375
100,5,3,30,1,21,"multinomial",4.99851683854144
100,5,3,30,1,21,"mixed",5.0423923798097
100,5,3,30,1,21,"mixed_population",5.05409229059548
100,5,3,30,1,22,"multinomial",4.55033826859554
100,5,3,30,1,22,"mixed",4.57585043413076
100,5,3,30,1,22,"mixed_population",4.5718775991904
100,5,3,30,1,23,"multinomial",4.53806742777444
100,5,3,30,1,23,"mixed",4.57438256921583
100,5,3,30,1,23,"mixed_population",4.57827771117271
100,5,3,30,1,24,"multinomial",4.91491361592102
100,5,3,30,1,24,"mixed",4.9300900812742
100,5,3,30,1,24,"mixed_population",4.92379265419658
100,5,3,30,1,25,"multinomial",4.36335186269709
100,5,3,30,1,25,"mixed",4.39296411691725
100,5,3,30,1,25,"mixed_population",4.38241793453425
100,5,3,30,1,26,"multinomial",4.65221974688751
100,5,3,30,1,26,"mixed",4.6885897388917
100,5,3,30,1,26,"mixed_population",4.67937152610988
100,5,3,30,1,27,"multinomial",4.72087153544967
100,5,3,30,1,27,"mixed",4.75028340197063
100,5,3,30,1,27,"mixed_population",4.74460872335592
100,5,3,30,1,28,"multinomial",4.64260316018035
100,5,3,30,1,28,"mixed",4.68287701645522
100,5,3,30,1,28,"mixed_population",4.69110610816754
100,5,3,30,1,29,"multinomial",4.69715090605523
100,5,3,30,1,29,"mixed",4.74968177734405
100,5,3,30,1,29,"mixed_population",4.75032703524554
100,5,3,30,1,30,"multinomial",4.84864178782799
100,5,3,30,1,30,"mixed",4.89187416582331
100,5,3,30,1,30,"mixed_population",4.89501567171626
100,5,3,30,1,31,"multinomial",4.85678230857466
100,5,3,30,1,31,"mixed",4.900964364497
100,5,3,30,1,31,"mixed_population",4.90424757065681
100,5,3,30,1,32,"multinomial",4.44374500378428
100,5,3,30,1,32,"mixed",4.502726517306
100,5,3,30,1,32,"mixed_population",4.52145936206731
100,5,3,30,1,33,"multinomial",4.68299046458116
100,5,3,30,1,33,"mixed",4.72369172284749
100,5,3,30,1,33,"mixed_population",4.72466108015757
100,5,3,30,1,34,"multinomial",4.24521114305233
100,5,3,30,1,34,"mixed",4.27097436089713
100,5,3,30,1,34,"mixed_population",4.27329034392083
100,5,3,30,1,35,"multinomial",5.11086634177774
100,5,3,30,1,35,"mixed",5.17374684639931
100,5,3,30,1,35,"mixed_population",5.16832615279966
100,5,3,30,1,36,"multinomial",4.6015779107747
100,5,3,30,1,36,"mixed",4.65578890854965
100,5,3,30,1,36,"mixed_population",4.68514598306457
100,5,3,30,1,37,"multinomial",5.14232316268272
100,5,3,30,1,37,"mixed",5.19916155026101
100,5,3,30,1,37,"mixed_population",5.2051492739256
100,5,3,30,1,38,"multinomial",5.04175499432855
100,5,3,30,1,38,"mixed",5.07184893637794
100,5,3,30,1,38,"mixed_population",5.05794375860725
100,5,3,30,1,39,"multinomial",4.73048734017932
100,5,3,30,1,39,"mixed",4.77576223312809
100,5,3,30,1,39,"mixed_population",4.79605131423672
100,5,3,30,1,40,"multinomial",4.55038493446034
100,5,3,30,1,40,"mixed",4.58080778874309
100,5,3,30,1,40,"mixed_population",4.5913942487979
100,5,3,30,1,41,"multinomial",4.33875129951186
100,5,3,30,1,41,"mixed",4.36401759966221
100,5,3,30,1,41,"mixed_population",4.36186911044663
100,5,3,30,1,42,"multinomial",4.22908784052885
100,5,3,30,1,42,"mixed",4.23115307873598
100,5,3,30,1,42,"mixed_population",4.22937894389476
100,5,3,30,1,43,"multinomial",5.11427991569926
100,5,3,30,1,43,"mixed",5.15060403652501
100,5,3,30,1,43,"mixed_population",5.14843050426836
100,5,3,30,1,44,"multinomial",4.62155821324742
100,5,3,30,1,44,"mixed",4.6455009104428
100,5,3,30,1,44,"mixed_population",4.64329246849165
100,5,3,30,1,45,"multinomial",4.6863567610179
100,5,3,30,1,45,"mixed",4.72574135769922
100,5,3,30,1,45,"mixed_population",4.72488069252628
100,5,3,30,1,46,"multinomial",4.76033045460864
100,5,3,30,1,46,"mixed",4.80320634406752
100,5,3,30,1,46,"mixed_population",4.7940509176068
100,5,3,30,1,47,"multinomial",4.44879329232809
100,5,3,30,1,47,"mixed",4.47238464486037
100,5,3,30,1,47,"mixed_population",4.46291548012923
100,5,3,30,1,48,"multinomial",4.2275744917501
100,5,3,30,1,48,"mixed",4.27630231674421
100,5,3,30,1,48,"mixed_population",4.29132494130181
100,5,3,30,1,49,"multinomial",5.03116355716947
100,5,3,30,1,49,"mixed",5.09688064327402
100,5,3,30,1,49,"mixed_population",5.10276380795808
100,5,3,30,1,50,"multinomial",4.51107041148823
100,5,3,30,1,50,"mixed",4.54496101056888
100,5,3,30,1,50,"mixed_population",4.54953777966446
100,5,3,30,1,51,"multinomial",4.65927284134953
100,5,3,30,1,51,"mixed",4.68175951902587
100,5,3,30,1,51,"mixed_population",4.67348843953526
100,5,3,30,1,52,"multinomial",4.92215039079459
100,5,3,30,1,52,"mixed",4.98509694717423
100,5,3,30,1,52,"mixed_population",5.03620514721428
100,5,3,30,1,53,"multinomial",4.36185579534782
100,5,3,30,1,53,"mixed",4.39979244097289
100,5,3,30,1,53,"mixed_population",4.41019415414357
100,5,3,30,1,54,"multinomial",4.7636652077263
100,5,3,30,1,54,"mixed",4.80710010989873
100,5,3,30,1,54,"mixed_population",4.82689405467162
100,5,3,30,1,55,"multinomial",4.74805923080882
100,5,3,30,1,55,"mixed",4.77962523491788
100,5,3,30,1,55,"mixed_population",4.76163766958974
100,5,3,30,1,56,"multinomial",4.99977732839732
100,5,3,30,1,56,"mixed",5.03817061366076
100,5,3,30,1,56,"mixed_population",5.04352252949579
100,5,3,30,1,57,"multinomial",4.77745462169343
100,5,3,30,1,57,"mixed",4.82924378996715
100,5,3,30,1,57,"mixed_population",4.8421826037919
100,5,3,30,1,58,"multinomial",4.6290740990844
100,5,3,30,1,58,"mixed",4.68589282505131
100,5,3,30,1,58,"mixed_population",4.7042681097148
100,5,3,30,1,59,"multinomial",4.41573923189429
100,5,3,30,1,59,"mixed",4.45338623502055
100,5,3,30,1,59,"mixed_population",4.45267105078007
100,5,3,30,1,60,"multinomial",4.12582695588313
100,5,3,30,1,60,"mixed",4.15723157721655
100,5,3,30,1,60,"mixed_population",4.15207798073665
100,5,3,30,1,61,"multinomial",4.61345038783134
100,5,3,30,1,61,"mixed",4.63631800716056
100,5,3,30,1,61,"mixed_population",4.64489982695015
100,5,3,30,1,62,"multinomial",5.08264581102252
100,5,3,30,1,62,"mixed",5.12692299958599
100,5,3,30,1,62,"mixed_population",5.13760097184428
100,5,3,30,1,63,"multinomial",4.67778862689567
100,5,3,30,1,63,"mixed",4.71646677674334
100,5,3,30,1,63,"mixed_population",4.70868848989439
100,5,3,30,1,64,"multinomial",4.6294022793791
100,5,3,30,1,64,"mixed",4.64633162753586
100,5,3,30,1,64,"mixed_population",4.64780264646831
100,5,3,30,1,65,"multinomial",4.16880631235975
100,5,3,30,1,65,"mixed",4.19084801386499
100,5,3,30,1,65,"mixed_population",4.17827727440697
100,5,3,30,1,66,"multinomial",4.29340970594153
100,5,3,30,1,66,"mixed",4.3400281931801
100,5,3,30,1,66,"mixed_population",4.34036034317803
100,5,3,30,1,67,"multinomial",4.43577000408001
100,5,3,30,1,67,"mixed",4.44886739539506
100,5,3,30,1,67,"mixed_population",4.44939651219962
100,5,3,30,1,68,"multinomial",4.59744389604618
100,5,3,30,1,68,"mixed",4.61801725117519
100,5,3,30,1,68,"mixed_population",4.61125900913758
100,5,3,30,1,69,"multinomial",4.61805988770615
100,5,3,30,1,69,"mixed",4.65140432375057
100,5,3,30,1,69,"mixed_population",4.64129608202632
100,5,3,30,1,70,"multinomial",4.53205831436026
100,5,3,30,1,70,"mixed",4.59255116502708
100,5,3,30,1,70,"mixed_population",4.61118821036721
100,5,3,30,1,71,"multinomial",4.95493798932305
100,5,3,30,1,71,"mixed",4.98498249636631
100,5,3,30,1,71,"mixed_population",4.97076333998064
100,5,3,30,1,72,"multinomial",4.5222488515073
100,5,3,30,1,72,"mixed",4.53926181904531
100,5,3,30,1,72,"mixed_population",4.54091580430962
100,5,3,30,1,73,"multinomial",4.2869094492663
100,5,3,30,1,73,"mixed",4.32915013203699
100,5,3,30,1,73,"mixed_population",4.34711467223153
100,5,3,30,1,74,"multinomial",4.89032648322717
100,5,3,30,1,74,"mixed",4.94075571050581
100,5,3,30,1,74,"mixed_population",4.92940543216088
100,5,3,30,1,75,"multinomial",4.52510352747232
100,5,3,30,1,75,"mixed",4.53955069077915
100,5,3,30,1,75,"mixed_population",4.52873967572445
100,5,3,30,1,76,"multinomial",3.79221897586117
100,5,3,30,1,76,"mixed",3.8187466854084
100,5,3,30,1,76,"mixed_population",3.81841025501553
100,5,3,30,1,77,"multinomial",4.55808436485006
100,5,3,30,1,77,"mixed",4.5857223027848
100,5,3,30,1,77,"mixed_population",4.58508157643319
100,5,3,30,1,78,"multinomial",4.6179406976899
100,5,3,30,1,78,"mixed",4.64103213946425
100,5,3,30,1,78,"mixed_population",4.64375402708199
100,5,3,30,1,79,"multinomial",4.54737424574054
100,5,3,30,1,79,"mixed",4.56892497557423
100,5,3,30,1,79,"mixed_population",4.56659120732299
100,5,3,30,1,80,"multinomial",4.47988780878021
100,5,3,30,1,80,"mixed",4.50226429568201
100,5,3,30,1,80,"mixed_population",4.51282256255867
100,5,3,30,1,81,"multinomial",5.06544763040954
100,5,3,30,1,81,"mixed",5.11247524893067
100,5,3,30,1,81,"mixed_population",5.11096879421295
100,5,3,30,1,82,"multinomial",4.68989636205079
100,5,3,30,1,82,"mixed",4.71231806345999
100,5,3,30,1,82,"mixed_population",4.7084126077426
100,5,3,30,1,83,"multinomial",4.95311967063631
100,5,3,30,1,83,"mixed",4.99730666948508
100,5,3,30,1,83,"mixed_population",4.99876068072403
100,5,3,30,1,84,"multinomial",4.81930821170821
100,5,3,30,1,84,"mixed",4.84345214642323
100,5,3,30,1,84,"mixed_population",4.85483718497943
100,5,3,30,1,85,"multinomial",4.79713858129183
100,5,3,30,1,85,"mixed",4.82680500404824
100,5,3,30,1,85,"mixed_population",4.83291922995374
100,5,3,30,1,86,"multinomial",4.69630058803519
100,5,3,30,1,86,"mixed",4.74253009478465
100,5,3,30,1,86,"mixed_population",4.74403029873074
100,5,3,30,1,87,"multinomial",4.3741852459892
100,5,3,30,1,87,"mixed",4.40673714766358
100,5,3,30,1,87,"mixed_population",4.41417105628233
100,5,3,30,1,88,"multinomial",4.5690284475137
100,5,3,30,1,88,"mixed",4.60546253841863
100,5,3,30,1,88,"mixed_population",4.59832440228543
100,5,3,30,1,89,"multinomial",4.92728110858726
100,5,3,30,1,89,"mixed",4.98296306628183
100,5,3,30,1,89,"mixed_population",5.00248404570018
100,5,3,30,1,90,"multinomial",4.75007951829231
100,5,3,30,1,90,"mixed",4.77957183664742
100,5,3,30,1,90,"mixed_population",4.7697299825178
100,5,3,30,1,91,"multinomial",4.599919124813
100,5,3,30,1,91,"mixed",4.63448295174374
100,5,3,30,1,91,"mixed_population",4.63369268158372
100,5,3,30,1,92,"multinomial",4.2474886794301
100,5,3,30,1,92,"mixed",4.26183535972243
100,5,3,30,1,92,"mixed_population",4.25890074722839
100,5,3,30,1,93,"multinomial",4.97182088365062
100,5,3,30,1,93,"mixed",5.04821601171926
100,5,3,30,1,93,"mixed_population",5.05031676810207
100,5,3,30,1,94,"multinomial",4.74606171906391
100,5,3,30,1,94,"mixed",4.78668819394534
100,5,3,30,1,94,"mixed_population",4.78319350162021
100,5,3,30,1,95,"multinomial",4.50923157477585
100,5,3,30,1,95,"mixed",4.54231001093993
100,5,3,30,1,95,"mixed_population",4.54051524906747
100,5,3,30,1,96,"multinomial",4.56094535116835
100,5,3,30,1,96,"mixed",4.58798864991431
100,5,3,30,1,96,"mixed_population",4.58653138027234
100,5,3,30,1,97,"multinomial",4.32686002568887
100,5,3,30,1,97,"mixed",4.34580238435972
100,5,3,30,1,97,"mixed_population",4.34971487686961
100,5,3,30,1,98,"multinomial",4.5321399716148
100,5,3,30,1,98,"mixed",4.59006213994828
100,5,3,30,1,98,"mixed_population",4.59326996338442
100,5,3,30,1,99,"multinomial",4.12592373205758
100,5,3,30,1,99,"mixed",4.16108375798353
100,5,3,30,1,99,"mixed_population",4.15937971262264
100,5,3,30,1,100,"multinomial",4.59415102352719
100,5,3,30,1,100,"mixed",4.62384851937379
100,5,3,30,1,100,"mixed_population",4.60982099427079
100,5,3,30,10,1,"multinomial",11.8454043068251
100,5,3,30,10,1,"mixed",13.8023523935274
100,5,3,30,10,1,"mixed_population",11.6175828665134
100,5,3,30,10,2,"multinomial",11.5787927350883
100,5,3,30,10,2,"mixed",14.296603024801
100,5,3,30,10,2,"mixed_population",13.6666674869713
100,5,3,30,10,3,"multinomial",10.9981445597822
100,5,3,30,10,3,"mixed",13.7245976475347
100,5,3,30,10,3,"mixed_population",11.6008235048327
100,5,3,30,10,4,"multinomial",11.2254428288476
100,5,3,30,10,4,"mixed",13.4768359068029
100,5,3,30,10,4,"mixed_population",11.1851527423232
100,5,3,30,10,5,"multinomial",10.7184835940852
100,5,3,30,10,5,"mixed",12.9098643175973
100,5,3,30,10,5,"mixed_population",10.7161231477944
100,5,3,30,10,6,"multinomial",11.2471981664147
100,5,3,30,10,6,"mixed",13.3155533328573
100,5,3,30,10,6,"mixed_population",11.2861639683847
100,5,3,30,10,7,"multinomial",11.4114295072039
100,5,3,30,10,7,"mixed",13.7373849170763
100,5,3,30,10,7,"mixed_population",22.2977002032383
100,5,3,30,10,8,"multinomial",11.2111611508394
100,5,3,30,10,8,"mixed",13.22398752862
100,5,3,30,10,8,"mixed_population",11.3052752562751
100,5,3,30,10,9,"multinomial",10.784307251629
100,5,3,30,10,9,"mixed",13.7553139769308
100,5,3,30,10,9,"mixed_population",11.7603775625782
100,5,3,30,10,10,"multinomial",10.9196179363895
100,5,3,30,10,10,"mixed",13.9581343790379
100,5,3,30,10,10,"mixed_population",352.65907588889
100,5,3,30,10,11,"multinomial",10.6823979276995
100,5,3,30,10,11,"mixed",13.1582466014872
100,5,3,30,10,11,"mixed_population",10.6550893263359
100,5,3,30,10,12,"multinomial",10.3920984169015
100,5,3,30,10,12,"mixed",13.9696364159235
100,5,3,30,10,12,"mixed_population",15.9957422810302
100,5,3,30,10,13,"multinomial",10.437080910946
100,5,3,30,10,13,"mixed",12.9666740804228
100,5,3,30,10,13,"mixed_population",10.5216336951261
100,5,3,30,10,14,"multinomial",10.7143104232454
100,5,3,30,10,14,"mixed",12.906114415811
100,5,3,30,10,14,"mixed_population",10.7566184509344
100,5,3,30,10,15,"multinomial",11.0359673270936
100,5,3,30,10,15,"mixed",13.2088974204011
100,5,3,30,10,15,"mixed_population",11.1780627751589
100,5,3,30,10,16,"multinomial",10.7207257786152
100,5,3,30,10,16,"mixed",13.6527188761646
100,5,3,30,10,16,"mixed_population",10.8488861752052
100,5,3,30,10,17,"multinomial",10.3692049175037
100,5,3,30,10,17,"mixed",12.3131470994474
100,5,3,30,10,17,"mixed_population",10.8441195925479
100,5,3,30,10,18,"multinomial",10.768540772253
100,5,3,30,10,18,"mixed",12.7482776242469
100,5,3,30,10,18,"mixed_population",10.7956435978719
100,5,3,30,10,19,"multinomial",11.5676598047146
100,5,3,30,10,19,"mixed",13.6582131728487
100,5,3,30,10,19,"mixed_population",59.0446558674254
100,5,3,30,10,20,"multinomial",11.0836627406036
100,5,3,30,10,20,"mixed",12.9857281658804
100,5,3,30,10,20,"mixed_population",11.0350315994832
100,5,3,30,10,21,"multinomial",10.67101772029
100,5,3,30,10,21,"mixed",13.1516534270711
100,5,3,30,10,21,"mixed_population",10.5655398193087
100,5,3,30,10,22,"multinomial",10.6995780796584
100,5,3,30,10,22,"mixed",12.5210343058434
100,5,3,30,10,22,"mixed_population",10.7735794152541
100,5,3,30,10,23,"multinomial",11.1500379623685
100,5,3,30,10,23,"mixed",13.8358209622631
100,5,3,30,10,23,"mixed_population",13.1916065742583
100,5,3,30,10,24,"multinomial",10.8676042337393
100,5,3,30,10,24,"mixed",13.2038698740171
100,5,3,30,10,24,"mixed_population",10.8357638091677
100,5,3,30,10,25,"multinomial",10.9615910386603
100,5,3,30,10,25,"mixed",12.8515716065343
100,5,3,30,10,25,"mixed_population",14.2694792599441
100,5,3,30,10,26,"multinomial",10.7924457535055
100,5,3,30,10,26,"mixed",12.7113287338867
100,5,3,30,10,26,"mixed_population",11.1282789287616
100,5,3,30,10,27,"multinomial",10.9473826019954
100,5,3,30,10,27,"mixed",12.7623526797268
100,5,3,30,10,27,"mixed_population",10.9234974174621
100,5,3,30,10,28,"multinomial",11.0189867179989
100,5,3,30,10,28,"mixed",13.0342949804558
100,5,3,30,10,28,"mixed_population",10.9862281817898
100,5,3,30,10,29,"multinomial",11.1145286148491
100,5,3,30,10,29,"mixed",13.7028667066792
100,5,3,30,10,29,"mixed_population",10.9267006938329
100,5,3,30,10,30,"multinomial",10.7339228019593
100,5,3,30,10,30,"mixed",12.4156370294384
100,5,3,30,10,30,"mixed_population",10.5851450224508
100,5,3,30,10,31,"multinomial",10.7786826696081
100,5,3,30,10,31,"mixed",13.3181056464584
100,5,3,30,10,31,"mixed_population",10.749790481667
100,5,3,30,10,32,"multinomial",10.6471302641984
100,5,3,30,10,32,"mixed",13.1612461687664
100,5,3,30,10,32,"mixed_population",11.4061994553298
100,5,3,30,10,33,"multinomial",11.0114183369509
100,5,3,30,10,33,"mixed",13.4120360568103
100,5,3,30,10,33,"mixed_population",11.3779297172486
100,5,3,30,10,34,"multinomial",11.6654348044194
100,5,3,30,10,34,"mixed",14.3683233433073
100,5,3,30,10,34,"mixed_population",11.5239629114992
100,5,3,30,10,35,"multinomial",11.2591821982734
100,5,3,30,10,35,"mixed",13.4863489608476
100,5,3,30,10,35,"mixed_population",11.379368357541
100,5,3,30,10,36,"multinomial",10.9772838706235
100,5,3,30,10,36,"mixed",13.3952989525644
100,5,3,30,10,36,"mixed_population",11.0949650750571
100,5,3,30,10,37,"multinomial",10.6261619647404
100,5,3,30,10,37,"mixed",13.1261191358385
100,5,3,30,10,37,"mixed_population",13.278847279037
100,5,3,30,10,38,"multinomial",11.2008957743614
100,5,3,30,10,38,"mixed",14.2054951148272
100,5,3,30,10,38,"mixed_population",11.7424191540256
100,5,3,30,10,39,"multinomial",10.5024937163227
100,5,3,30,10,39,"mixed",12.4296457175035
100,5,3,30,10,39,"mixed_population",10.4647637929805
100,5,3,30,10,40,"multinomial",11.2489643376825
100,5,3,30,10,40,"mixed",NA
100,5,3,30,10,40,"mixed_population",NA
100,5,3,30,10,41,"multinomial",10.6263162679344
100,5,3,30,10,41,"mixed",12.7555492542864
100,5,3,30,10,41,"mixed_population",448.765097083617
100,5,3,30,10,42,"multinomial",10.5074241014067
100,5,3,30,10,42,"mixed",12.7056246747652
100,5,3,30,10,42,"mixed_population",11.4653764683402
100,5,3,30,10,43,"multinomial",10.7893278614438
100,5,3,30,10,43,"mixed",13.0373934039361
100,5,3,30,10,43,"mixed_population",10.7997562221362
100,5,3,30,10,44,"multinomial",10.9967456125635
100,5,3,30,10,44,"mixed",12.919970098549
100,5,3,30,10,44,"mixed_population",10.894569509729
100,5,3,30,10,45,"multinomial",11.36972957207
100,5,3,30,10,45,"mixed",13.9980260335621
100,5,3,30,10,45,"mixed_population",11.6623331182211
100,5,3,30,10,46,"multinomial",11.5488162264375
100,5,3,30,10,46,"mixed",NA
100,5,3,30,10,46,"mixed_population",NA
100,5,3,30,10,47,"multinomial",11.2365708182485
100,5,3,30,10,47,"mixed",13.9474331013018
100,5,3,30,10,47,"mixed_population",11.1819825678698
100,5,3,30,10,48,"multinomial",10.469664637965
100,5,3,30,10,48,"mixed",12.5254416165272
100,5,3,30,10,48,"mixed_population",10.8596392024834
100,5,3,30,10,49,"multinomial",10.8861174446431
100,5,3,30,10,49,"mixed",13.5743107337625
100,5,3,30,10,49,"mixed_population",10.7203103060933
100,5,3,30,10,50,"multinomial",11.3588010317889
100,5,3,30,10,50,"mixed",13.0031387353922
100,5,3,30,10,50,"mixed_population",11.4092217938087
100,5,3,30,10,51,"multinomial",10.8074850343491
100,5,3,30,10,51,"mixed",13.5543984422719
100,5,3,30,10,51,"mixed_population",18.5864678368993
100,5,3,30,10,52,"multinomial",10.8090681254564
100,5,3,30,10,52,"mixed",NA
100,5,3,30,10,52,"mixed_population",NA
100,5,3,30,10,53,"multinomial",10.6565008221057
100,5,3,30,10,53,"mixed",13.3015831404263
100,5,3,30,10,53,"mixed_population",882.041775553262
100,5,3,30,10,54,"multinomial",11.603833772126
100,5,3,30,10,54,"mixed",13.9820242787346
100,5,3,30,10,54,"mixed_population",51.6815337121114
100,5,3,30,10,55,"multinomial",10.6153613415351
100,5,3,30,10,55,"mixed",12.7209900357555
100,5,3,30,10,55,"mixed_population",10.6113313662987
100,5,3,30,10,56,"multinomial",11.0303995591911
100,5,3,30,10,56,"mixed",13.8289322145192
100,5,3,30,10,56,"mixed_population",11.1787609336167
100,5,3,30,10,57,"multinomial",11.6924483003178
100,5,3,30,10,57,"mixed",13.9265237953179
100,5,3,30,10,57,"mixed_population",805.150444627852
100,5,3,30,10,58,"multinomial",11.0530119070172
100,5,3,30,10,58,"mixed",14.8562251312118
100,5,3,30,10,58,"mixed_population",10.866126044471
100,5,3,30,10,59,"multinomial",11.9246308914614
100,5,3,30,10,59,"mixed",14.6481759520494
100,5,3,30,10,59,"mixed_population",11.7852800109657
100,5,3,30,10,60,"multinomial",11.4769853649767
100,5,3,30,10,60,"mixed",13.776390505684
100,5,3,30,10,60,"mixed_population",11.2973875668491
100,5,3,30,10,61,"multinomial",11.1367466615382
100,5,3,30,10,61,"mixed",13.3693419204512
100,5,3,30,10,61,"mixed_population",11.2813522972356
100,5,3,30,10,62,"multinomial",11.496535308549
100,5,3,30,10,62,"mixed",13.515919216169
100,5,3,30,10,62,"mixed_population",11.4214696880486
100,5,3,30,10,63,"multinomial",10.5203643252787
100,5,3,30,10,63,"mixed",12.7421196925505
100,5,3,30,10,63,"mixed_population",10.7805235767565
100,5,3,30,10,64,"multinomial",11.2758336451773
100,5,3,30,10,64,"mixed",14.1114662639753
100,5,3,30,10,64,"mixed_population",11.5019529864331
100,5,3,30,10,65,"multinomial",10.7103278409524
100,5,3,30,10,65,"mixed",13.0367409560307
100,5,3,30,10,65,"mixed_population",840.511086532024
100,5,3,30,10,66,"multinomial",10.8707460710094
100,5,3,30,10,66,"mixed",13.1849848671049
100,5,3,30,10,66,"mixed_population",13.1535975340203
100,5,3,30,10,67,"multinomial",11.4895959008992
100,5,3,30,10,67,"mixed",14.3893496792668
100,5,3,30,10,67,"mixed_population",11.4403784618445
100,5,3,30,10,68,"multinomial",11.1634967070533
100,5,3,30,10,68,"mixed",12.6822183186496
100,5,3,30,10,68,"mixed_population",11.2616650799766
100,5,3,30,10,69,"multinomial",11.769072070047
100,5,3,30,10,69,"mixed",13.7141959401466
100,5,3,30,10,69,"mixed_population",11.6675677837947
100,5,3,30,10,70,"multinomial",11.3495808013166
100,5,3,30,10,70,"mixed",13.6728634128885
100,5,3,30,10,70,"mixed_population",14.0272194176035
100,5,3,30,10,71,"multinomial",11.2220525524306
100,5,3,30,10,71,"mixed",13.999074169137
100,5,3,30,10,71,"mixed_population",11.2904676688858
100,5,3,30,10,72,"multinomial",11.032781717651
100,5,3,30,10,72,"mixed",13.5406575160335
100,5,3,30,10,72,"mixed_population",11.2267516885862
100,5,3,30,10,73,"multinomial",11.0493077252143
100,5,3,30,10,73,"mixed",13.3981938864941
100,5,3,30,10,73,"mixed_population",11.1423611909177
100,5,3,30,10,74,"multinomial",11.3440258172085
100,5,3,30,10,74,"mixed",13.3899980296775
100,5,3,30,10,74,"mixed_population",15.9557802321234
100,5,3,30,10,75,"multinomial",11.0573155478804
100,5,3,30,10,75,"mixed",NA
100,5,3,30,10,75,"mixed_population",NA
100,5,3,30,10,76,"multinomial",10.4819929612913
100,5,3,30,10,76,"mixed",12.4081777905127
100,5,3,30,10,76,"mixed_population",10.9175897352458
100,5,3,30,10,77,"multinomial",11.5393981619081
100,5,3,30,10,77,"mixed",14.6003814463381
100,5,3,30,10,77,"mixed_population",11.7429963528908
100,5,3,30,10,78,"multinomial",10.5612476532317
100,5,3,30,10,78,"mixed",12.6175181018084
100,5,3,30,10,78,"mixed_population",10.7618377929987
100,5,3,30,10,79,"multinomial",11.4900179333201
100,5,3,30,10,79,"mixed",13.5390134842374
100,5,3,30,10,79,"mixed_population",18.6328342426867
100,5,3,30,10,80,"multinomial",10.909583198746
100,5,3,30,10,80,"mixed",NA
100,5,3,30,10,80,"mixed_population",NA
100,5,3,30,10,81,"multinomial",10.8389694856661
100,5,3,30,10,81,"mixed",13.1475164991805
100,5,3,30,10,81,"mixed_population",10.9412578380696
100,5,3,30,10,82,"multinomial",11.8086365309197
100,5,3,30,10,82,"mixed",14.4580113756901
100,5,3,30,10,82,"mixed_population",11.9584546156272
100,5,3,30,10,83,"multinomial",11.0932086551103
100,5,3,30,10,83,"mixed",13.923197505565
100,5,3,30,10,83,"mixed_population",11.3233379213067
100,5,3,30,10,84,"multinomial",10.9519356600899
100,5,3,30,10,84,"mixed",13.4199289607194
100,5,3,30,10,84,"mixed_population",11.154862219325
100,5,3,30,10,85,"multinomial",11.158457083662
100,5,3,30,10,85,"mixed",13.7648616385598
100,5,3,30,10,85,"mixed_population",11.0563590884674
100,5,3,30,10,86,"multinomial",10.7290048867918
100,5,3,30,10,86,"mixed",12.9502460851945
100,5,3,30,10,86,"mixed_population",11.1834803386518
100,5,3,30,10,87,"multinomial",11.6065342960829
100,5,3,30,10,87,"mixed",14.3400347029348
100,5,3,30,10,87,"mixed_population",11.8681998371935
100,5,3,30,10,88,"multinomial",10.9210874996102
100,5,3,30,10,88,"mixed",13.1676717976483
100,5,3,30,10,88,"mixed_population",10.9613890435115
100,5,3,30,10,89,"multinomial",10.9393375668451
100,5,3,30,10,89,"mixed",13.0596459880184
100,5,3,30,10,89,"mixed_population",10.8478247672911
100,5,3,30,10,90,"multinomial",10.8337248579944
100,5,3,30,10,90,"mixed",12.7254524216306
100,5,3,30,10,90,"mixed_population",31.5207023729758
100,5,3,30,10,91,"multinomial",11.3949349445755
100,5,3,30,10,91,"mixed",14.2756126179034
100,5,3,30,10,91,"mixed_population",11.4972950320361
100,5,3,30,10,92,"multinomial",11.1480721560658
100,5,3,30,10,92,"mixed",12.5656000650749
100,5,3,30,10,92,"mixed_population",11.1205016823492
100,5,3,30,10,93,"multinomial",10.3172710724914
100,5,3,30,10,93,"mixed",12.2647500472321
100,5,3,30,10,93,"mixed_population",10.5898998971475
100,5,3,30,10,94,"multinomial",11.2413244698314
100,5,3,30,10,94,"mixed",13.5165798602974
100,5,3,30,10,94,"mixed_population",13.7986823301009
100,5,3,30,10,95,"multinomial",11.0585867365749
100,5,3,30,10,95,"mixed",13.089155472276
100,5,3,30,10,95,"mixed_population",11.0008827996917
100,5,3,30,10,96,"multinomial",11.1571682284396
100,5,3,30,10,96,"mixed",13.8909762297982
100,5,3,30,10,96,"mixed_population",11.467282321003
100,5,3,30,10,97,"multinomial",11.1557236060128
100,5,3,30,10,97,"mixed",13.9996684548146
100,5,3,30,10,97,"mixed_population",11.0901733240287
100,5,3,30,10,98,"multinomial",11.2937210426718
100,5,3,30,10,98,"mixed",13.1183526134827
100,5,3,30,10,98,"mixed_population",11.2819674892998
100,5,3,30,10,99,"multinomial",10.4055100501642
100,5,3,30,10,99,"mixed",12.6128481073211
100,5,3,30,10,99,"mixed_population",10.4586216952
100,5,3,30,10,100,"multinomial",10.9402301620546
100,5,3,30,10,100,"mixed",13.0432300030051
100,5,3,30,10,100,"mixed_population",10.907362150511
100,3,6,5,0.01,1,"multinomial",1.29285523185407
100,3,6,5,0.01,1,"mixed",1.28352977503371
100,3,6,5,0.01,1,"mixed_population",1.28352958420201
100,3,6,5,0.01,2,"multinomial",1.30940236866298
100,3,6,5,0.01,2,"mixed",1.30873409444408
100,3,6,5,0.01,2,"mixed_population",1.30703705937359
100,3,6,5,0.01,3,"multinomial",1.27326479761193
100,3,6,5,0.01,3,"mixed",1.26942017604443
100,3,6,5,0.01,3,"mixed_population",1.26942018878101
100,3,6,5,0.01,4,"multinomial",1.27690076820046
100,3,6,5,0.01,4,"mixed",1.27442834055245
100,3,6,5,0.01,4,"mixed_population",1.27442836352261
100,3,6,5,0.01,5,"multinomial",1.32320099517965
100,3,6,5,0.01,5,"mixed",1.31983386958336
100,3,6,5,0.01,5,"mixed_population",1.31467237848948
100,3,6,5,0.01,6,"multinomial",1.31924119131935
100,3,6,5,0.01,6,"mixed",1.31331817696099
100,3,6,5,0.01,6,"mixed_population",1.31331809157342
100,3,6,5,0.01,7,"multinomial",1.20337477009171
100,3,6,5,0.01,7,"mixed",1.19927235854692
100,3,6,5,0.01,7,"mixed_population",1.19927229063422
100,3,6,5,0.01,8,"multinomial",1.21807440412877
100,3,6,5,0.01,8,"mixed",1.21319927009915
100,3,6,5,0.01,8,"mixed_population",1.21319923324325
100,3,6,5,0.01,9,"multinomial",1.25998788849601
100,3,6,5,0.01,9,"mixed",1.24916973461187
100,3,6,5,0.01,9,"mixed_population",1.24916969817023
100,3,6,5,0.01,10,"multinomial",1.30987257869132
100,3,6,5,0.01,10,"mixed",1.30473711893387
100,3,6,5,0.01,10,"mixed_population",1.30473710686836
100,3,6,5,0.01,11,"multinomial",1.37475263782746
100,3,6,5,0.01,11,"mixed",1.36719764260326
100,3,6,5,0.01,11,"mixed_population",1.36719770410928
100,3,6,5,0.01,12,"multinomial",1.29663091498822
100,3,6,5,0.01,12,"mixed",1.29257162483174
100,3,6,5,0.01,12,"mixed_population",1.29257139924557
100,3,6,5,0.01,13,"multinomial",1.20786094016026
100,3,6,5,0.01,13,"mixed",1.20310890565083
100,3,6,5,0.01,13,"mixed_population",1.20310890623575
100,3,6,5,0.01,14,"multinomial",1.20514923557364
100,3,6,5,0.01,14,"mixed",1.20001682298895
100,3,6,5,0.01,14,"mixed_population",1.19921163538355
100,3,6,5,0.01,15,"multinomial",1.24583690307083
100,3,6,5,0.01,15,"mixed",1.24261109683155
100,3,6,5,0.01,15,"mixed_population",1.24261109498523
100,3,6,5,0.01,16,"multinomial",1.25887775987648
100,3,6,5,0.01,16,"mixed",1.25332305396009
100,3,6,5,0.01,16,"mixed_population",1.25175913881293
100,3,6,5,0.01,17,"multinomial",1.22932259226532
100,3,6,5,0.01,17,"mixed",1.22008517623741
100,3,6,5,0.01,17,"mixed_population",1.22008511120117
100,3,6,5,0.01,18,"multinomial",1.33122389164309
100,3,6,5,0.01,18,"mixed",1.32248848445887
100,3,6,5,0.01,18,"mixed_population",1.3224884718056
100,3,6,5,0.01,19,"multinomial",1.28115815056841
100,3,6,5,0.01,19,"mixed",1.27553197559138
100,3,6,5,0.01,19,"mixed_population",1.27553185380615
100,3,6,5,0.01,20,"multinomial",1.24109664614398
100,3,6,5,0.01,20,"mixed",1.23713743437267
100,3,6,5,0.01,20,"mixed_population",1.23586506055994
100,3,6,5,0.01,21,"multinomial",1.22196023071193
100,3,6,5,0.01,21,"mixed",1.21692838751461
100,3,6,5,0.01,21,"mixed_population",1.21558950456389
100,3,6,5,0.01,22,"multinomial",1.189787583689
100,3,6,5,0.01,22,"mixed",1.18796585411401
100,3,6,5,0.01,22,"mixed_population",1.18744866767333
100,3,6,5,0.01,23,"multinomial",1.23850751648755
100,3,6,5,0.01,23,"mixed",1.23621962000028
100,3,6,5,0.01,23,"mixed_population",1.23621971845359
100,3,6,5,0.01,24,"multinomial",1.26124591916906
100,3,6,5,0.01,24,"mixed",1.25839416314369
100,3,6,5,0.01,24,"mixed_population",1.25759319795682
100,3,6,5,0.01,25,"multinomial",1.26743306297305
100,3,6,5,0.01,25,"mixed",1.2586026689325
100,3,6,5,0.01,25,"mixed_population",1.25860274099787
100,3,6,5,0.01,26,"multinomial",1.382923986373
100,3,6,5,0.01,26,"mixed",1.37832629521041
100,3,6,5,0.01,26,"mixed_population",1.3768256097541
100,3,6,5,0.01,27,"multinomial",1.30542514250449
100,3,6,5,0.01,27,"mixed",1.30109056870496
100,3,6,5,0.01,27,"mixed_population",1.30109056873872
100,3,6,5,0.01,28,"multinomial",1.29796517245009
100,3,6,5,0.01,28,"mixed",1.29410873535224
100,3,6,5,0.01,28,"mixed_population",1.29410873149651
100,3,6,5,0.01,29,"multinomial",1.35023218119641
100,3,6,5,0.01,29,"mixed",1.34482123242115
100,3,6,5,0.01,29,"mixed_population",1.34482122741996
100,3,6,5,0.01,30,"multinomial",1.32812648774719
100,3,6,5,0.01,30,"mixed",1.32265315200869
100,3,6,5,0.01,30,"mixed_population",1.32265315019868
100,3,6,5,0.01,31,"multinomial",1.32674729341039
100,3,6,5,0.01,31,"mixed",1.3201748322978
100,3,6,5,0.01,31,"mixed_population",1.32017483416728
100,3,6,5,0.01,32,"multinomial",1.22099315157801
100,3,6,5,0.01,32,"mixed",1.21668529892259
100,3,6,5,0.01,32,"mixed_population",1.21668537158666
100,3,6,5,0.01,33,"multinomial",1.27649109179783
100,3,6,5,0.01,33,"mixed",1.26738811069205
100,3,6,5,0.01,33,"mixed_population",1.26738810994527
100,3,6,5,0.01,34,"multinomial",1.30126167604597
100,3,6,5,0.01,34,"mixed",1.29680082243552
100,3,6,5,0.01,34,"mixed_population",1.29680087488738
100,3,6,5,0.01,35,"multinomial",1.27756650664982
100,3,6,5,0.01,35,"mixed",1.27088903603144
100,3,6,5,0.01,35,"mixed_population",1.27088922969885
100,3,6,5,0.01,36,"multinomial",1.29421499087359
100,3,6,5,0.01,36,"mixed",1.29157340569057
100,3,6,5,0.01,36,"mixed_population",1.29157340027875
100,3,6,5,0.01,37,"multinomial",1.24394236505585
100,3,6,5,0.01,37,"mixed",1.23783454352824
100,3,6,5,0.01,37,"mixed_population",1.23783454429832
100,3,6,5,0.01,38,"multinomial",1.3139203747703
100,3,6,5,0.01,38,"mixed",1.30760338219916
100,3,6,5,0.01,38,"mixed_population",1.30760334353173
100,3,6,5,0.01,39,"multinomial",1.29809334011698
100,3,6,5,0.01,39,"mixed",1.292068246037
100,3,6,5,0.01,39,"mixed_population",1.29206843245026
100,3,6,5,0.01,40,"multinomial",1.26661976008459
100,3,6,5,0.01,40,"mixed",1.26005848293554
100,3,6,5,0.01,40,"mixed_population",1.26005836004739
100,3,6,5,0.01,41,"multinomial",1.27214926681398
100,3,6,5,0.01,41,"mixed",1.26705406410231
100,3,6,5,0.01,41,"mixed_population",1.26705369604768
100,3,6,5,0.01,42,"multinomial",1.31800870477207
100,3,6,5,0.01,42,"mixed",1.31197296228191
100,3,6,5,0.01,42,"mixed_population",1.31197296230107
100,3,6,5,0.01,43,"multinomial",1.27130399327872
100,3,6,5,0.01,43,"mixed",1.26148921013813
100,3,6,5,0.01,43,"mixed_population",1.26148912879098
100,3,6,5,0.01,44,"multinomial",1.23815197084453
100,3,6,5,0.01,44,"mixed",1.23227333042584
100,3,6,5,0.01,44,"mixed_population",1.23227322948853
100,3,6,5,0.01,45,"multinomial",1.29664809144327
100,3,6,5,0.01,45,"mixed",1.28692020495068
100,3,6,5,0.01,45,"mixed_population",1.28692020056581
100,3,6,5,0.01,46,"multinomial",1.21383432255189
100,3,6,5,0.01,46,"mixed",1.20972249797126
100,3,6,5,0.01,46,"mixed_population",1.20972250120198
100,3,6,5,0.01,47,"multinomial",1.27705392852324
100,3,6,5,0.01,47,"mixed",1.26804059659024
100,3,6,5,0.01,47,"mixed_population",1.26804041472063
100,3,6,5,0.01,48,"multinomial",1.13587771240214
100,3,6,5,0.01,48,"mixed",1.13387567190558
100,3,6,5,0.01,48,"mixed_population",1.13387571036168
100,3,6,5,0.01,49,"multinomial",1.28254598142115
100,3,6,5,0.01,49,"mixed",1.27744389577726
100,3,6,5,0.01,49,"mixed_population",1.2774440232672
100,3,6,5,0.01,50,"multinomial",1.20765393619654
100,3,6,5,0.01,50,"mixed",1.2005625517447
100,3,6,5,0.01,50,"mixed_population",1.2005625475842
100,3,6,5,0.01,51,"multinomial",1.25484969910408
100,3,6,5,0.01,51,"mixed",1.24983429218803
100,3,6,5,0.01,51,"mixed_population",1.24983429158601
100,3,6,5,0.01,52,"multinomial",1.23776854556923
100,3,6,5,0.01,52,"mixed",1.23040486590181
100,3,6,5,0.01,52,"mixed_population",1.23040480900141
100,3,6,5,0.01,53,"multinomial",1.27505277932633
100,3,6,5,0.01,53,"mixed",1.27024465601537
100,3,6,5,0.01,53,"mixed_population",1.27024443085742
100,3,6,5,0.01,54,"multinomial",1.26331185561071
100,3,6,5,0.01,54,"mixed",1.25823872758161
100,3,6,5,0.01,54,"mixed_population",1.25823872568999
100,3,6,5,0.01,55,"multinomial",1.26268526054203
100,3,6,5,0.01,55,"mixed",1.252877186572
100,3,6,5,0.01,55,"mixed_population",1.25287718485065
100,3,6,5,0.01,56,"multinomial",1.33942543499855
100,3,6,5,0.01,56,"mixed",1.32854548811884
100,3,6,5,0.01,56,"mixed_population",1.32854549788121
100,3,6,5,0.01,57,"multinomial",1.2860881545727
100,3,6,5,0.01,57,"mixed",1.27811980703418
100,3,6,5,0.01,57,"mixed_population",1.27811980725456
100,3,6,5,0.01,58,"multinomial",1.23343859576003
100,3,6,5,0.01,58,"mixed",1.22919561945537
100,3,6,5,0.01,58,"mixed_population",1.22919567032001
100,3,6,5,0.01,59,"multinomial",1.34280018747746
100,3,6,5,0.01,59,"mixed",1.33812837297392
100,3,6,5,0.01,59,"mixed_population",1.33812831992791
100,3,6,5,0.01,60,"multinomial",1.28248148587387
100,3,6,5,0.01,60,"mixed",1.28203895568576
100,3,6,5,0.01,60,"mixed_population",1.28203894799307
100,3,6,5,0.01,61,"multinomial",1.30197276013557
100,3,6,5,0.01,61,"mixed",1.29692088245308
100,3,6,5,0.01,61,"mixed_population",1.29692088406195
100,3,6,5,0.01,62,"multinomial",1.2277464350927
100,3,6,5,0.01,62,"mixed",1.22338606600968
100,3,6,5,0.01,62,"mixed_population",1.22338607489119
100,3,6,5,0.01,63,"multinomial",1.23464273473873
100,3,6,5,0.01,63,"mixed",1.22980319481825
100,3,6,5,0.01,63,"mixed_population",1.22980317097113
100,3,6,5,0.01,64,"multinomial",1.35097844631741
100,3,6,5,0.01,64,"mixed",1.3394277434223
100,3,6,5,0.01,64,"mixed_population",1.3394277513683
100,3,6,5,0.01,65,"multinomial",1.23071428736667
100,3,6,5,0.01,65,"mixed",1.21961359216722
100,3,6,5,0.01,65,"mixed_population",1.21961359297436
100,3,6,5,0.01,66,"multinomial",1.17760749954656
100,3,6,5,0.01,66,"mixed",1.17105469371647
100,3,6,5,0.01,66,"mixed_population",1.17105456938751
100,3,6,5,0.01,67,"multinomial",1.32972812795794
100,3,6,5,0.01,67,"mixed",1.32647185908916
100,3,6,5,0.01,67,"mixed_population",1.3255550050637
100,3,6,5,0.01,68,"multinomial",1.21649545463935
100,3,6,5,0.01,68,"mixed",1.21275113959463
100,3,6,5,0.01,68,"mixed_population",1.21275120845178
100,3,6,5,0.01,69,"multinomial",1.3091136771832
100,3,6,5,0.01,69,"mixed",1.30382477529816
100,3,6,5,0.01,69,"mixed_population",1.30382477503847
100,3,6,5,0.01,70,"multinomial",1.3282102748249
100,3,6,5,0.01,70,"mixed",1.32097403538749
100,3,6,5,0.01,70,"mixed_population",1.32097403829199
100,3,6,5,0.01,71,"multinomial",1.28115870062127
100,3,6,5,0.01,71,"mixed",1.2762838615275
100,3,6,5,0.01,71,"mixed_population",1.27611946298047
100,3,6,5,0.01,72,"multinomial",1.25441173098377
100,3,6,5,0.01,72,"mixed",1.24866144081095
100,3,6,5,0.01,72,"mixed_population",1.24772989570465
100,3,6,5,0.01,73,"multinomial",1.1810946934389
100,3,6,5,0.01,73,"mixed",1.17497465237897
100,3,6,5,0.01,73,"mixed_population",1.17497465505079
100,3,6,5,0.01,74,"multinomial",1.27261743868002
100,3,6,5,0.01,74,"mixed",1.26734517362591
100,3,6,5,0.01,74,"mixed_population",1.26734532171622
100,3,6,5,0.01,75,"multinomial",1.25749235528697
100,3,6,5,0.01,75,"mixed",1.252843405531
100,3,6,5,0.01,75,"mixed_population",1.25284340616129
100,3,6,5,0.01,76,"multinomial",1.28367997051166
100,3,6,5,0.01,76,"mixed",1.27939736228143
100,3,6,5,0.01,76,"mixed_population",1.2793974489158
100,3,6,5,0.01,77,"multinomial",1.22210834000925
100,3,6,5,0.01,77,"mixed",1.21537982640915
100,3,6,5,0.01,77,"mixed_population",1.21537986757658
100,3,6,5,0.01,78,"multinomial",1.26361019264188
100,3,6,5,0.01,78,"mixed",1.25886568828599
100,3,6,5,0.01,78,"mixed_population",1.25886511495297
100,3,6,5,0.01,79,"multinomial",1.26815717054975
100,3,6,5,0.01,79,"mixed",1.26331627563611
100,3,6,5,0.01,79,"mixed_population",1.26331627734254
100,3,6,5,0.01,80,"multinomial",1.15269543899128
100,3,6,5,0.01,80,"mixed",1.14721176878977
100,3,6,5,0.01,80,"mixed_population",1.14721176888778
100,3,6,5,0.01,81,"multinomial",1.23362257832745
100,3,6,5,0.01,81,"mixed",1.22720394817744
100,3,6,5,0.01,81,"mixed_population",1.22720394497633
100,3,6,5,0.01,82,"multinomial",1.23019599103179
100,3,6,5,0.01,82,"mixed",1.22414840053649
100,3,6,5,0.01,82,"mixed_population",1.22414841269246
100,3,6,5,0.01,83,"multinomial",1.27066444570838
100,3,6,5,0.01,83,"mixed",1.26385334322894
100,3,6,5,0.01,83,"mixed_population",1.26385307703295
100,3,6,5,0.01,84,"multinomial",1.35408154297471
100,3,6,5,0.01,84,"mixed",1.3487450423709
100,3,6,5,0.01,84,"mixed_population",1.3487450353407
100,3,6,5,0.01,85,"multinomial",1.33998297702627
100,3,6,5,0.01,85,"mixed",1.32255878586049
100,3,6,5,0.01,85,"mixed_population",1.32255862732765
100,3,6,5,0.01,86,"multinomial",1.22105129195025
100,3,6,5,0.01,86,"mixed",1.21858216567416
100,3,6,5,0.01,86,"mixed_population",1.21858219945864
100,3,6,5,0.01,87,"multinomial",1.22249903708618
100,3,6,5,0.01,87,"mixed",1.21803549525252
100,3,6,5,0.01,87,"mixed_population",1.21803547417796
100,3,6,5,0.01,88,"multinomial",1.27693591435813
100,3,6,5,0.01,88,"mixed",1.27226006053018
100,3,6,5,0.01,88,"mixed_population",1.27226008652694
100,3,6,5,0.01,89,"multinomial",1.22952193590523
100,3,6,5,0.01,89,"mixed",1.22105110494866
100,3,6,5,0.01,89,"mixed_population",1.22105123367938
100,3,6,5,0.01,90,"multinomial",1.28820384352921
100,3,6,5,0.01,90,"mixed",1.27992766054626
100,3,6,5,0.01,90,"mixed_population",1.27992766162239
100,3,6,5,0.01,91,"multinomial",1.34646358163623
100,3,6,5,0.01,91,"mixed",1.33579874296679
100,3,6,5,0.01,91,"mixed_population",1.33579723338167
100,3,6,5,0.01,92,"multinomial",1.34138759995673
100,3,6,5,0.01,92,"mixed",1.33750953396419
100,3,6,5,0.01,92,"mixed_population",1.331890103335
100,3,6,5,0.01,93,"multinomial",1.23592758483796
100,3,6,5,0.01,93,"mixed",1.22902095561907
100,3,6,5,0.01,93,"mixed_population",1.22902096400633
100,3,6,5,0.01,94,"multinomial",1.26399511876796
100,3,6,5,0.01,94,"mixed",1.2570610530795
100,3,6,5,0.01,94,"mixed_population",1.25706105329867
100,3,6,5,0.01,95,"multinomial",1.22882289806016
100,3,6,5,0.01,95,"mixed",1.22000840198409
100,3,6,5,0.01,95,"mixed_population",1.22000840860247
100,3,6,5,0.01,96,"multinomial",1.22815937907209
100,3,6,5,0.01,96,"mixed",1.22279801199433
100,3,6,5,0.01,96,"mixed_population",1.22279813289301
100,3,6,5,0.01,97,"multinomial",1.25781573211052
100,3,6,5,0.01,97,"mixed",1.25318410288494
100,3,6,5,0.01,97,"mixed_population",1.25318409873836
100,3,6,5,0.01,98,"multinomial",1.24633028123584
100,3,6,5,0.01,98,"mixed",1.24182445821806
100,3,6,5,0.01,98,"mixed_population",1.24182445826828
100,3,6,5,0.01,99,"multinomial",1.21602803205262
100,3,6,5,0.01,99,"mixed",1.212158056398
100,3,6,5,0.01,99,"mixed_population",1.21215808202451
100,3,6,5,0.01,100,"multinomial",1.20355779607913
100,3,6,5,0.01,100,"mixed",1.19658392534458
100,3,6,5,0.01,100,"mixed_population",1.19658411742748
100,3,6,5,0.1,1,"multinomial",1.26701329357386
100,3,6,5,0.1,1,"mixed",1.2630765025791
100,3,6,5,0.1,1,"mixed_population",1.2630765034142
100,3,6,5,0.1,2,"multinomial",1.35036851320801
100,3,6,5,0.1,2,"mixed",1.34452984256916
100,3,6,5,0.1,2,"mixed_population",1.34452982222529
100,3,6,5,0.1,3,"multinomial",1.30454739530686
100,3,6,5,0.1,3,"mixed",1.29780772640605
100,3,6,5,0.1,3,"mixed_population",1.29677188403409
100,3,6,5,0.1,4,"multinomial",1.19020160844911
100,3,6,5,0.1,4,"mixed",1.18239495214442
100,3,6,5,0.1,4,"mixed_population",1.18239493775824
100,3,6,5,0.1,5,"multinomial",1.2553856138437
100,3,6,5,0.1,5,"mixed",1.25233603491973
100,3,6,5,0.1,5,"mixed_population",1.25233576115735
100,3,6,5,0.1,6,"multinomial",1.40308101848565
100,3,6,5,0.1,6,"mixed",1.39530708923641
100,3,6,5,0.1,6,"mixed_population",1.39530690190701
100,3,6,5,0.1,7,"multinomial",1.28375235571549
100,3,6,5,0.1,7,"mixed",1.27386051818971
100,3,6,5,0.1,7,"mixed_population",1.27386051020979
100,3,6,5,0.1,8,"multinomial",1.24786510633374
100,3,6,5,0.1,8,"mixed",1.24322000308525
100,3,6,5,0.1,8,"mixed_population",1.24322001008237
100,3,6,5,0.1,9,"multinomial",1.31234844828355
100,3,6,5,0.1,9,"mixed",1.30481995556751
100,3,6,5,0.1,9,"mixed_population",1.30481993281738
100,3,6,5,0.1,10,"multinomial",1.30017072537962
100,3,6,5,0.1,10,"mixed",1.29212976395901
100,3,6,5,0.1,10,"mixed_population",1.29212962550143
100,3,6,5,0.1,11,"multinomial",1.29567514156672
100,3,6,5,0.1,11,"mixed",1.29125907323261
100,3,6,5,0.1,11,"mixed_population",1.2912590444786
100,3,6,5,0.1,12,"multinomial",1.32753292621556
100,3,6,5,0.1,12,"mixed",1.32255045240496
100,3,6,5,0.1,12,"mixed_population",1.32255044674839
100,3,6,5,0.1,13,"multinomial",1.16183234421645
100,3,6,5,0.1,13,"mixed",1.15934895338689
100,3,6,5,0.1,13,"mixed_population",1.15934902676035
100,3,6,5,0.1,14,"multinomial",1.26576412486818
100,3,6,5,0.1,14,"mixed",1.25751221341341
100,3,6,5,0.1,14,"mixed_population",1.25751221767069
100,3,6,5,0.1,15,"multinomial",1.24376088310158
100,3,6,5,0.1,15,"mixed",1.23704821459062
100,3,6,5,0.1,15,"mixed_population",1.2370481983211
100,3,6,5,0.1,16,"multinomial",1.41804668170221
100,3,6,5,0.1,16,"mixed",1.40841398662545
100,3,6,5,0.1,16,"mixed_population",1.40841399231373
100,3,6,5,0.1,17,"multinomial",1.27951273767945
100,3,6,5,0.1,17,"mixed",1.27413903661566
100,3,6,5,0.1,17,"mixed_population",1.27271705743173
100,3,6,5,0.1,18,"multinomial",1.20098120047356
100,3,6,5,0.1,18,"mixed",1.19362899925308
100,3,6,5,0.1,18,"mixed_population",1.1936290454005
100,3,6,5,0.1,19,"multinomial",1.25885147694504
100,3,6,5,0.1,19,"mixed",1.25404770013824
100,3,6,5,0.1,19,"mixed_population",1.25404770092608
100,3,6,5,0.1,20,"multinomial",1.33972320423209
100,3,6,5,0.1,20,"mixed",1.33432393842998
100,3,6,5,0.1,20,"mixed_population",1.3343239389269
100,3,6,5,0.1,21,"multinomial",1.28756367743728
100,3,6,5,0.1,21,"mixed",1.27786103219673
100,3,6,5,0.1,21,"mixed_population",1.2778610083344
100,3,6,5,0.1,22,"multinomial",1.28471734549392
100,3,6,5,0.1,22,"mixed",1.279629168933
100,3,6,5,0.1,22,"mixed_population",1.27962917391289
100,3,6,5,0.1,23,"multinomial",1.34409057532764
100,3,6,5,0.1,23,"mixed",1.33753608251981
100,3,6,5,0.1,23,"mixed_population",1.33753608369451
100,3,6,5,0.1,24,"multinomial",1.3568585325935
100,3,6,5,0.1,24,"mixed",1.34534130113518
100,3,6,5,0.1,24,"mixed_population",1.34534143806854
100,3,6,5,0.1,25,"multinomial",1.27257457713284
100,3,6,5,0.1,25,"mixed",1.26796865022791
100,3,6,5,0.1,25,"mixed_population",1.26796871016308
100,3,6,5,0.1,26,"multinomial",1.26700750175591
100,3,6,5,0.1,26,"mixed",1.26079549813282
100,3,6,5,0.1,26,"mixed_population",1.26079549814371
100,3,6,5,0.1,27,"multinomial",1.2365861696297
100,3,6,5,0.1,27,"mixed",1.22908631744453
100,3,6,5,0.1,27,"mixed_population",1.22908631798228
100,3,6,5,0.1,28,"multinomial",1.28179412957197
100,3,6,5,0.1,28,"mixed",1.27677193505991
100,3,6,5,0.1,28,"mixed_population",1.27677213718325
100,3,6,5,0.1,29,"multinomial",1.26237218957911
100,3,6,5,0.1,29,"mixed",1.2553668303816
100,3,6,5,0.1,29,"mixed_population",1.25536687941918
100,3,6,5,0.1,30,"multinomial",1.22001951489191
100,3,6,5,0.1,30,"mixed",1.21481406118289
100,3,6,5,0.1,30,"mixed_population",1.21389841661687
100,3,6,5,0.1,31,"multinomial",1.21263389803312
100,3,6,5,0.1,31,"mixed",1.20740393233354
100,3,6,5,0.1,31,"mixed_population",1.2074039925568
100,3,6,5,0.1,32,"multinomial",1.31715152679249
100,3,6,5,0.1,32,"mixed",1.31161587511628
100,3,6,5,0.1,32,"mixed_population",1.3116158630156
100,3,6,5,0.1,33,"multinomial",1.16848988181096
100,3,6,5,0.1,33,"mixed",1.16659580165791
100,3,6,5,0.1,33,"mixed_population",1.16610336013775
100,3,6,5,0.1,34,"multinomial",1.24857883911811
100,3,6,5,0.1,34,"mixed",1.24598988926894
100,3,6,5,0.1,34,"mixed_population",1.24551812991061
100,3,6,5,0.1,35,"multinomial",1.23448486178522
100,3,6,5,0.1,35,"mixed",1.2255537667277
100,3,6,5,0.1,35,"mixed_population",1.22555359507277
100,3,6,5,0.1,36,"multinomial",1.21683357106465
100,3,6,5,0.1,36,"mixed",1.20854747358383
100,3,6,5,0.1,36,"mixed_population",1.20854758404937
100,3,6,5,0.1,37,"multinomial",1.19947758680662
100,3,6,5,0.1,37,"mixed",1.19413424121576
100,3,6,5,0.1,37,"mixed_population",1.19413428010556
100,3,6,5,0.1,38,"multinomial",1.17167991071703
100,3,6,5,0.1,38,"mixed",1.1668096923839
100,3,6,5,0.1,38,"mixed_population",1.16680967408748
100,3,6,5,0.1,39,"multinomial",1.22820790526921
100,3,6,5,0.1,39,"mixed",1.22289404410512
100,3,6,5,0.1,39,"mixed_population",1.22289404438657
100,3,6,5,0.1,40,"multinomial",1.31907990346473
100,3,6,5,0.1,40,"mixed",1.32046833722329
100,3,6,5,0.1,40,"mixed_population",1.31672428831144
100,3,6,5,0.1,41,"multinomial",1.30687196490477
100,3,6,5,0.1,41,"mixed",1.30111752401272
100,3,6,5,0.1,41,"mixed_population",1.30111616202862
100,3,6,5,0.1,42,"multinomial",1.31440912480178
100,3,6,5,0.1,42,"mixed",1.30785607177182
100,3,6,5,0.1,42,"mixed_population",1.30785607744301
100,3,6,5,0.1,43,"multinomial",1.35019444192771
100,3,6,5,0.1,43,"mixed",1.33442615989495
100,3,6,5,0.1,43,"mixed_population",1.33442615945227
100,3,6,5,0.1,44,"multinomial",1.22867275303197
100,3,6,5,0.1,44,"mixed",1.22610708227535
100,3,6,5,0.1,44,"mixed_population",1.22610707344086
100,3,6,5,0.1,45,"multinomial",1.33071028601286
100,3,6,5,0.1,45,"mixed",1.32201834525206
100,3,6,5,0.1,45,"mixed_population",1.32201834600138
100,3,6,5,0.1,46,"multinomial",1.28082473237233
100,3,6,5,0.1,46,"mixed",1.27593889412618
100,3,6,5,0.1,46,"mixed_population",1.2759386372438
100,3,6,5,0.1,47,"multinomial",1.308859326319
100,3,6,5,0.1,47,"mixed",1.30165312485634
100,3,6,5,0.1,47,"mixed_population",1.30165312997828
100,3,6,5,0.1,48,"multinomial",1.19773034720393
100,3,6,5,0.1,48,"mixed",1.19708511821706
100,3,6,5,0.1,48,"mixed_population",1.1970850821263
100,3,6,5,0.1,49,"multinomial",1.29679815584805
100,3,6,5,0.1,49,"mixed",1.2910200195272
100,3,6,5,0.1,49,"mixed_population",1.29102001659682
100,3,6,5,0.1,50,"multinomial",1.20961202818709
100,3,6,5,0.1,50,"mixed",1.20168462725203
100,3,6,5,0.1,50,"mixed_population",1.20168463038597
100,3,6,5,0.1,51,"multinomial",1.29199927853344
100,3,6,5,0.1,51,"mixed",1.28613266587409
100,3,6,5,0.1,51,"mixed_population",1.2861324991422
100,3,6,5,0.1,52,"multinomial",1.25034048213875
100,3,6,5,0.1,52,"mixed",1.24537754832288
100,3,6,5,0.1,52,"mixed_population",1.24537754187064
100,3,6,5,0.1,53,"multinomial",1.23672187467982
100,3,6,5,0.1,53,"mixed",1.23284150459513
100,3,6,5,0.1,53,"mixed_population",1.23284147011339
100,3,6,5,0.1,54,"multinomial",1.21123443282358
100,3,6,5,0.1,54,"mixed",1.20591216070195
100,3,6,5,0.1,54,"mixed_population",1.20591214166218
100,3,6,5,0.1,55,"multinomial",1.30179468891641
100,3,6,5,0.1,55,"mixed",1.29347129419107
100,3,6,5,0.1,55,"mixed_population",1.29347129628655
100,3,6,5,0.1,56,"multinomial",1.38564020136394
100,3,6,5,0.1,56,"mixed",1.38330895272293
100,3,6,5,0.1,56,"mixed_population",1.38167474974863
100,3,6,5,0.1,57,"multinomial",1.2166494341531
100,3,6,5,0.1,57,"mixed",1.20771092393675
100,3,6,5,0.1,57,"mixed_population",1.20771091958895
100,3,6,5,0.1,58,"multinomial",1.39064738558034
100,3,6,5,0.1,58,"mixed",1.38881571462841
100,3,6,5,0.1,58,"mixed_population",1.38678943068453
100,3,6,5,0.1,59,"multinomial",1.29854035283054
100,3,6,5,0.1,59,"mixed",1.2944439958661
100,3,6,5,0.1,59,"mixed_population",1.2944439983352
100,3,6,5,0.1,60,"multinomial",1.33436728843044
100,3,6,5,0.1,60,"mixed",1.32858703253413
100,3,6,5,0.1,60,"mixed_population",1.32858703267035
100,3,6,5,0.1,61,"multinomial",1.24609573034887
100,3,6,5,0.1,61,"mixed",1.24337533768087
100,3,6,5,0.1,61,"mixed_population",1.24337532977263
100,3,6,5,0.1,62,"multinomial",1.27260734604088
100,3,6,5,0.1,62,"mixed",1.26788531618262
100,3,6,5,0.1,62,"mixed_population",1.26788525831811
100,3,6,5,0.1,63,"multinomial",1.31028366315747
100,3,6,5,0.1,63,"mixed",1.3024432399071
100,3,6,5,0.1,63,"mixed_population",1.30104652334225
100,3,6,5,0.1,64,"multinomial",1.27661895419559
100,3,6,5,0.1,64,"mixed",1.26956640412961
100,3,6,5,0.1,64,"mixed_population",1.26956643264615
100,3,6,5,0.1,65,"multinomial",1.22420603284445
100,3,6,5,0.1,65,"mixed",1.21826015965581
100,3,6,5,0.1,65,"mixed_population",1.2182599716771
100,3,6,5,0.1,66,"multinomial",1.34293519818474
100,3,6,5,0.1,66,"mixed",1.33967605063301
100,3,6,5,0.1,66,"mixed_population",1.33967610845924
100,3,6,5,0.1,67,"multinomial",1.29811222735844
100,3,6,5,0.1,67,"mixed",1.29574290335352
100,3,6,5,0.1,67,"mixed_population",1.29480596444708
100,3,6,5,0.1,68,"multinomial",1.26393586534359
100,3,6,5,0.1,68,"mixed",1.26181846929433
100,3,6,5,0.1,68,"mixed_population",1.26061630260235
100,3,6,5,0.1,69,"multinomial",1.28689260598769
100,3,6,5,0.1,69,"mixed",1.28669818750316
100,3,6,5,0.1,69,"mixed_population",1.28472928943166
100,3,6,5,0.1,70,"multinomial",1.24211848395238
100,3,6,5,0.1,70,"mixed",1.2396725464598
100,3,6,5,0.1,70,"mixed_population",1.23967251562268
100,3,6,5,0.1,71,"multinomial",1.30358656437642
100,3,6,5,0.1,71,"mixed",1.29916942005062
100,3,6,5,0.1,71,"mixed_population",1.29916942647325
100,3,6,5,0.1,72,"multinomial",1.37787741546867
100,3,6,5,0.1,72,"mixed",1.3721477708983
100,3,6,5,0.1,72,"mixed_population",1.37214866182788
100,3,6,5,0.1,73,"multinomial",1.3280891551869
100,3,6,5,0.1,73,"mixed",1.32417272036933
100,3,6,5,0.1,73,"mixed_population",1.32417269598145
100,3,6,5,0.1,74,"multinomial",1.28786448545248
100,3,6,5,0.1,74,"mixed",1.28531140694769
100,3,6,5,0.1,74,"mixed_population",1.28531140736462
100,3,6,5,0.1,75,"multinomial",1.24728078343356
100,3,6,5,0.1,75,"mixed",1.2398113761781
100,3,6,5,0.1,75,"mixed_population",1.23981141952481
100,3,6,5,0.1,76,"multinomial",1.30111848991615
100,3,6,5,0.1,76,"mixed",1.29692061967187
100,3,6,5,0.1,76,"mixed_population",1.29692060652132
100,3,6,5,0.1,77,"multinomial",1.19494718864872
100,3,6,5,0.1,77,"mixed",1.19222131712986
100,3,6,5,0.1,77,"mixed_population",1.19168453245714
100,3,6,5,0.1,78,"multinomial",1.32812432723731
100,3,6,5,0.1,78,"mixed",1.31809615992258
100,3,6,5,0.1,78,"mixed_population",1.31809600792343
100,3,6,5,0.1,79,"multinomial",1.20550873774035
100,3,6,5,0.1,79,"mixed",1.20006166072506
100,3,6,5,0.1,79,"mixed_population",1.20006167046075
100,3,6,5,0.1,80,"multinomial",1.23652146735699
100,3,6,5,0.1,80,"mixed",1.22721023264272
100,3,6,5,0.1,80,"mixed_population",1.22720827326873
100,3,6,5,0.1,81,"multinomial",1.2724430892213
100,3,6,5,0.1,81,"mixed",1.26576574929719
100,3,6,5,0.1,81,"mixed_population",1.26576575326569
100,3,6,5,0.1,82,"multinomial",1.30451073173638
100,3,6,5,0.1,82,"mixed",1.30035512986291
100,3,6,5,0.1,82,"mixed_population",1.30035513126427
100,3,6,5,0.1,83,"multinomial",1.31466612464396
100,3,6,5,0.1,83,"mixed",1.30497635381228
100,3,6,5,0.1,83,"mixed_population",1.3033846240169
100,3,6,5,0.1,84,"multinomial",1.35861482670899
100,3,6,5,0.1,84,"mixed",1.35025602861934
100,3,6,5,0.1,84,"mixed_population",1.35025604439271
100,3,6,5,0.1,85,"multinomial",1.2174172410651
100,3,6,5,0.1,85,"mixed",1.21270068837303
100,3,6,5,0.1,85,"mixed_population",1.21270074093896
100,3,6,5,0.1,86,"multinomial",1.26593185149368
100,3,6,5,0.1,86,"mixed",1.25460407638522
100,3,6,5,0.1,86,"mixed_population",1.25460406849709
100,3,6,5,0.1,87,"multinomial",1.3132798674966
100,3,6,5,0.1,87,"mixed",1.30860086650933
100,3,6,5,0.1,87,"mixed_population",1.30860086363316
100,3,6,5,0.1,88,"multinomial",1.22703098439566
100,3,6,5,0.1,88,"mixed",1.21604420594693
100,3,6,5,0.1,88,"mixed_population",1.21604419545561
100,3,6,5,0.1,89,"multinomial",1.24411630640386
100,3,6,5,0.1,89,"mixed",1.24098937710448
100,3,6,5,0.1,89,"mixed_population",1.24098937750416
100,3,6,5,0.1,90,"multinomial",1.21102388083882
100,3,6,5,0.1,90,"mixed",1.20473805124408
100,3,6,5,0.1,90,"mixed_population",1.20473803668663
100,3,6,5,0.1,91,"multinomial",1.31755842162055
100,3,6,5,0.1,91,"mixed",1.31470410637055
100,3,6,5,0.1,91,"mixed_population",1.31470410286425
100,3,6,5,0.1,92,"multinomial",1.16113086248417
100,3,6,5,0.1,92,"mixed",1.15540570483502
100,3,6,5,0.1,92,"mixed_population",1.15540570834225
100,3,6,5,0.1,93,"multinomial",1.34218081581944
100,3,6,5,0.1,93,"mixed",1.33532752566373
100,3,6,5,0.1,93,"mixed_population",1.33532753974036
100,3,6,5,0.1,94,"multinomial",1.24760945959683
100,3,6,5,0.1,94,"mixed",1.24196084472765
100,3,6,5,0.1,94,"mixed_population",1.24196011940265
100,3,6,5,0.1,95,"multinomial",1.26506742284633
100,3,6,5,0.1,95,"mixed",1.26330543320438
100,3,6,5,0.1,95,"mixed_population",1.26330543326248
100,3,6,5,0.1,96,"multinomial",1.29675431949168
100,3,6,5,0.1,96,"mixed",1.28597239995799
100,3,6,5,0.1,96,"mixed_population",1.28597237233983
100,3,6,5,0.1,97,"multinomial",1.31669315650195
100,3,6,5,0.1,97,"mixed",1.31426084725451
100,3,6,5,0.1,97,"mixed_population",1.31426104422735
100,3,6,5,0.1,98,"multinomial",1.27016878305747
100,3,6,5,0.1,98,"mixed",1.26281463257203
100,3,6,5,0.1,98,"mixed_population",1.26281463180458
100,3,6,5,0.1,99,"multinomial",1.26703752423534
100,3,6,5,0.1,99,"mixed",1.26231266371271
100,3,6,5,0.1,99,"mixed_population",1.26231294886347
100,3,6,5,0.1,100,"multinomial",1.28533506307153
100,3,6,5,0.1,100,"mixed",1.27914284418714
100,3,6,5,0.1,100,"mixed_population",1.27914279821405
100,3,6,5,1,1,"multinomial",1.47146196315562
100,3,6,5,1,1,"mixed",1.46337619519256
100,3,6,5,1,1,"mixed_population",1.46337040733695
100,3,6,5,1,2,"multinomial",1.50190164290073
100,3,6,5,1,2,"mixed",1.4935650523658
100,3,6,5,1,2,"mixed_population",1.49356326925937
100,3,6,5,1,3,"multinomial",1.6281743341453
100,3,6,5,1,3,"mixed",1.6215633756047
100,3,6,5,1,3,"mixed_population",1.62156315747929
100,3,6,5,1,4,"multinomial",1.47061051168831
100,3,6,5,1,4,"mixed",1.46043552895572
100,3,6,5,1,4,"mixed_population",1.46043557840985
100,3,6,5,1,5,"multinomial",1.46172855011025
100,3,6,5,1,5,"mixed",1.45807520082971
100,3,6,5,1,5,"mixed_population",1.45613853845401
100,3,6,5,1,6,"multinomial",1.50565143161423
100,3,6,5,1,6,"mixed",1.50056533278914
100,3,6,5,1,6,"mixed_population",1.50056539748756
100,3,6,5,1,7,"multinomial",1.51044618776235
100,3,6,5,1,7,"mixed",1.50715945500433
100,3,6,5,1,7,"mixed_population",1.50354261758033
100,3,6,5,1,8,"multinomial",1.54438406879558
100,3,6,5,1,8,"mixed",1.5313024455482
100,3,6,5,1,8,"mixed_population",1.5313022176214
100,3,6,5,1,9,"multinomial",1.52121081106147
100,3,6,5,1,9,"mixed",1.52070817812425
100,3,6,5,1,9,"mixed_population",1.5148276599175
100,3,6,5,1,10,"multinomial",1.4113412271601
100,3,6,5,1,10,"mixed",1.40240728902692
100,3,6,5,1,10,"mixed_population",1.40240712219713
100,3,6,5,1,11,"multinomial",1.550737414265
100,3,6,5,1,11,"mixed",1.54792321638264
100,3,6,5,1,11,"mixed_population",1.5478927700654
100,3,6,5,1,12,"multinomial",1.46612740282566
100,3,6,5,1,12,"mixed",1.45913308019033
100,3,6,5,1,12,"mixed_population",1.45708724545579
100,3,6,5,1,13,"multinomial",1.51907176385092
100,3,6,5,1,13,"mixed",1.50604716358106
100,3,6,5,1,13,"mixed_population",1.50604814765624
100,3,6,5,1,14,"multinomial",1.56893340730439
100,3,6,5,1,14,"mixed",1.56760532133112
100,3,6,5,1,14,"mixed_population",1.5676053876742
100,3,6,5,1,15,"multinomial",1.55721319815752
100,3,6,5,1,15,"mixed",1.55479651624481
100,3,6,5,1,15,"mixed_population",1.55337117158521
100,3,6,5,1,16,"multinomial",1.55812227077519
100,3,6,5,1,16,"mixed",1.55109860455481
100,3,6,5,1,16,"mixed_population",1.5503932487411
100,3,6,5,1,17,"multinomial",1.44307957577981
100,3,6,5,1,17,"mixed",1.44146841940947
100,3,6,5,1,17,"mixed_population",1.4402164182387
100,3,6,5,1,18,"multinomial",1.53705279852663
100,3,6,5,1,18,"mixed",1.52890698855511
100,3,6,5,1,18,"mixed_population",1.52890698054969
100,3,6,5,1,19,"multinomial",1.54585107064446
100,3,6,5,1,19,"mixed",1.54582322713897
100,3,6,5,1,19,"mixed_population",1.54285907250112
100,3,6,5,1,20,"multinomial",1.52090223361696
100,3,6,5,1,20,"mixed",1.51674694134982
100,3,6,5,1,20,"mixed_population",1.51325728697858
100,3,6,5,1,21,"multinomial",1.64867908937961
100,3,6,5,1,21,"mixed",1.6389289806238
100,3,6,5,1,21,"mixed_population",1.63892901354726
100,3,6,5,1,22,"multinomial",1.5416200925785
100,3,6,5,1,22,"mixed",1.53851396055098
100,3,6,5,1,22,"mixed_population",1.5366234784604
100,3,6,5,1,23,"multinomial",1.50961275595263
100,3,6,5,1,23,"mixed",1.50440466434483
100,3,6,5,1,23,"mixed_population",1.50353137193798
100,3,6,5,1,24,"multinomial",1.56144159580189
100,3,6,5,1,24,"mixed",1.55501641999071
100,3,6,5,1,24,"mixed_population",1.55393419759281
100,3,6,5,1,25,"multinomial",1.52231015561872
100,3,6,5,1,25,"mixed",1.5233417528714
100,3,6,5,1,25,"mixed_population",1.5201240894774
100,3,6,5,1,26,"multinomial",1.56104187677804
100,3,6,5,1,26,"mixed",1.55498500532923
100,3,6,5,1,26,"mixed_population",1.55498500219242
100,3,6,5,1,27,"multinomial",1.48908800027862
100,3,6,5,1,27,"mixed",1.48593619056656
100,3,6,5,1,27,"mixed_population",1.4816141643795
100,3,6,5,1,28,"multinomial",1.59843639539698
100,3,6,5,1,28,"mixed",1.58255912724405
100,3,6,5,1,28,"mixed_population",1.58255916638606
100,3,6,5,1,29,"multinomial",1.71014706455769
100,3,6,5,1,29,"mixed",1.70153185272188
100,3,6,5,1,29,"mixed_population",1.69621045286576
100,3,6,5,1,30,"multinomial",1.58932964133669
100,3,6,5,1,30,"mixed",1.58409765046304
100,3,6,5,1,30,"mixed_population",1.58010036752648
100,3,6,5,1,31,"multinomial",1.52373378987345
100,3,6,5,1,31,"mixed",1.50820215798568
100,3,6,5,1,31,"mixed_population",1.50820215363149
100,3,6,5,1,32,"multinomial",1.45616662254184
100,3,6,5,1,32,"mixed",1.4499781926687
100,3,6,5,1,32,"mixed_population",1.44712271439417
100,3,6,5,1,33,"multinomial",1.4693753900328
100,3,6,5,1,33,"mixed",1.46454383268192
100,3,6,5,1,33,"mixed_population",1.46454413006961
100,3,6,5,1,34,"multinomial",1.47110431084886
100,3,6,5,1,34,"mixed",1.46856026717107
100,3,6,5,1,34,"mixed_population",1.46651909488145
100,3,6,5,1,35,"multinomial",1.57812595830792
100,3,6,5,1,35,"mixed",1.57704133501674
100,3,6,5,1,35,"mixed_population",1.57492017783742
100,3,6,5,1,36,"multinomial",1.60019750447741
100,3,6,5,1,36,"mixed",1.59656013241542
100,3,6,5,1,36,"mixed_population",1.59438689539045
100,3,6,5,1,37,"multinomial",1.56542598880936
100,3,6,5,1,37,"mixed",1.57028762296255
100,3,6,5,1,37,"mixed_population",1.55992689343717
100,3,6,5,1,38,"multinomial",1.53789277348176
100,3,6,5,1,38,"mixed",1.529347348161
100,3,6,5,1,38,"mixed_population",1.5293466543049
100,3,6,5,1,39,"multinomial",1.62431093785431
100,3,6,5,1,39,"mixed",1.6152884360423
100,3,6,5,1,39,"mixed_population",1.61527852046161
100,3,6,5,1,40,"multinomial",1.37713115623619
100,3,6,5,1,40,"mixed",1.37045183768437
100,3,6,5,1,40,"mixed_population",1.37045176188069
100,3,6,5,1,41,"multinomial",1.57365813120212
100,3,6,5,1,41,"mixed",1.56772979781808
100,3,6,5,1,41,"mixed_population",1.56590825876002
100,3,6,5,1,42,"multinomial",1.46670205867041
100,3,6,5,1,42,"mixed",1.4614642483057
100,3,6,5,1,42,"mixed_population",1.45902760526365
100,3,6,5,1,43,"multinomial",1.52125437404772
100,3,6,5,1,43,"mixed",1.51829431440622
100,3,6,5,1,43,"mixed_population",1.51693386411445
100,3,6,5,1,44,"multinomial",1.58908764993665
100,3,6,5,1,44,"mixed",1.57835201836908
100,3,6,5,1,44,"mixed_population",1.57835214684524
100,3,6,5,1,45,"multinomial",1.50271113751003
100,3,6,5,1,45,"mixed",1.49384185371246
100,3,6,5,1,45,"mixed_population",1.49383998840498
100,3,6,5,1,46,"multinomial",1.43830424468447
100,3,6,5,1,46,"mixed",1.4359159458016
100,3,6,5,1,46,"mixed_population",1.43419888408365
100,3,6,5,1,47,"multinomial",1.39341364989364
100,3,6,5,1,47,"mixed",1.39400611889128
100,3,6,5,1,47,"mixed_population",1.39004659950082
100,3,6,5,1,48,"multinomial",1.56523400179358
100,3,6,5,1,48,"mixed",1.55751867160053
100,3,6,5,1,48,"mixed_population",1.55753018592393
100,3,6,5,1,49,"multinomial",1.50171204573194
100,3,6,5,1,49,"mixed",1.49768650339804
100,3,6,5,1,49,"mixed_population",1.49561875891205
100,3,6,5,1,50,"multinomial",1.56001732012347
100,3,6,5,1,50,"mixed",1.54859380528309
100,3,6,5,1,50,"mixed_population",1.54829340646078
100,3,6,5,1,51,"multinomial",1.50158213475585
100,3,6,5,1,51,"mixed",1.49004096593137
100,3,6,5,1,51,"mixed_population",1.49004100822907
100,3,6,5,1,52,"multinomial",1.45921079144448
100,3,6,5,1,52,"mixed",1.45672249709269
100,3,6,5,1,52,"mixed_population",1.4548872846329
100,3,6,5,1,53,"multinomial",1.48899128326898
100,3,6,5,1,53,"mixed",1.4866135266445
100,3,6,5,1,53,"mixed_population",1.48276814304123
100,3,6,5,1,54,"multinomial",1.51135337959187
100,3,6,5,1,54,"mixed",1.50003379983236
100,3,6,5,1,54,"mixed_population",1.50003379599238
100,3,6,5,1,55,"multinomial",1.45033983428438
100,3,6,5,1,55,"mixed",1.44396861888672
100,3,6,5,1,55,"mixed_population",1.44396927158257
100,3,6,5,1,56,"multinomial",1.58462316944318
100,3,6,5,1,56,"mixed",1.5800400286739
100,3,6,5,1,56,"mixed_population",1.57525140121318
100,3,6,5,1,57,"multinomial",1.51838037301441
100,3,6,5,1,57,"mixed",1.51397763108027
100,3,6,5,1,57,"mixed_population",1.51139117165223
100,3,6,5,1,58,"multinomial",1.7310955329423
100,3,6,5,1,58,"mixed",1.71866876183189
100,3,6,5,1,58,"mixed_population",1.71866876901461
100,3,6,5,1,59,"multinomial",1.61424598412727
100,3,6,5,1,59,"mixed",1.60991079561108
100,3,6,5,1,59,"mixed_population",1.60750344838678
100,3,6,5,1,60,"multinomial",1.56545215205643
100,3,6,5,1,60,"mixed",1.55323368987546
100,3,6,5,1,60,"mixed_population",1.5532335428202
100,3,6,5,1,61,"multinomial",1.44676259973703
100,3,6,5,1,61,"mixed",1.44420590707878
100,3,6,5,1,61,"mixed_population",1.44118169176825
100,3,6,5,1,62,"multinomial",1.49422321400427
100,3,6,5,1,62,"mixed",1.48658943954786
100,3,6,5,1,62,"mixed_population",1.48423486801185
100,3,6,5,1,63,"multinomial",1.50590006650161
100,3,6,5,1,63,"mixed",1.50379143674078
100,3,6,5,1,63,"mixed_population",1.50017033331108
100,3,6,5,1,64,"multinomial",1.55559521846065
100,3,6,5,1,64,"mixed",1.54808208640617
100,3,6,5,1,64,"mixed_population",1.54530557634461
100,3,6,5,1,65,"multinomial",1.55582989779294
100,3,6,5,1,65,"mixed",1.55022444101366
100,3,6,5,1,65,"mixed_population",1.54604502407973
100,3,6,5,1,66,"multinomial",1.61122672898311
100,3,6,5,1,66,"mixed",1.60374246548609
100,3,6,5,1,66,"mixed_population",1.6037424566309
100,3,6,5,1,67,"multinomial",1.53174155783265
100,3,6,5,1,67,"mixed",1.52538964859717
100,3,6,5,1,67,"mixed_population",1.5197297605343
100,3,6,5,1,68,"multinomial",1.51665251299687
100,3,6,5,1,68,"mixed",1.50903228404333
100,3,6,5,1,68,"mixed_population",1.50903083730538
100,3,6,5,1,69,"multinomial",1.50833663673735
100,3,6,5,1,69,"mixed",1.50306017300567
100,3,6,5,1,69,"mixed_population",1.50095490474403
100,3,6,5,1,70,"multinomial",1.48465637707872
100,3,6,5,1,70,"mixed",1.48275811957529
100,3,6,5,1,70,"mixed_population",1.47981168994728
100,3,6,5,1,71,"multinomial",1.44111087656098
100,3,6,5,1,71,"mixed",1.42616084790541
100,3,6,5,1,71,"mixed_population",1.42616088663798
100,3,6,5,1,72,"multinomial",1.53398546459687
100,3,6,5,1,72,"mixed",1.52349284122805
100,3,6,5,1,72,"mixed_population",1.52349282577991
100,3,6,5,1,73,"multinomial",1.51543991226338
100,3,6,5,1,73,"mixed",1.51107748396088
100,3,6,5,1,73,"mixed_population",1.51107935145095
100,3,6,5,1,74,"multinomial",1.57658638807687
100,3,6,5,1,74,"mixed",1.56634822349412
100,3,6,5,1,74,"mixed_population",1.56317195276889
100,3,6,5,1,75,"multinomial",1.50030572881131
100,3,6,5,1,75,"mixed",1.49344821642756
100,3,6,5,1,75,"mixed_population",1.49345023348178
100,3,6,5,1,76,"multinomial",1.51872046292865
100,3,6,5,1,76,"mixed",1.50923664428188
100,3,6,5,1,76,"mixed_population",1.5054553688709
100,3,6,5,1,77,"multinomial",1.49878736352146
100,3,6,5,1,77,"mixed",1.49353532623874
100,3,6,5,1,77,"mixed_population",1.49353532300769
100,3,6,5,1,78,"multinomial",1.46639520185855
100,3,6,5,1,78,"mixed",1.45690802152848
100,3,6,5,1,78,"mixed_population",1.45690802009956
100,3,6,5,1,79,"multinomial",1.49288025447604
100,3,6,5,1,79,"mixed",1.48439707402691
100,3,6,5,1,79,"mixed_population",1.48439707379348
100,3,6,5,1,80,"multinomial",1.50088416936948
100,3,6,5,1,80,"mixed",1.492557762653
100,3,6,5,1,80,"mixed_population",1.49255776264343
100,3,6,5,1,81,"multinomial",1.59005477202425
100,3,6,5,1,81,"mixed",1.58485194427541
100,3,6,5,1,81,"mixed_population",1.5848519286417
100,3,6,5,1,82,"multinomial",1.50164540185002
100,3,6,5,1,82,"mixed",1.49839039858304
100,3,6,5,1,82,"mixed_population",1.4961656101724
100,3,6,5,1,83,"multinomial",1.56270680410027
100,3,6,5,1,83,"mixed",1.56527007306366
100,3,6,5,1,83,"mixed_population",1.55988867884149
100,3,6,5,1,84,"multinomial",1.51560172084146
100,3,6,5,1,84,"mixed",1.51320097260335
100,3,6,5,1,84,"mixed_population",1.509188882916
100,3,6,5,1,85,"multinomial",1.51209060101753
100,3,6,5,1,85,"mixed",1.51014749473784
100,3,6,5,1,85,"mixed_population",1.51014749314097
100,3,6,5,1,86,"multinomial",1.51771974587712
100,3,6,5,1,86,"mixed",1.51308387472592
100,3,6,5,1,86,"mixed_population",1.50624403882047
100,3,6,5,1,87,"multinomial",1.53409049666052
100,3,6,5,1,87,"mixed",1.52730765458841
100,3,6,5,1,87,"mixed_population",1.52558815804639
100,3,6,5,1,88,"multinomial",1.51386603284809
100,3,6,5,1,88,"mixed",1.5013708382202
100,3,6,5,1,88,"mixed_population",1.50137081681356
100,3,6,5,1,89,"multinomial",1.55739329793871
100,3,6,5,1,89,"mixed",1.55302177116454
100,3,6,5,1,89,"mixed_population",1.55142364642338
100,3,6,5,1,90,"multinomial",1.67956655076096
100,3,6,5,1,90,"mixed",1.67450094362863
100,3,6,5,1,90,"mixed_population",1.66866687884355
100,3,6,5,1,91,"multinomial",1.41417949192926
100,3,6,5,1,91,"mixed",1.41076372709546
100,3,6,5,1,91,"mixed_population",1.40900385531548
100,3,6,5,1,92,"multinomial",1.59112994708955
100,3,6,5,1,92,"mixed",1.58581736863914
100,3,6,5,1,92,"mixed_population",1.58581793130324
100,3,6,5,1,93,"multinomial",1.60044401002207
100,3,6,5,1,93,"mixed",1.58453851724484
100,3,6,5,1,93,"mixed_population",1.58453852116602
100,3,6,5,1,94,"multinomial",1.4464061748969
100,3,6,5,1,94,"mixed",1.4385275455223
100,3,6,5,1,94,"mixed_population",1.43852754744513
100,3,6,5,1,95,"multinomial",1.44032302323174
100,3,6,5,1,95,"mixed",1.43767762309346
100,3,6,5,1,95,"mixed_population",1.43600812098767
100,3,6,5,1,96,"multinomial",1.54072612633508
100,3,6,5,1,96,"mixed",1.53394927210704
100,3,6,5,1,96,"mixed_population",1.53273826082013
100,3,6,5,1,97,"multinomial",1.41158113050739
100,3,6,5,1,97,"mixed",1.40381431092369
100,3,6,5,1,97,"mixed_population",1.40308890385717
100,3,6,5,1,98,"multinomial",1.4326181400949
100,3,6,5,1,98,"mixed",1.42776863238663
100,3,6,5,1,98,"mixed_population",1.42776863788388
100,3,6,5,1,99,"multinomial",1.42920107876219
100,3,6,5,1,99,"mixed",1.42385181308059
100,3,6,5,1,99,"mixed_population",1.42216173465867
100,3,6,5,1,100,"multinomial",1.52679381170842
100,3,6,5,1,100,"mixed",1.51801677681972
100,3,6,5,1,100,"mixed_population",1.51801766049647
100,3,6,5,10,1,"multinomial",2.97298286667021
100,3,6,5,10,1,"mixed",3.14499466874083
100,3,6,5,10,1,"mixed_population",2.94277001436177
100,3,6,5,10,2,"multinomial",2.90864374515898
100,3,6,5,10,2,"mixed",3.07452117896926
100,3,6,5,10,2,"mixed_population",2.87544938709887
100,3,6,5,10,3,"multinomial",2.95771714116204
100,3,6,5,10,3,"mixed",3.10348217694883
100,3,6,5,10,3,"mixed_population",2.94109349340388
100,3,6,5,10,4,"multinomial",2.99450382280729
100,3,6,5,10,4,"mixed",3.14995625932929
100,3,6,5,10,4,"mixed_population",2.97997850629114
100,3,6,5,10,5,"multinomial",2.97809529494333
100,3,6,5,10,5,"mixed",3.14144604376513
100,3,6,5,10,5,"mixed_population",2.93498315269173
100,3,6,5,10,6,"multinomial",3.04479572905214
100,3,6,5,10,6,"mixed",3.17068138003804
100,3,6,5,10,6,"mixed_population",3.00835348077262
100,3,6,5,10,7,"multinomial",3.0558629385176
100,3,6,5,10,7,"mixed",3.19978031968527
100,3,6,5,10,7,"mixed_population",2.9744362608735
100,3,6,5,10,8,"multinomial",2.95567205881441
100,3,6,5,10,8,"mixed",3.05182313535382
100,3,6,5,10,8,"mixed_population",2.88367955606607
100,3,6,5,10,9,"multinomial",2.98413327802634
100,3,6,5,10,9,"mixed",3.12197638715501
100,3,6,5,10,9,"mixed_population",2.9175896128176
100,3,6,5,10,10,"multinomial",2.89686109504345
100,3,6,5,10,10,"mixed",2.99005058517055
100,3,6,5,10,10,"mixed_population",2.86312969418428
100,3,6,5,10,11,"multinomial",3.05711699564963
100,3,6,5,10,11,"mixed",3.28581368176679
100,3,6,5,10,11,"mixed_population",3.00625441282447
100,3,6,5,10,12,"multinomial",3.00281827102124
100,3,6,5,10,12,"mixed",3.16213377619165
100,3,6,5,10,12,"mixed_population",2.95279234333587
100,3,6,5,10,13,"multinomial",2.94162221547019
100,3,6,5,10,13,"mixed",3.1312751019714
100,3,6,5,10,13,"mixed_population",2.90727705080011
100,3,6,5,10,14,"multinomial",2.96854012387656
100,3,6,5,10,14,"mixed",3.11377077396272
100,3,6,5,10,14,"mixed_population",2.9640977503904
100,3,6,5,10,15,"multinomial",3.02059963031119
100,3,6,5,10,15,"mixed",3.17472251894502
100,3,6,5,10,15,"mixed_population",2.97615823305935
100,3,6,5,10,16,"multinomial",3.05737565755083
100,3,6,5,10,16,"mixed",3.22279673921525
100,3,6,5,10,16,"mixed_population",3.00613052844192
100,3,6,5,10,17,"multinomial",3.03380667669414
100,3,6,5,10,17,"mixed",3.17052354600564
100,3,6,5,10,17,"mixed_population",2.98979462364884
100,3,6,5,10,18,"multinomial",2.95719614457601
100,3,6,5,10,18,"mixed",3.09262644983727
100,3,6,5,10,18,"mixed_population",2.9169069307812
100,3,6,5,10,19,"multinomial",2.97466507764396
100,3,6,5,10,19,"mixed",3.1029579588308
100,3,6,5,10,19,"mixed_population",2.93610268075342
100,3,6,5,10,20,"multinomial",3.00214122138089
100,3,6,5,10,20,"mixed",3.19512346510932
100,3,6,5,10,20,"mixed_population",2.96404183887721
100,3,6,5,10,21,"multinomial",2.95412172078138
100,3,6,5,10,21,"mixed",3.08664040799405
100,3,6,5,10,21,"mixed_population",2.92906514569028
100,3,6,5,10,22,"multinomial",2.93972983657691
100,3,6,5,10,22,"mixed",3.08035577102692
100,3,6,5,10,22,"mixed_population",2.90176064950948
100,3,6,5,10,23,"multinomial",2.93522597698787
100,3,6,5,10,23,"mixed",3.07438004111549
100,3,6,5,10,23,"mixed_population",2.91481044508538
100,3,6,5,10,24,"multinomial",2.98328167134775
100,3,6,5,10,24,"mixed",3.15135881952302
100,3,6,5,10,24,"mixed_population",2.9516310246215
100,3,6,5,10,25,"multinomial",2.97532015619483
100,3,6,5,10,25,"mixed",3.22207330014969
100,3,6,5,10,25,"mixed_population",2.94484812975613
100,3,6,5,10,26,"multinomial",3.02236297969106
100,3,6,5,10,26,"mixed",3.19084362246613
100,3,6,5,10,26,"mixed_population",2.97192631294576
100,3,6,5,10,27,"multinomial",2.91936189578133
100,3,6,5,10,27,"mixed",3.01229410056359
100,3,6,5,10,27,"mixed_population",2.87113766921224
100,3,6,5,10,28,"multinomial",2.97385942559412
100,3,6,5,10,28,"mixed",3.27532779469946
100,3,6,5,10,28,"mixed_population",2.91035998691099
100,3,6,5,10,29,"multinomial",2.88820299309494
100,3,6,5,10,29,"mixed",3.09938425981881
100,3,6,5,10,29,"mixed_population",2.86480636450496
100,3,6,5,10,30,"multinomial",2.98979163306802
100,3,6,5,10,30,"mixed",3.07115128327992
100,3,6,5,10,30,"mixed_population",2.91934633357585
100,3,6,5,10,31,"multinomial",3.03078282723175
100,3,6,5,10,31,"mixed",3.29043579014114
100,3,6,5,10,31,"mixed_population",3.01706334700142
100,3,6,5,10,32,"multinomial",2.98105288330489
100,3,6,5,10,32,"mixed",3.22164992252856
100,3,6,5,10,32,"mixed_population",2.95746334091171
100,3,6,5,10,33,"multinomial",2.98486009997883
100,3,6,5,10,33,"mixed",3.13307885002061
100,3,6,5,10,33,"mixed_population",2.93569161337439
100,3,6,5,10,34,"multinomial",3.0419095671446
100,3,6,5,10,34,"mixed",3.13733469519619
100,3,6,5,10,34,"mixed_population",3.01981431100554
100,3,6,5,10,35,"multinomial",2.97735910685617
100,3,6,5,10,35,"mixed",3.19688903732323
100,3,6,5,10,35,"mixed_population",2.95399464942106
100,3,6,5,10,36,"multinomial",2.97379856169687
100,3,6,5,10,36,"mixed",3.17658186604322
100,3,6,5,10,36,"mixed_population",2.94398306951406
100,3,6,5,10,37,"multinomial",3.02799702555184
100,3,6,5,10,37,"mixed",3.16948895502489
100,3,6,5,10,37,"mixed_population",2.98849908145128
100,3,6,5,10,38,"multinomial",3.05844717767862
100,3,6,5,10,38,"mixed",3.2113480942498
100,3,6,5,10,38,"mixed_population",3.04342578841257
100,3,6,5,10,39,"multinomial",3.07778663480805
100,3,6,5,10,39,"mixed",3.20530499545707
100,3,6,5,10,39,"mixed_population",3.03509328558157
100,3,6,5,10,40,"multinomial",3.0579944191314
100,3,6,5,10,40,"mixed",3.17843979941098
100,3,6,5,10,40,"mixed_population",3.00492332475136
100,3,6,5,10,41,"multinomial",2.96301508222073
100,3,6,5,10,41,"mixed",3.20074722384054
100,3,6,5,10,41,"mixed_population",2.93556665241709
100,3,6,5,10,42,"multinomial",3.06391248473791
100,3,6,5,10,42,"mixed",3.21386300422897
100,3,6,5,10,42,"mixed_population",3.00065184609092
100,3,6,5,10,43,"multinomial",3.08679548414388
100,3,6,5,10,43,"mixed",3.3004056124972
100,3,6,5,10,43,"mixed_population",3.06789625190137
100,3,6,5,10,44,"multinomial",2.99553487369377
100,3,6,5,10,44,"mixed",3.08616993638557
100,3,6,5,10,44,"mixed_population",2.94029921152027
100,3,6,5,10,45,"multinomial",3.06555130365136
100,3,6,5,10,45,"mixed",3.25962034183775
100,3,6,5,10,45,"mixed_population",3.00943982581355
100,3,6,5,10,46,"multinomial",3.01036387515572
100,3,6,5,10,46,"mixed",3.1827400184619
100,3,6,5,10,46,"mixed_population",2.98456742027496
100,3,6,5,10,47,"multinomial",2.98120024394082
100,3,6,5,10,47,"mixed",3.20287263847688
100,3,6,5,10,47,"mixed_population",2.98711060545258
100,3,6,5,10,48,"multinomial",2.91317502960807
100,3,6,5,10,48,"mixed",3.11525197033832
100,3,6,5,10,48,"mixed_population",2.90867455375037
100,3,6,5,10,49,"multinomial",3.06158193243803
100,3,6,5,10,49,"mixed",3.18761241102814
100,3,6,5,10,49,"mixed_population",3.0242387094047
100,3,6,5,10,50,"multinomial",3.06738192562578
100,3,6,5,10,50,"mixed",3.25279723042001
100,3,6,5,10,50,"mixed_population",3.03325088214564
100,3,6,5,10,51,"multinomial",3.02093105531784
100,3,6,5,10,51,"mixed",3.12474628971745
100,3,6,5,10,51,"mixed_population",2.97183758024413
100,3,6,5,10,52,"multinomial",2.99751131914076
100,3,6,5,10,52,"mixed",3.1737219263013
100,3,6,5,10,52,"mixed_population",2.95742489347515
100,3,6,5,10,53,"multinomial",3.08522714462516
100,3,6,5,10,53,"mixed",3.26877369152298
100,3,6,5,10,53,"mixed_population",3.0508894840715
100,3,6,5,10,54,"multinomial",3.04384631711845
100,3,6,5,10,54,"mixed",3.17748418143789
100,3,6,5,10,54,"mixed_population",3.02427454142743
100,3,6,5,10,55,"multinomial",2.98041435960595
100,3,6,5,10,55,"mixed",3.09800212237192
100,3,6,5,10,55,"mixed_population",2.94381094192929
100,3,6,5,10,56,"multinomial",3.02039051742453
100,3,6,5,10,56,"mixed",3.17078264801528
100,3,6,5,10,56,"mixed_population",2.9968330899802
100,3,6,5,10,57,"multinomial",3.02725386449821
100,3,6,5,10,57,"mixed",3.19293360795972
100,3,6,5,10,57,"mixed_population",2.92432014097224
100,3,6,5,10,58,"multinomial",2.9813799109485
100,3,6,5,10,58,"mixed",3.0116425448458
100,3,6,5,10,58,"mixed_population",2.92690861577348
100,3,6,5,10,59,"multinomial",2.8970944279604
100,3,6,5,10,59,"mixed",3.09414116086387
100,3,6,5,10,59,"mixed_population",2.86828917270692
100,3,6,5,10,60,"multinomial",2.96624046648978
100,3,6,5,10,60,"mixed",3.1836220530634
100,3,6,5,10,60,"mixed_population",2.94715147506256
100,3,6,5,10,61,"multinomial",3.0688951636632
100,3,6,5,10,61,"mixed",3.20798569041154
100,3,6,5,10,61,"mixed_population",3.01214942818952
100,3,6,5,10,62,"multinomial",3.05007465672604
100,3,6,5,10,62,"mixed",3.14188027639226
100,3,6,5,10,62,"mixed_population",2.9748178467372
100,3,6,5,10,63,"multinomial",2.92121290034426
100,3,6,5,10,63,"mixed",3.24954466543809
100,3,6,5,10,63,"mixed_population",2.88715560585642
100,3,6,5,10,64,"multinomial",2.93774134175277
100,3,6,5,10,64,"mixed",3.13525150341278
100,3,6,5,10,64,"mixed_population",2.89301135061606
100,3,6,5,10,65,"multinomial",2.95459796066035
100,3,6,5,10,65,"mixed",3.14118211056872
100,3,6,5,10,65,"mixed_population",2.930676431739
100,3,6,5,10,66,"multinomial",2.96155558851052
100,3,6,5,10,66,"mixed",3.05856428981748
100,3,6,5,10,66,"mixed_population",2.9085531030516
100,3,6,5,10,67,"multinomial",3.00104551306306
100,3,6,5,10,67,"mixed",3.14573836956569
100,3,6,5,10,67,"mixed_population",2.94545265528901
100,3,6,5,10,68,"multinomial",3.05542708869931
100,3,6,5,10,68,"mixed",3.2549694420164
100,3,6,5,10,68,"mixed_population",3.03756258039532
100,3,6,5,10,69,"multinomial",3.00905327803735
100,3,6,5,10,69,"mixed",3.12905918429058
100,3,6,5,10,69,"mixed_population",2.96995030990585
100,3,6,5,10,70,"multinomial",3.03037473005614
100,3,6,5,10,70,"mixed",3.16426539672947
100,3,6,5,10,70,"mixed_population",2.9731498368094
100,3,6,5,10,71,"multinomial",2.99628857504258
100,3,6,5,10,71,"mixed",3.22576602010794
100,3,6,5,10,71,"mixed_population",2.97218337180959
100,3,6,5,10,72,"multinomial",3.11131254399966
100,3,6,5,10,72,"mixed",3.29355978045315
100,3,6,5,10,72,"mixed_population",3.08274415985662
100,3,6,5,10,73,"multinomial",3.0640362490293
100,3,6,5,10,73,"mixed",3.25151613294392
100,3,6,5,10,73,"mixed_population",3.02852869917003
100,3,6,5,10,74,"multinomial",2.87582758367638
100,3,6,5,10,74,"mixed",3.09187543657679
100,3,6,5,10,74,"mixed_population",2.84858526683409
100,3,6,5,10,75,"multinomial",2.9987762486852
100,3,6,5,10,75,"mixed",3.14555116417467
100,3,6,5,10,75,"mixed_population",2.97730563727743
100,3,6,5,10,76,"multinomial",3.0550535581069
100,3,6,5,10,76,"mixed",3.22857428181455
100,3,6,5,10,76,"mixed_population",3.02119145898996
100,3,6,5,10,77,"multinomial",2.91699872855253
100,3,6,5,10,77,"mixed",3.02969891836715
100,3,6,5,10,77,"mixed_population",2.8919452025171
100,3,6,5,10,78,"multinomial",2.96170370647905
100,3,6,5,10,78,"mixed",3.18272438483076
100,3,6,5,10,78,"mixed_population",2.93662257214549
100,3,6,5,10,79,"multinomial",2.97277357335216
100,3,6,5,10,79,"mixed",3.10212180866715
100,3,6,5,10,79,"mixed_population",2.94570226808382
100,3,6,5,10,80,"multinomial",3.05642269224328
100,3,6,5,10,80,"mixed",3.23197740108828
100,3,6,5,10,80,"mixed_population",3.04255072409897
100,3,6,5,10,81,"multinomial",3.03600783726296
100,3,6,5,10,81,"mixed",3.21927791918522
100,3,6,5,10,81,"mixed_population",3.00273709551333
100,3,6,5,10,82,"multinomial",2.99010491599908
100,3,6,5,10,82,"mixed",3.10160773681295
100,3,6,5,10,82,"mixed_population",2.95083749288351
100,3,6,5,10,83,"multinomial",3.00594104670934
100,3,6,5,10,83,"mixed",3.1554272194288
100,3,6,5,10,83,"mixed_population",2.97939078553838
100,3,6,5,10,84,"multinomial",3.14842997308345
100,3,6,5,10,84,"mixed",3.24580012301004
100,3,6,5,10,84,"mixed_population",3.11153470199357
100,3,6,5,10,85,"multinomial",2.91001454541302
100,3,6,5,10,85,"mixed",3.09585909260371
100,3,6,5,10,85,"mixed_population",2.8918632673614
100,3,6,5,10,86,"multinomial",2.92971718291546
100,3,6,5,10,86,"mixed",3.03812363761023
100,3,6,5,10,86,"mixed_population",2.87192522812525
100,3,6,5,10,87,"multinomial",2.90282503670007
100,3,6,5,10,87,"mixed",3.11771349370872
100,3,6,5,10,87,"mixed_population",2.88819303626931
100,3,6,5,10,88,"multinomial",2.97563949425117
100,3,6,5,10,88,"mixed",3.1362512435531
100,3,6,5,10,88,"mixed_population",2.95678293640465
100,3,6,5,10,89,"multinomial",3.05837855317816
100,3,6,5,10,89,"mixed",3.22534077556051
100,3,6,5,10,89,"mixed_population",3.02336788871849
100,3,6,5,10,90,"multinomial",3.03741518992638
100,3,6,5,10,90,"mixed",3.25423655121789
100,3,6,5,10,90,"mixed_population",2.99226668254427
100,3,6,5,10,91,"multinomial",3.11006172884326
100,3,6,5,10,91,"mixed",3.30368229501255
100,3,6,5,10,91,"mixed_population",3.05682468595919
100,3,6,5,10,92,"multinomial",2.97246610769383
100,3,6,5,10,92,"mixed",3.11189973435875
100,3,6,5,10,92,"mixed_population",2.9338879477477
100,3,6,5,10,93,"multinomial",2.98997114496419
100,3,6,5,10,93,"mixed",3.25095439044718
100,3,6,5,10,93,"mixed_population",2.95882873969565
100,3,6,5,10,94,"multinomial",2.8830118725503
100,3,6,5,10,94,"mixed",2.99723870679953
100,3,6,5,10,94,"mixed_population",2.86132563045094
100,3,6,5,10,95,"multinomial",2.98711726032865
100,3,6,5,10,95,"mixed",3.16218197025692
100,3,6,5,10,95,"mixed_population",2.96291650772461
100,3,6,5,10,96,"multinomial",2.99010147384246
100,3,6,5,10,96,"mixed",3.18125074887654
100,3,6,5,10,96,"mixed_population",2.97752476791257
100,3,6,5,10,97,"multinomial",2.90964477605378
100,3,6,5,10,97,"mixed",3.02212885756322
100,3,6,5,10,97,"mixed_population",2.85850284694135
100,3,6,5,10,98,"multinomial",3.03571416843954
100,3,6,5,10,98,"mixed",3.20315974309441
100,3,6,5,10,98,"mixed_population",2.98738916029808
100,3,6,5,10,99,"multinomial",3.01007920690546
100,3,6,5,10,99,"mixed",3.23799660084345
100,3,6,5,10,99,"mixed_population",2.97416674418423
100,3,6,5,10,100,"multinomial",3.08130422357864
100,3,6,5,10,100,"mixed",3.20837665093339
100,3,6,5,10,100,"mixed_population",3.06045604402208
100,3,6,15,0.01,1,"multinomial",1.67197441926443
100,3,6,15,0.01,1,"mixed",1.66895709162001
100,3,6,15,0.01,1,"mixed_population",1.66895708966363
100,3,6,15,0.01,2,"multinomial",1.85300954715618
100,3,6,15,0.01,2,"mixed",1.84918143481778
100,3,6,15,0.01,2,"mixed_population",1.84918140418577
100,3,6,15,0.01,3,"multinomial",1.83241368566881
100,3,6,15,0.01,3,"mixed",1.8284377285706
100,3,6,15,0.01,3,"mixed_population",1.82843772789929
100,3,6,15,0.01,4,"multinomial",1.89739386826661
100,3,6,15,0.01,4,"mixed",1.89567991982042
100,3,6,15,0.01,4,"mixed_population",1.89411024159477
100,3,6,15,0.01,5,"multinomial",1.88457518419969
100,3,6,15,0.01,5,"mixed",1.88264722028298
100,3,6,15,0.01,5,"mixed_population",1.88264722197532
100,3,6,15,0.01,6,"multinomial",1.80100816752584
100,3,6,15,0.01,6,"mixed",1.79950199938608
100,3,6,15,0.01,6,"mixed_population",1.79950199393179
100,3,6,15,0.01,7,"multinomial",1.7097328618057
100,3,6,15,0.01,7,"mixed",1.7063438561508
100,3,6,15,0.01,7,"mixed_population",1.70508453657902
100,3,6,15,0.01,8,"multinomial",1.77534522731679
100,3,6,15,0.01,8,"mixed",1.77001424458096
100,3,6,15,0.01,8,"mixed_population",1.77001425174571
100,3,6,15,0.01,9,"multinomial",1.77440241091524
100,3,6,15,0.01,9,"mixed",1.77102376583885
100,3,6,15,0.01,9,"mixed_population",1.77102376108845
100,3,6,15,0.01,10,"multinomial",1.84668740887548
100,3,6,15,0.01,10,"mixed",1.84332122257777
100,3,6,15,0.01,10,"mixed_population",1.84332122027595
100,3,6,15,0.01,11,"multinomial",1.76771151865449
100,3,6,15,0.01,11,"mixed",1.76528780043208
100,3,6,15,0.01,11,"mixed_population",1.76528782546226
100,3,6,15,0.01,12,"multinomial",1.77346867397031
100,3,6,15,0.01,12,"mixed",1.76928024275116
100,3,6,15,0.01,12,"mixed_population",1.76928047763518
100,3,6,15,0.01,13,"multinomial",1.80312895503075
100,3,6,15,0.01,13,"mixed",1.80098660434123
100,3,6,15,0.01,13,"mixed_population",1.80098659349837
100,3,6,15,0.01,14,"multinomial",1.85490384260649
100,3,6,15,0.01,14,"mixed",1.84744170388015
100,3,6,15,0.01,14,"mixed_population",1.84744170227529
100,3,6,15,0.01,15,"multinomial",1.84861138016253
100,3,6,15,0.01,15,"mixed",1.84334964251693
100,3,6,15,0.01,15,"mixed_population",1.84334964292057
100,3,6,15,0.01,16,"multinomial",1.80372684574237
100,3,6,15,0.01,16,"mixed",1.79896143071082
100,3,6,15,0.01,16,"mixed_population",1.79896132898971
100,3,6,15,0.01,17,"multinomial",1.90471195087727
100,3,6,15,0.01,17,"mixed",1.90226916375064
100,3,6,15,0.01,17,"mixed_population",1.90142646233979
100,3,6,15,0.01,18,"multinomial",1.81842472088482
100,3,6,15,0.01,18,"mixed",1.81391379981779
100,3,6,15,0.01,18,"mixed_population",1.81391379977027
100,3,6,15,0.01,19,"multinomial",1.71204128476803
100,3,6,15,0.01,19,"mixed",1.7126003170856
100,3,6,15,0.01,19,"mixed_population",1.7126003172155
100,3,6,15,0.01,20,"multinomial",1.84812428769604
100,3,6,15,0.01,20,"mixed",1.84676807193284
100,3,6,15,0.01,20,"mixed_population",1.84676779080453
100,3,6,15,0.01,21,"multinomial",1.69445673676205
100,3,6,15,0.01,21,"mixed",1.69457948465885
100,3,6,15,0.01,21,"mixed_population",1.69457931598411
100,3,6,15,0.01,22,"multinomial",1.91420517634019
100,3,6,15,0.01,22,"mixed",1.91271564241037
100,3,6,15,0.01,22,"mixed_population",1.91271529135391
100,3,6,15,0.01,23,"multinomial",1.78632154422105
100,3,6,15,0.01,23,"mixed",1.7847753670372
100,3,6,15,0.01,23,"mixed_population",1.78477537529345
100,3,6,15,0.01,24,"multinomial",1.84668791684417
100,3,6,15,0.01,24,"mixed",1.84359207232897
100,3,6,15,0.01,24,"mixed_population",1.84359207259157
100,3,6,15,0.01,25,"multinomial",1.82149474721471
100,3,6,15,0.01,25,"mixed",1.82106330539232
100,3,6,15,0.01,25,"mixed_population",1.82106288369555
100,3,6,15,0.01,26,"multinomial",1.85672301919848
100,3,6,15,0.01,26,"mixed",1.85196519763836
100,3,6,15,0.01,26,"mixed_population",1.85196519716643
100,3,6,15,0.01,27,"multinomial",1.86489620661203
100,3,6,15,0.01,27,"mixed",1.86083591147815
100,3,6,15,0.01,27,"mixed_population",1.85928444063391
100,3,6,15,0.01,28,"multinomial",1.81484868630316
100,3,6,15,0.01,28,"mixed",1.81159859243532
100,3,6,15,0.01,28,"mixed_population",1.81159856885072
100,3,6,15,0.01,29,"multinomial",1.88960186779521
100,3,6,15,0.01,29,"mixed",1.88550543112215
100,3,6,15,0.01,29,"mixed_population",1.88550543272375
100,3,6,15,0.01,30,"multinomial",1.81694587923126
100,3,6,15,0.01,30,"mixed",1.81480463798256
100,3,6,15,0.01,30,"mixed_population",1.81480464654196
100,3,6,15,0.01,31,"multinomial",1.72943309193762
100,3,6,15,0.01,31,"mixed",1.72718138066274
100,3,6,15,0.01,31,"mixed_population",1.72718733217028
100,3,6,15,0.01,32,"multinomial",1.84147493051444
100,3,6,15,0.01,32,"mixed",1.83689647825467
100,3,6,15,0.01,32,"mixed_population",1.8368769994392
100,3,6,15,0.01,33,"multinomial",1.67223834007126
100,3,6,15,0.01,33,"mixed",1.66975449405364
100,3,6,15,0.01,33,"mixed_population",1.66975450137269
100,3,6,15,0.01,34,"multinomial",1.83774264486296
100,3,6,15,0.01,34,"mixed",1.83597281829337
100,3,6,15,0.01,34,"mixed_population",1.83597295225909
100,3,6,15,0.01,35,"multinomial",1.89079029540922
100,3,6,15,0.01,35,"mixed",1.88140261847564
100,3,6,15,0.01,35,"mixed_population",1.88140261873558
100,3,6,15,0.01,36,"multinomial",1.80096858172459
100,3,6,15,0.01,36,"mixed",1.79896013398599
100,3,6,15,0.01,36,"mixed_population",1.79896027110534
100,3,6,15,0.01,37,"multinomial",1.92436350498478
100,3,6,15,0.01,37,"mixed",1.91996552590816
100,3,6,15,0.01,37,"mixed_population",1.91996552590925
100,3,6,15,0.01,38,"multinomial",1.81893186360558
100,3,6,15,0.01,38,"mixed",1.81610402105672
100,3,6,15,0.01,38,"mixed_population",1.81610397900562
100,3,6,15,0.01,39,"multinomial",1.73320696195761
100,3,6,15,0.01,39,"mixed",1.73058329570889
100,3,6,15,0.01,39,"mixed_population",1.73058331714472
100,3,6,15,0.01,40,"multinomial",1.71616416780282
100,3,6,15,0.01,40,"mixed",1.71325710563428
100,3,6,15,0.01,40,"mixed_population",1.7132571045255
100,3,6,15,0.01,41,"multinomial",1.74839851002769
100,3,6,15,0.01,41,"mixed",1.74550150462136
100,3,6,15,0.01,41,"mixed_population",1.74550150016901
100,3,6,15,0.01,42,"multinomial",1.80681974647968
100,3,6,15,0.01,42,"mixed",1.80311091899722
100,3,6,15,0.01,42,"mixed_population",1.80311106789446
100,3,6,15,0.01,43,"multinomial",1.96947250398275
100,3,6,15,0.01,43,"mixed",1.96465167605589
100,3,6,15,0.01,43,"mixed_population",1.96438175570138
100,3,6,15,0.01,44,"multinomial",1.66889519070539
100,3,6,15,0.01,44,"mixed",1.66652139009283
100,3,6,15,0.01,44,"mixed_population",1.66652138858319
100,3,6,15,0.01,45,"multinomial",1.72493672915653
100,3,6,15,0.01,45,"mixed",1.72120702917128
100,3,6,15,0.01,45,"mixed_population",1.72120703080413
100,3,6,15,0.01,46,"multinomial",1.87648780787691
100,3,6,15,0.01,46,"mixed",1.87313418895478
100,3,6,15,0.01,46,"mixed_population",1.87313416627957
100,3,6,15,0.01,47,"multinomial",1.84465656379804
100,3,6,15,0.01,47,"mixed",1.84250096207721
100,3,6,15,0.01,47,"mixed_population",1.84250099331721
100,3,6,15,0.01,48,"multinomial",1.88488528126723
100,3,6,15,0.01,48,"mixed",1.8798132497185
100,3,6,15,0.01,48,"mixed_population",1.87981393790447
100,3,6,15,0.01,49,"multinomial",1.8511914970384
100,3,6,15,0.01,49,"mixed",1.84535099742268
100,3,6,15,0.01,49,"mixed_population",1.84535143806189
100,3,6,15,0.01,50,"multinomial",1.76819312089424
100,3,6,15,0.01,50,"mixed",1.76593262958739
100,3,6,15,0.01,50,"mixed_population",1.76593260157916
100,3,6,15,0.01,51,"multinomial",1.83588836482343
100,3,6,15,0.01,51,"mixed",1.83490933392298
100,3,6,15,0.01,51,"mixed_population",1.83490935186287
100,3,6,15,0.01,52,"multinomial",1.81765531223614
100,3,6,15,0.01,52,"mixed",1.81632735508087
100,3,6,15,0.01,52,"mixed_population",1.81632735288294
100,3,6,15,0.01,53,"multinomial",1.88555433374291
100,3,6,15,0.01,53,"mixed",1.88094475766042
100,3,6,15,0.01,53,"mixed_population",1.88094452746612
100,3,6,15,0.01,54,"multinomial",1.90081038149797
100,3,6,15,0.01,54,"mixed",1.89809336145491
100,3,6,15,0.01,54,"mixed_population",1.89809336488422
100,3,6,15,0.01,55,"multinomial",1.79378182056054
100,3,6,15,0.01,55,"mixed",1.7913765584966
100,3,6,15,0.01,55,"mixed_population",1.79137655531081
100,3,6,15,0.01,56,"multinomial",1.8447504453524
100,3,6,15,0.01,56,"mixed",1.84270240306037
100,3,6,15,0.01,56,"mixed_population",1.84270241000362
100,3,6,15,0.01,57,"multinomial",1.87419174916899
100,3,6,15,0.01,57,"mixed",1.86958353109127
100,3,6,15,0.01,57,"mixed_population",1.86958353991551
100,3,6,15,0.01,58,"multinomial",1.81341027071633
100,3,6,15,0.01,58,"mixed",1.81139239990976
100,3,6,15,0.01,58,"mixed_population",1.81139240024949
100,3,6,15,0.01,59,"multinomial",1.82210479705806
100,3,6,15,0.01,59,"mixed",1.82304600035099
100,3,6,15,0.01,59,"mixed_population",1.82304600393177
100,3,6,15,0.01,60,"multinomial",1.6569974202242
100,3,6,15,0.01,60,"mixed",1.65342898557757
100,3,6,15,0.01,60,"mixed_population",1.65342895605632
100,3,6,15,0.01,61,"multinomial",1.80023312901448
100,3,6,15,0.01,61,"mixed",1.79733871798907
100,3,6,15,0.01,61,"mixed_population",1.79733871071417
100,3,6,15,0.01,62,"multinomial",1.87527321304714
100,3,6,15,0.01,62,"mixed",1.87466719401554
100,3,6,15,0.01,62,"mixed_population",1.87466717426891
100,3,6,15,0.01,63,"multinomial",1.75131928495625
100,3,6,15,0.01,63,"mixed",1.7458460445973
100,3,6,15,0.01,63,"mixed_population",1.74584604489277
100,3,6,15,0.01,64,"multinomial",1.75102127550761
100,3,6,15,0.01,64,"mixed",1.74488112290845
100,3,6,15,0.01,64,"mixed_population",1.74488110284389
100,3,6,15,0.01,65,"multinomial",1.79212668788118
100,3,6,15,0.01,65,"mixed",1.78952083184478
100,3,6,15,0.01,65,"mixed_population",1.78952085657123
100,3,6,15,0.01,66,"multinomial",1.73879383637833
100,3,6,15,0.01,66,"mixed",1.73791621061301
100,3,6,15,0.01,66,"mixed_population",1.73791620891108
100,3,6,15,0.01,67,"multinomial",1.86740155281734
100,3,6,15,0.01,67,"mixed",1.86141803719871
100,3,6,15,0.01,67,"mixed_population",1.86141801917101
100,3,6,15,0.01,68,"multinomial",1.74049489420237
100,3,6,15,0.01,68,"mixed",1.73548239051316
100,3,6,15,0.01,68,"mixed_population",1.735482421536
100,3,6,15,0.01,69,"multinomial",1.8803855095452
100,3,6,15,0.01,69,"mixed",1.87744962402108
100,3,6,15,0.01,69,"mixed_population",1.87744962050925
100,3,6,15,0.01,70,"multinomial",1.81101224618667
100,3,6,15,0.01,70,"mixed",1.80988289948989
100,3,6,15,0.01,70,"mixed_population",1.80988289978654
100,3,6,15,0.01,71,"multinomial",1.86677180080903
100,3,6,15,0.01,71,"mixed",1.86353126298572
100,3,6,15,0.01,71,"mixed_population",1.86353143725749
100,3,6,15,0.01,72,"multinomial",1.8266325978445
100,3,6,15,0.01,72,"mixed",1.82528207647281
100,3,6,15,0.01,72,"mixed_population",1.82528208068266
100,3,6,15,0.01,73,"multinomial",1.68298777536612
100,3,6,15,0.01,73,"mixed",1.67898164834653
100,3,6,15,0.01,73,"mixed_population",1.67898165700063
100,3,6,15,0.01,74,"multinomial",1.73948068206837
100,3,6,15,0.01,74,"mixed",1.73735394165021
100,3,6,15,0.01,74,"mixed_population",1.73689549501594
100,3,6,15,0.01,75,"multinomial",1.78503519714397
100,3,6,15,0.01,75,"mixed",1.78434243902033
100,3,6,15,0.01,75,"mixed_population",1.78434243904804
100,3,6,15,0.01,76,"multinomial",1.84501559563224
100,3,6,15,0.01,76,"mixed",1.84137993663933
100,3,6,15,0.01,76,"mixed_population",1.84137993783201
100,3,6,15,0.01,77,"multinomial",1.75353490529446
100,3,6,15,0.01,77,"mixed",1.74717613513022
100,3,6,15,0.01,77,"mixed_population",1.74717613488394
100,3,6,15,0.01,78,"multinomial",1.75985374129433
100,3,6,15,0.01,78,"mixed",1.75566909936868
100,3,6,15,0.01,78,"mixed_population",1.75566888674474
100,3,6,15,0.01,79,"multinomial",1.89643289669384
100,3,6,15,0.01,79,"mixed",1.89157703915214
100,3,6,15,0.01,79,"mixed_population",1.89157703975755
100,3,6,15,0.01,80,"multinomial",1.8853229326558
100,3,6,15,0.01,80,"mixed",1.88084142243146
100,3,6,15,0.01,80,"mixed_population",1.88048464010013
100,3,6,15,0.01,81,"multinomial",1.72360727820965
100,3,6,15,0.01,81,"mixed",1.71797173490066
100,3,6,15,0.01,81,"mixed_population",1.7179717298545
100,3,6,15,0.01,82,"multinomial",2.00575549282646
100,3,6,15,0.01,82,"mixed",2.00076244235167
100,3,6,15,0.01,82,"mixed_population",2.00076233022668
100,3,6,15,0.01,83,"multinomial",1.79706286487461
100,3,6,15,0.01,83,"mixed",1.79379778874647
100,3,6,15,0.01,83,"mixed_population",1.79379779472321
100,3,6,15,0.01,84,"multinomial",1.68575396677009
100,3,6,15,0.01,84,"mixed",1.68369089166636
100,3,6,15,0.01,84,"mixed_population",1.68369081820176
100,3,6,15,0.01,85,"multinomial",1.76880676595218
100,3,6,15,0.01,85,"mixed",1.76765699497179
100,3,6,15,0.01,85,"mixed_population",1.76765694369376
100,3,6,15,0.01,86,"multinomial",1.86703341065785
100,3,6,15,0.01,86,"mixed",1.85988393968064
100,3,6,15,0.01,86,"mixed_population",1.85988394551881
100,3,6,15,0.01,87,"multinomial",1.73417094220822
100,3,6,15,0.01,87,"mixed",1.73213969609641
100,3,6,15,0.01,87,"mixed_population",1.73213969615904
100,3,6,15,0.01,88,"multinomial",1.78702704554991
100,3,6,15,0.01,88,"mixed",1.78225823864825
100,3,6,15,0.01,88,"mixed_population",1.78225823472194
100,3,6,15,0.01,89,"multinomial",1.76517075596037
100,3,6,15,0.01,89,"mixed",1.76105805425687
100,3,6,15,0.01,89,"mixed_population",1.76105817273589
100,3,6,15,0.01,90,"multinomial",1.88728102008798
100,3,6,15,0.01,90,"mixed",1.88198363919003
100,3,6,15,0.01,90,"mixed_population",1.88198363223654
100,3,6,15,0.01,91,"multinomial",1.76514935067009
100,3,6,15,0.01,91,"mixed",1.76168270632896
100,3,6,15,0.01,91,"mixed_population",1.76168270605986
100,3,6,15,0.01,92,"multinomial",1.76407636297043
100,3,6,15,0.01,92,"mixed",1.76368773348215
100,3,6,15,0.01,92,"mixed_population",1.7636877327302
100,3,6,15,0.01,93,"multinomial",1.86708096710007
100,3,6,15,0.01,93,"mixed",1.86325062619649
100,3,6,15,0.01,93,"mixed_population",1.8632504772778
100,3,6,15,0.01,94,"multinomial",1.83411527462773
100,3,6,15,0.01,94,"mixed",1.8330623789208
100,3,6,15,0.01,94,"mixed_population",1.83306238356772
100,3,6,15,0.01,95,"multinomial",1.84145718725363
100,3,6,15,0.01,95,"mixed",1.83817924129965
100,3,6,15,0.01,95,"mixed_population",1.83817924263213
100,3,6,15,0.01,96,"multinomial",1.86493332265575
100,3,6,15,0.01,96,"mixed",1.85862037599149
100,3,6,15,0.01,96,"mixed_population",1.85862037540483
100,3,6,15,0.01,97,"multinomial",1.73080382513868
100,3,6,15,0.01,97,"mixed",1.72921216557626
100,3,6,15,0.01,97,"mixed_population",1.7292121769321
100,3,6,15,0.01,98,"multinomial",1.7477787818008
100,3,6,15,0.01,98,"mixed",1.74400734258835
100,3,6,15,0.01,98,"mixed_population",1.74400743591661
100,3,6,15,0.01,99,"multinomial",1.8002164476594
100,3,6,15,0.01,99,"mixed",1.79269824320298
100,3,6,15,0.01,99,"mixed_population",1.79269824199121
100,3,6,15,0.01,100,"multinomial",1.80023250475022
100,3,6,15,0.01,100,"mixed",1.794987447264
100,3,6,15,0.01,100,"mixed_population",1.79498744984808
100,3,6,15,0.1,1,"multinomial",1.66328658152079
100,3,6,15,0.1,1,"mixed",1.66218757598825
100,3,6,15,0.1,1,"mixed_population",1.66218750449045
100,3,6,15,0.1,2,"multinomial",1.96956814748968
100,3,6,15,0.1,2,"mixed",1.9674452773827
100,3,6,15,0.1,2,"mixed_population",1.96744527349524
100,3,6,15,0.1,3,"multinomial",1.72231740135111
100,3,6,15,0.1,3,"mixed",1.72065169490465
100,3,6,15,0.1,3,"mixed_population",1.72065155333655
100,3,6,15,0.1,4,"multinomial",1.86868555505983
100,3,6,15,0.1,4,"mixed",1.86500747133007
100,3,6,15,0.1,4,"mixed_population",1.86500744373308
100,3,6,15,0.1,5,"multinomial",1.79420239620855
100,3,6,15,0.1,5,"mixed",1.78882194271309
100,3,6,15,0.1,5,"mixed_population",1.78882193863562
100,3,6,15,0.1,6,"multinomial",1.83130967919849
100,3,6,15,0.1,6,"mixed",1.82537795657447
100,3,6,15,0.1,6,"mixed_population",1.82537794381031
100,3,6,15,0.1,7,"multinomial",1.77657044571271
100,3,6,15,0.1,7,"mixed",1.77633147480058
100,3,6,15,0.1,7,"mixed_population",1.77633147773646
100,3,6,15,0.1,8,"multinomial",1.79335192354247
100,3,6,15,0.1,8,"mixed",1.78921666520752
100,3,6,15,0.1,8,"mixed_population",1.78921732926608
100,3,6,15,0.1,9,"multinomial",1.83556810109947
100,3,6,15,0.1,9,"mixed",1.83038667598256
100,3,6,15,0.1,9,"mixed_population",1.8303866783302
100,3,6,15,0.1,10,"multinomial",1.80772029862971
100,3,6,15,0.1,10,"mixed",1.80349807576293
100,3,6,15,0.1,10,"mixed_population",1.80349806344471
100,3,6,15,0.1,11,"multinomial",1.82174371071579
100,3,6,15,0.1,11,"mixed",1.82048652046404
100,3,6,15,0.1,11,"mixed_population",1.82048658623115
100,3,6,15,0.1,12,"multinomial",1.65622081974378
100,3,6,15,0.1,12,"mixed",1.65190132364724
100,3,6,15,0.1,12,"mixed_population",1.65190132319308
100,3,6,15,0.1,13,"multinomial",1.79345617046996
100,3,6,15,0.1,13,"mixed",1.79335497014267
100,3,6,15,0.1,13,"mixed_population",1.79316531834284
100,3,6,15,0.1,14,"multinomial",1.7285352025895
100,3,6,15,0.1,14,"mixed",1.72301326948965
100,3,6,15,0.1,14,"mixed_population",1.72301326971715
100,3,6,15,0.1,15,"multinomial",1.71729776063404
100,3,6,15,0.1,15,"mixed",1.71225168171433
100,3,6,15,0.1,15,"mixed_population",1.71225165109223
100,3,6,15,0.1,16,"multinomial",1.72143776308199
100,3,6,15,0.1,16,"mixed",1.71762599503263
100,3,6,15,0.1,16,"mixed_population",1.71762599086084
100,3,6,15,0.1,17,"multinomial",1.73489923414628
100,3,6,15,0.1,17,"mixed",1.73177495700643
100,3,6,15,0.1,17,"mixed_population",1.73177496199172
100,3,6,15,0.1,18,"multinomial",1.8164775379925
100,3,6,15,0.1,18,"mixed",1.8115692620258
100,3,6,15,0.1,18,"mixed_population",1.81156926012656
100,3,6,15,0.1,19,"multinomial",1.78952372679216
100,3,6,15,0.1,19,"mixed",1.78839853269747
100,3,6,15,0.1,19,"mixed_population",1.78839853659514
100,3,6,15,0.1,20,"multinomial",1.71919535997247
100,3,6,15,0.1,20,"mixed",1.71603715842778
100,3,6,15,0.1,20,"mixed_population",1.71603716005184
100,3,6,15,0.1,21,"multinomial",1.79292716881234
100,3,6,15,0.1,21,"mixed",1.78707331493326
100,3,6,15,0.1,21,"mixed_population",1.78707332496975
100,3,6,15,0.1,22,"multinomial",1.84512995505766
100,3,6,15,0.1,22,"mixed",1.83960705247293
100,3,6,15,0.1,22,"mixed_population",1.8396070192726
100,3,6,15,0.1,23,"multinomial",1.92602133369276
100,3,6,15,0.1,23,"mixed",1.92377246068293
100,3,6,15,0.1,23,"mixed_population",1.92377246059129
100,3,6,15,0.1,24,"multinomial",1.75786007095172
100,3,6,15,0.1,24,"mixed",1.75446741180469
100,3,6,15,0.1,24,"mixed_population",1.75446740445924
100,3,6,15,0.1,25,"multinomial",1.89367558271229
100,3,6,15,0.1,25,"mixed",1.88960154145019
100,3,6,15,0.1,25,"mixed_population",1.8896015596491
100,3,6,15,0.1,26,"multinomial",1.80086674403304
100,3,6,15,0.1,26,"mixed",1.79799101506263
100,3,6,15,0.1,26,"mixed_population",1.79799093676457
100,3,6,15,0.1,27,"multinomial",1.72497778389283
100,3,6,15,0.1,27,"mixed",1.72228577055623
100,3,6,15,0.1,27,"mixed_population",1.72228577094414
100,3,6,15,0.1,28,"multinomial",1.77065066850148
100,3,6,15,0.1,28,"mixed",1.76851988395805
100,3,6,15,0.1,28,"mixed_population",1.76852000693796
100,3,6,15,0.1,29,"multinomial",1.73186673433118
100,3,6,15,0.1,29,"mixed",1.73041628445349
100,3,6,15,0.1,29,"mixed_population",1.7290148746514
100,3,6,15,0.1,30,"multinomial",1.87326855442389
100,3,6,15,0.1,30,"mixed",1.87181520778104
100,3,6,15,0.1,30,"mixed_population",1.86977776034325
100,3,6,15,0.1,31,"multinomial",1.68274984910114
100,3,6,15,0.1,31,"mixed",1.68095350454526
100,3,6,15,0.1,31,"mixed_population",1.68095349834894
100,3,6,15,0.1,32,"multinomial",1.87582114299239
100,3,6,15,0.1,32,"mixed",1.8724052553405
100,3,6,15,0.1,32,"mixed_population",1.87240525560892
100,3,6,15,0.1,33,"multinomial",1.74665026263247
100,3,6,15,0.1,33,"mixed",1.74606871090078
100,3,6,15,0.1,33,"mixed_population",1.74606860301235
100,3,6,15,0.1,34,"multinomial",1.69061715560165
100,3,6,15,0.1,34,"mixed",1.69019962033134
100,3,6,15,0.1,34,"mixed_population",1.69019961502234
100,3,6,15,0.1,35,"multinomial",1.80043074744242
100,3,6,15,0.1,35,"mixed",1.79753841768466
100,3,6,15,0.1,35,"mixed_population",1.7975384212913
100,3,6,15,0.1,36,"multinomial",1.76486050132942
100,3,6,15,0.1,36,"mixed",1.76357148747381
100,3,6,15,0.1,36,"mixed_population",1.7635713950113
100,3,6,15,0.1,37,"multinomial",1.76725993767931
100,3,6,15,0.1,37,"mixed",1.76540067316236
100,3,6,15,0.1,37,"mixed_population",1.7654006728353
100,3,6,15,0.1,38,"multinomial",1.82699185933286
100,3,6,15,0.1,38,"mixed",1.82463630519123
100,3,6,15,0.1,38,"mixed_population",1.82463629666901
100,3,6,15,0.1,39,"multinomial",1.93201642372953
100,3,6,15,0.1,39,"mixed",1.92581293348009
100,3,6,15,0.1,39,"mixed_population",1.92581268373278
100,3,6,15,0.1,40,"multinomial",1.77260253371379
100,3,6,15,0.1,40,"mixed",1.76933682964265
100,3,6,15,0.1,40,"mixed_population",1.76933683512572
100,3,6,15,0.1,41,"multinomial",1.81446678064356
100,3,6,15,0.1,41,"mixed",1.80971474935741
100,3,6,15,0.1,41,"mixed_population",1.80971474876944
100,3,6,15,0.1,42,"multinomial",1.78816637770463
100,3,6,15,0.1,42,"mixed",1.78317324069395
100,3,6,15,0.1,42,"mixed_population",1.78317327493443
100,3,6,15,0.1,43,"multinomial",1.82316830098736
100,3,6,15,0.1,43,"mixed",1.82060662612561
100,3,6,15,0.1,43,"mixed_population",1.82060666070669
100,3,6,15,0.1,44,"multinomial",1.74551762316358
100,3,6,15,0.1,44,"mixed",1.7413760040599
100,3,6,15,0.1,44,"mixed_population",1.7413760037972
100,3,6,15,0.1,45,"multinomial",1.96182783068963
100,3,6,15,0.1,45,"mixed",1.95509330975211
100,3,6,15,0.1,45,"mixed_population",1.95509330729242
100,3,6,15,0.1,46,"multinomial",1.81052925708543
100,3,6,15,0.1,46,"mixed",1.80870620915075
100,3,6,15,0.1,46,"mixed_population",1.80870621762631
100,3,6,15,0.1,47,"multinomial",1.74983141503345
100,3,6,15,0.1,47,"mixed",1.7443273365639
100,3,6,15,0.1,47,"mixed_population",1.74432733671347
100,3,6,15,0.1,48,"multinomial",1.74960644455889
100,3,6,15,0.1,48,"mixed",1.74640308484133
100,3,6,15,0.1,48,"mixed_population",1.74640308482277
100,3,6,15,0.1,49,"multinomial",1.6515146069116
100,3,6,15,0.1,49,"mixed",1.64918744340074
100,3,6,15,0.1,49,"mixed_population",1.64918735320448
100,3,6,15,0.1,50,"multinomial",1.78984883625363
100,3,6,15,0.1,50,"mixed",1.78791854542646
100,3,6,15,0.1,50,"mixed_population",1.78791863480862
100,3,6,15,0.1,51,"multinomial",1.934802667021
100,3,6,15,0.1,51,"mixed",1.9243829185345
100,3,6,15,0.1,51,"mixed_population",1.9243830603888
100,3,6,15,0.1,52,"multinomial",1.92771734857589
100,3,6,15,0.1,52,"mixed",1.92514617176818
100,3,6,15,0.1,52,"mixed_population",1.92514616485867
100,3,6,15,0.1,53,"multinomial",1.85064797156704
100,3,6,15,0.1,53,"mixed",1.84879662991889
100,3,6,15,0.1,53,"mixed_population",1.84879662892224
100,3,6,15,0.1,54,"multinomial",1.8904155990449
100,3,6,15,0.1,54,"mixed",1.88797452779178
100,3,6,15,0.1,54,"mixed_population",1.88797454581705
100,3,6,15,0.1,55,"multinomial",1.71274293875828
100,3,6,15,0.1,55,"mixed",1.70584771111794
100,3,6,15,0.1,55,"mixed_population",1.70584771128778
100,3,6,15,0.1,56,"multinomial",1.82116023040817
100,3,6,15,0.1,56,"mixed",1.81987809103606
100,3,6,15,0.1,56,"mixed_population",1.81987807418027
100,3,6,15,0.1,57,"multinomial",1.67558247314791
100,3,6,15,0.1,57,"mixed",1.66907250240751
100,3,6,15,0.1,57,"mixed_population",1.66907249941143
100,3,6,15,0.1,58,"multinomial",1.92193219857211
100,3,6,15,0.1,58,"mixed",1.9179900780603
100,3,6,15,0.1,58,"mixed_population",1.91798997200677
100,3,6,15,0.1,59,"multinomial",1.89065954745321
100,3,6,15,0.1,59,"mixed",1.88478852439743
100,3,6,15,0.1,59,"mixed_population",1.88478866468919
100,3,6,15,0.1,60,"multinomial",1.6983825767824
100,3,6,15,0.1,60,"mixed",1.69589661790576
100,3,6,15,0.1,60,"mixed_population",1.69568120094294
100,3,6,15,0.1,61,"multinomial",1.79086631287238
100,3,6,15,0.1,61,"mixed",1.78865357943071
100,3,6,15,0.1,61,"mixed_population",1.78865357691313
100,3,6,15,0.1,62,"multinomial",1.66788339512103
100,3,6,15,0.1,62,"mixed",1.66591642385736
100,3,6,15,0.1,62,"mixed_population",1.665916425514
100,3,6,15,0.1,63,"multinomial",1.82813391480312
100,3,6,15,0.1,63,"mixed",1.82467088921704
100,3,6,15,0.1,63,"mixed_population",1.82467088964673
100,3,6,15,0.1,64,"multinomial",1.6792833045321
100,3,6,15,0.1,64,"mixed",1.6781901805738
100,3,6,15,0.1,64,"mixed_population",1.67819016737378
100,3,6,15,0.1,65,"multinomial",1.85720226108803
100,3,6,15,0.1,65,"mixed",1.85440658783902
100,3,6,15,0.1,65,"mixed_population",1.85440658513978
100,3,6,15,0.1,66,"multinomial",1.86550630232842
100,3,6,15,0.1,66,"mixed",1.86400745392544
100,3,6,15,0.1,66,"mixed_population",1.86400747365008
100,3,6,15,0.1,67,"multinomial",1.94016488484576
100,3,6,15,0.1,67,"mixed",1.93147148813068
100,3,6,15,0.1,67,"mixed_population",1.93147148812545
100,3,6,15,0.1,68,"multinomial",1.70126344872397
100,3,6,15,0.1,68,"mixed",1.69823894529197
100,3,6,15,0.1,68,"mixed_population",1.69823893932413
100,3,6,15,0.1,69,"multinomial",1.74739486174176
100,3,6,15,0.1,69,"mixed",1.7464563807898
100,3,6,15,0.1,69,"mixed_population",1.74645658229195
100,3,6,15,0.1,70,"multinomial",1.97119719795554
100,3,6,15,0.1,70,"mixed",1.96822341168528
100,3,6,15,0.1,70,"mixed_population",1.96822339463998
100,3,6,15,0.1,71,"multinomial",1.73150133472187
100,3,6,15,0.1,71,"mixed",1.72751075513195
100,3,6,15,0.1,71,"mixed_population",1.72749793156667
100,3,6,15,0.1,72,"multinomial",1.78649881835528
100,3,6,15,0.1,72,"mixed",1.78344229191156
100,3,6,15,0.1,72,"mixed_population",1.78344229484222
100,3,6,15,0.1,73,"multinomial",1.76078201674001
100,3,6,15,0.1,73,"mixed",1.75819303564548
100,3,6,15,0.1,73,"mixed_population",1.7581930287141
100,3,6,15,0.1,74,"multinomial",1.77525019531168
100,3,6,15,0.1,74,"mixed",1.77184444549842
100,3,6,15,0.1,74,"mixed_population",1.77184060125487
100,3,6,15,0.1,75,"multinomial",1.99265155584174
100,3,6,15,0.1,75,"mixed",1.98985246293083
100,3,6,15,0.1,75,"mixed_population",1.98985245841052
100,3,6,15,0.1,76,"multinomial",1.88321886243407
100,3,6,15,0.1,76,"mixed",1.88034515531492
100,3,6,15,0.1,76,"mixed_population",1.88034515693387
100,3,6,15,0.1,77,"multinomial",1.91599659280268
100,3,6,15,0.1,77,"mixed",1.91109394876087
100,3,6,15,0.1,77,"mixed_population",1.91109343018822
100,3,6,15,0.1,78,"multinomial",1.70562165211836
100,3,6,15,0.1,78,"mixed",1.70424433557328
100,3,6,15,0.1,78,"mixed_population",1.70424434361052
100,3,6,15,0.1,79,"multinomial",1.74094593786744
100,3,6,15,0.1,79,"mixed",1.73807446569466
100,3,6,15,0.1,79,"mixed_population",1.73807447005558
100,3,6,15,0.1,80,"multinomial",1.75403139206426
100,3,6,15,0.1,80,"mixed",1.75282579260438
100,3,6,15,0.1,80,"mixed_population",1.75282585790999
100,3,6,15,0.1,81,"multinomial",1.71235913370215
100,3,6,15,0.1,81,"mixed",1.70931144908471
100,3,6,15,0.1,81,"mixed_population",1.70931147141038
100,3,6,15,0.1,82,"multinomial",2.01400846228327
100,3,6,15,0.1,82,"mixed",2.00977656898453
100,3,6,15,0.1,82,"mixed_population",2.00897537773348
100,3,6,15,0.1,83,"multinomial",1.76861226079228
100,3,6,15,0.1,83,"mixed",1.76580499196656
100,3,6,15,0.1,83,"mixed_population",1.76580499122607
100,3,6,15,0.1,84,"multinomial",1.92766866171037
100,3,6,15,0.1,84,"mixed",1.92742456620111
100,3,6,15,0.1,84,"mixed_population",1.92701884591653
100,3,6,15,0.1,85,"multinomial",1.74990488271758
100,3,6,15,0.1,85,"mixed",1.74928028897609
100,3,6,15,0.1,85,"mixed_population",1.74931549476793
100,3,6,15,0.1,86,"multinomial",1.74742717411449
100,3,6,15,0.1,86,"mixed",1.74172890495937
100,3,6,15,0.1,86,"mixed_population",1.74172890060407
100,3,6,15,0.1,87,"multinomial",1.89016880742863
100,3,6,15,0.1,87,"mixed",1.88523054174117
100,3,6,15,0.1,87,"mixed_population",1.88523053362567
100,3,6,15,0.1,88,"multinomial",1.71431959674808
100,3,6,15,0.1,88,"mixed",1.71211474388487
100,3,6,15,0.1,88,"mixed_population",1.71211474655619
100,3,6,15,0.1,89,"multinomial",1.8262053407084
100,3,6,15,0.1,89,"mixed",1.82661104980513
100,3,6,15,0.1,89,"mixed_population",1.8266110544684
100,3,6,15,0.1,90,"multinomial",1.75343714750916
100,3,6,15,0.1,90,"mixed",1.75047538042451
100,3,6,15,0.1,90,"mixed_population",1.75047538463428
100,3,6,15,0.1,91,"multinomial",1.75340131058417
100,3,6,15,0.1,91,"mixed",1.74911274557842
100,3,6,15,0.1,91,"mixed_population",1.74911274591508
100,3,6,15,0.1,92,"multinomial",1.64179600559271
100,3,6,15,0.1,92,"mixed",1.63930616770855
100,3,6,15,0.1,92,"mixed_population",1.63930617002665
100,3,6,15,0.1,93,"multinomial",1.94082658039023
100,3,6,15,0.1,93,"mixed",1.94080579715089
100,3,6,15,0.1,93,"mixed_population",1.94080581205596
100,3,6,15,0.1,94,"multinomial",1.75143342910158
100,3,6,15,0.1,94,"mixed",1.75028915438971
100,3,6,15,0.1,94,"mixed_population",1.75028925195758
100,3,6,15,0.1,95,"multinomial",1.78134837245665
100,3,6,15,0.1,95,"mixed",1.77826594601399
100,3,6,15,0.1,95,"mixed_population",1.77826594590921
100,3,6,15,0.1,96,"multinomial",1.74296305987962
100,3,6,15,0.1,96,"mixed",1.73625376664034
100,3,6,15,0.1,96,"mixed_population",1.73625379828723
100,3,6,15,0.1,97,"multinomial",1.79844731483429
100,3,6,15,0.1,97,"mixed",1.7942869371293
100,3,6,15,0.1,97,"mixed_population",1.79428698329195
100,3,6,15,0.1,98,"multinomial",1.81873111235217
100,3,6,15,0.1,98,"mixed",1.81643434959334
100,3,6,15,0.1,98,"mixed_population",1.81643434620075
100,3,6,15,0.1,99,"multinomial",1.82409047954748
100,3,6,15,0.1,99,"mixed",1.82079636386719
100,3,6,15,0.1,99,"mixed_population",1.82079636425447
100,3,6,15,0.1,100,"multinomial",1.87652127388377
100,3,6,15,0.1,100,"mixed",1.87345784576242
100,3,6,15,0.1,100,"mixed_population",1.87300196205506
100,3,6,15,1,1,"multinomial",2.80102434510436
100,3,6,15,1,1,"mixed",2.82226974578766
100,3,6,15,1,1,"mixed_population",2.80467346680063
100,3,6,15,1,2,"multinomial",2.56337711835759
100,3,6,15,1,2,"mixed",2.58035027547007
100,3,6,15,1,2,"mixed_population",2.5665108220999
100,3,6,15,1,3,"multinomial",2.81459392078985
100,3,6,15,1,3,"mixed",2.83184100200992
100,3,6,15,1,3,"mixed_population",2.81226239506484
100,3,6,15,1,4,"multinomial",2.71647185964789
100,3,6,15,1,4,"mixed",2.74349929693895
100,3,6,15,1,4,"mixed_population",2.72637228989025
100,3,6,15,1,5,"multinomial",2.81471143791153
100,3,6,15,1,5,"mixed",2.83444160813561
100,3,6,15,1,5,"mixed_population",2.81369390205619
100,3,6,15,1,6,"multinomial",2.66130467279635
100,3,6,15,1,6,"mixed",2.68006659544884
100,3,6,15,1,6,"mixed_population",2.66474960949948
100,3,6,15,1,7,"multinomial",2.66809131122359
100,3,6,15,1,7,"mixed",2.67695587156258
100,3,6,15,1,7,"mixed_population",2.66093258877606
100,3,6,15,1,8,"multinomial",2.79554324091159
100,3,6,15,1,8,"mixed",2.82341107375439
100,3,6,15,1,8,"mixed_population",2.79620536028658
100,3,6,15,1,9,"multinomial",2.53876536518749
100,3,6,15,1,9,"mixed",2.5344588278726
100,3,6,15,1,9,"mixed_population",2.53447988958912
100,3,6,15,1,10,"multinomial",2.67336802339674
100,3,6,15,1,10,"mixed",2.72228287809079
100,3,6,15,1,10,"mixed_population",2.69530905057331
100,3,6,15,1,11,"multinomial",2.6127443816615
100,3,6,15,1,11,"mixed",2.62783741078486
100,3,6,15,1,11,"mixed_population",2.61392611897309
100,3,6,15,1,12,"multinomial",2.57284002028402
100,3,6,15,1,12,"mixed",2.57292747140364
100,3,6,15,1,12,"mixed_population",2.56410399487897
100,3,6,15,1,13,"multinomial",2.47965101862354
100,3,6,15,1,13,"mixed",2.46564555044813
100,3,6,15,1,13,"mixed_population",2.46317944246684
100,3,6,15,1,14,"multinomial",2.53176028997478
100,3,6,15,1,14,"mixed",2.54804170638244
100,3,6,15,1,14,"mixed_population",2.53090202217201
100,3,6,15,1,15,"multinomial",2.67497939094062
100,3,6,15,1,15,"mixed",2.68909597027484
100,3,6,15,1,15,"mixed_population",2.67557455806394
100,3,6,15,1,16,"multinomial",2.67206180333731
100,3,6,15,1,16,"mixed",2.68888898598327
100,3,6,15,1,16,"mixed_population",2.67366341021477
100,3,6,15,1,17,"multinomial",2.50657233215968
100,3,6,15,1,17,"mixed",2.51776575921721
100,3,6,15,1,17,"mixed_population",2.50845818464782
100,3,6,15,1,18,"multinomial",2.50335996774553
100,3,6,15,1,18,"mixed",2.50627699460225
100,3,6,15,1,18,"mixed_population",2.49659012650537
100,3,6,15,1,19,"multinomial",2.73289069757807
100,3,6,15,1,19,"mixed",2.74774090568156
100,3,6,15,1,19,"mixed_population",2.73516504482819
100,3,6,15,1,20,"multinomial",3.19792188909602
100,3,6,15,1,20,"mixed",3.232060625657
100,3,6,15,1,20,"mixed_population",3.19912298603527
100,3,6,15,1,21,"multinomial",2.50526570857286
100,3,6,15,1,21,"mixed",2.50182832237772
100,3,6,15,1,21,"mixed_population",2.50123726091593
100,3,6,15,1,22,"multinomial",2.81482163403994
100,3,6,15,1,22,"mixed",2.83866895234079
100,3,6,15,1,22,"mixed_population",2.81693751642511
100,3,6,15,1,23,"multinomial",2.86128746431245
100,3,6,15,1,23,"mixed",2.86942362371796
100,3,6,15,1,23,"mixed_population",2.85805214383612
100,3,6,15,1,24,"multinomial",2.70011885798796
100,3,6,15,1,24,"mixed",2.72680163070518
100,3,6,15,1,24,"mixed_population",2.7053296654978
100,3,6,15,1,25,"multinomial",2.8095605421021
100,3,6,15,1,25,"mixed",2.83599644433228
100,3,6,15,1,25,"mixed_population",2.81842340300836
100,3,6,15,1,26,"multinomial",2.50396485662141
100,3,6,15,1,26,"mixed",2.52377234851096
100,3,6,15,1,26,"mixed_population",2.51349155161929
100,3,6,15,1,27,"multinomial",2.50537893711924
100,3,6,15,1,27,"mixed",2.51452053425204
100,3,6,15,1,27,"mixed_population",2.50208788042146
100,3,6,15,1,28,"multinomial",2.73556759847843
100,3,6,15,1,28,"mixed",2.75874415811274
100,3,6,15,1,28,"mixed_population",2.74138104413968
100,3,6,15,1,29,"multinomial",2.65851452591527
100,3,6,15,1,29,"mixed",2.67254805369485
100,3,6,15,1,29,"mixed_population",2.66010132983135
100,3,6,15,1,30,"multinomial",2.69482516711638
100,3,6,15,1,30,"mixed",2.71165671000992
100,3,6,15,1,30,"mixed_population",2.69515089846264
100,3,6,15,1,31,"multinomial",2.78895774190475
100,3,6,15,1,31,"mixed",2.80997641393618
100,3,6,15,1,31,"mixed_population",2.79223272939699
100,3,6,15,1,32,"multinomial",2.82276554128462
100,3,6,15,1,32,"mixed",2.84931933762258
100,3,6,15,1,32,"mixed_population",2.82498788644587
100,3,6,15,1,33,"multinomial",2.81623663198122
100,3,6,15,1,33,"mixed",2.84078612854164
100,3,6,15,1,33,"mixed_population",2.82543921002053
100,3,6,15,1,34,"multinomial",2.60882175248646
100,3,6,15,1,34,"mixed",2.62544220390307
100,3,6,15,1,34,"mixed_population",2.61122046899769
100,3,6,15,1,35,"multinomial",2.56693363236071
100,3,6,15,1,35,"mixed",2.57761464700615
100,3,6,15,1,35,"mixed_population",2.56874826960917
100,3,6,15,1,36,"multinomial",2.82419799112607
100,3,6,15,1,36,"mixed",2.84998531524935
100,3,6,15,1,36,"mixed_population",2.82908468375656
100,3,6,15,1,37,"multinomial",2.62170011357198
100,3,6,15,1,37,"mixed",2.63890826988281
100,3,6,15,1,37,"mixed_population",2.62287017700801
100,3,6,15,1,38,"multinomial",2.70559503134603
100,3,6,15,1,38,"mixed",2.71895513227292
100,3,6,15,1,38,"mixed_population",2.71114497446317
100,3,6,15,1,39,"multinomial",2.78971078689292
100,3,6,15,1,39,"mixed",2.81925477686503
100,3,6,15,1,39,"mixed_population",2.79676499427316
100,3,6,15,1,40,"multinomial",2.56162136060756
100,3,6,15,1,40,"mixed",2.596982613923
100,3,6,15,1,40,"mixed_population",2.57775053382106
100,3,6,15,1,41,"multinomial",2.56938008821803
100,3,6,15,1,41,"mixed",2.59122009378516
100,3,6,15,1,41,"mixed_population",2.5734904670302
100,3,6,15,1,42,"multinomial",2.39358069874883
100,3,6,15,1,42,"mixed",2.40289227839537
100,3,6,15,1,42,"mixed_population",2.39359222677178
100,3,6,15,1,43,"multinomial",2.58400307180748
100,3,6,15,1,43,"mixed",2.6021334378519
100,3,6,15,1,43,"mixed_population",2.59162834533534
100,3,6,15,1,44,"multinomial",2.71428106724027
100,3,6,15,1,44,"mixed",2.72338690426276
100,3,6,15,1,44,"mixed_population",2.70371551800778
100,3,6,15,1,45,"multinomial",2.87193157107188
100,3,6,15,1,45,"mixed",2.89631912913704
100,3,6,15,1,45,"mixed_population",2.8783776336418
100,3,6,15,1,46,"multinomial",2.72313153999271
100,3,6,15,1,46,"mixed",2.74445267898281
100,3,6,15,1,46,"mixed_population",2.72707475498105
100,3,6,15,1,47,"multinomial",2.65377969783918
100,3,6,15,1,47,"mixed",2.66602551497935
100,3,6,15,1,47,"mixed_population",2.6571206758686
100,3,6,15,1,48,"multinomial",2.93256817943267
100,3,6,15,1,48,"mixed",2.96077040079347
100,3,6,15,1,48,"mixed_population",2.93917437019151
100,3,6,15,1,49,"multinomial",2.69532285293894
100,3,6,15,1,49,"mixed",2.70725851952984
100,3,6,15,1,49,"mixed_population",2.6949865792861
100,3,6,15,1,50,"multinomial",2.57717352248931
100,3,6,15,1,50,"mixed",2.60673971349904
100,3,6,15,1,50,"mixed_population",2.59296121564837
100,3,6,15,1,51,"multinomial",2.51735989687864
100,3,6,15,1,51,"mixed",2.53606780145409
100,3,6,15,1,51,"mixed_population",2.52807350793569
100,3,6,15,1,52,"multinomial",2.78110081609107
100,3,6,15,1,52,"mixed",2.79225499258502
100,3,6,15,1,52,"mixed_population",2.77355803723258
100,3,6,15,1,53,"multinomial",2.60253358628012
100,3,6,15,1,53,"mixed",2.61815600749177
100,3,6,15,1,53,"mixed_population",2.60232805152954
100,3,6,15,1,54,"multinomial",2.37644733060189
100,3,6,15,1,54,"mixed",2.37729676719784
100,3,6,15,1,54,"mixed_population",2.3758659489459
100,3,6,15,1,55,"multinomial",2.89029360763469
100,3,6,15,1,55,"mixed",2.91734886173566
100,3,6,15,1,55,"mixed_population",2.89273822782946
100,3,6,15,1,56,"multinomial",2.82371097859345
100,3,6,15,1,56,"mixed",2.83764176270681
100,3,6,15,1,56,"mixed_population",2.8228224854031
100,3,6,15,1,57,"multinomial",2.77963580496324
100,3,6,15,1,57,"mixed",2.78626271667118
100,3,6,15,1,57,"mixed_population",2.76888090179761
100,3,6,15,1,58,"multinomial",2.5819783321994
100,3,6,15,1,58,"mixed",2.59008658154124
100,3,6,15,1,58,"mixed_population",2.57823159500462
100,3,6,15,1,59,"multinomial",2.46429852089881
100,3,6,15,1,59,"mixed",2.46954636004663
100,3,6,15,1,59,"mixed_population",2.45804040670583
100,3,6,15,1,60,"multinomial",2.52250065704351
100,3,6,15,1,60,"mixed",2.53909670482806
100,3,6,15,1,60,"mixed_population",2.5272310383514
100,3,6,15,1,61,"multinomial",2.7871277908003
100,3,6,15,1,61,"mixed",2.81929104878426
100,3,6,15,1,61,"mixed_population",2.7931414830338
100,3,6,15,1,62,"multinomial",2.80533161435382
100,3,6,15,1,62,"mixed",2.8164638309799
100,3,6,15,1,62,"mixed_population",2.80576424231123
100,3,6,15,1,63,"multinomial",2.67034150172181
100,3,6,15,1,63,"mixed",2.68173318574436
100,3,6,15,1,63,"mixed_population",2.67187896651438
100,3,6,15,1,64,"multinomial",2.73751316177117
100,3,6,15,1,64,"mixed",2.76492530575135
100,3,6,15,1,64,"mixed_population",2.74365641681761
100,3,6,15,1,65,"multinomial",2.80376582508671
100,3,6,15,1,65,"mixed",2.81875493551798
100,3,6,15,1,65,"mixed_population",2.79352451413036
100,3,6,15,1,66,"multinomial",2.71178692613026
100,3,6,15,1,66,"mixed",2.72906373999931
100,3,6,15,1,66,"mixed_population",2.71382164005188
100,3,6,15,1,67,"multinomial",2.5288933396683
100,3,6,15,1,67,"mixed",2.5382126255851
100,3,6,15,1,67,"mixed_population",2.52889724529072
100,3,6,15,1,68,"multinomial",2.79681201663447
100,3,6,15,1,68,"mixed",2.82163433987475
100,3,6,15,1,68,"mixed_population",2.80196484232517
100,3,6,15,1,69,"multinomial",2.54113495879387
100,3,6,15,1,69,"mixed",2.55939934294553
100,3,6,15,1,69,"mixed_population",2.54597225716809
100,3,6,15,1,70,"multinomial",2.79570299079724
100,3,6,15,1,70,"mixed",2.82172744721663
100,3,6,15,1,70,"mixed_population",2.79833722941242
100,3,6,15,1,71,"multinomial",2.55141707910748
100,3,6,15,1,71,"mixed",2.57590228728754
100,3,6,15,1,71,"mixed_population",2.55913142267148
100,3,6,15,1,72,"multinomial",2.95581457702793
100,3,6,15,1,72,"mixed",2.98945052207527
100,3,6,15,1,72,"mixed_population",2.95853855223591
100,3,6,15,1,73,"multinomial",2.3685174596851
100,3,6,15,1,73,"mixed",2.37551449611636
100,3,6,15,1,73,"mixed_population",2.36828293741093
100,3,6,15,1,74,"multinomial",2.62034362738606
100,3,6,15,1,74,"mixed",2.63944961999687
100,3,6,15,1,74,"mixed_population",2.62678619902454
100,3,6,15,1,75,"multinomial",2.72498409438452
100,3,6,15,1,75,"mixed",2.74107854128109
100,3,6,15,1,75,"mixed_population",2.72899322058013
100,3,6,15,1,76,"multinomial",2.61366993450252
100,3,6,15,1,76,"mixed",2.62117408117396
100,3,6,15,1,76,"mixed_population",2.60525277206382
100,3,6,15,1,77,"multinomial",2.81270718853298
100,3,6,15,1,77,"mixed",2.84174934141631
100,3,6,15,1,77,"mixed_population",2.8141768423913
100,3,6,15,1,78,"multinomial",2.54960545308524
100,3,6,15,1,78,"mixed",2.58230551283895
100,3,6,15,1,78,"mixed_population",2.56037269155538
100,3,6,15,1,79,"multinomial",2.61700443420301
100,3,6,15,1,79,"mixed",2.63239995756374
100,3,6,15,1,79,"mixed_population",2.62007480007374
100,3,6,15,1,80,"multinomial",2.77269263615301
100,3,6,15,1,80,"mixed",2.80023490210096
100,3,6,15,1,80,"mixed_population",2.77602132057584
100,3,6,15,1,81,"multinomial",2.59559380369053
100,3,6,15,1,81,"mixed",2.60921207167588
100,3,6,15,1,81,"mixed_population",2.59607147616858
100,3,6,15,1,82,"multinomial",2.35559304336296
100,3,6,15,1,82,"mixed",2.36538180261567
100,3,6,15,1,82,"mixed_population",2.35687888908569
100,3,6,15,1,83,"multinomial",2.55565980907603
100,3,6,15,1,83,"mixed",2.56691318291932
100,3,6,15,1,83,"mixed_population",2.5551030156893
100,3,6,15,1,84,"multinomial",2.61328130656396
100,3,6,15,1,84,"mixed",2.62781131175079
100,3,6,15,1,84,"mixed_population",2.61570870107821
100,3,6,15,1,85,"multinomial",2.61732572380117
100,3,6,15,1,85,"mixed",2.62047659030581
100,3,6,15,1,85,"mixed_population",2.61137635494904
100,3,6,15,1,86,"multinomial",2.61867225941001
100,3,6,15,1,86,"mixed",2.63389925806835
100,3,6,15,1,86,"mixed_population",2.62025857724797
100,3,6,15,1,87,"multinomial",2.6242504302276
100,3,6,15,1,87,"mixed",2.64817166469292
100,3,6,15,1,87,"mixed_population",2.632000220872
100,3,6,15,1,88,"multinomial",2.58285181670232
100,3,6,15,1,88,"mixed",2.58980350193742
100,3,6,15,1,88,"mixed_population",2.58104761349244
100,3,6,15,1,89,"multinomial",2.45969695864835
100,3,6,15,1,89,"mixed",2.45944118009636
100,3,6,15,1,89,"mixed_population",2.45944562261855
100,3,6,15,1,90,"multinomial",2.75470582715345
100,3,6,15,1,90,"mixed",2.76198861466223
100,3,6,15,1,90,"mixed_population",2.75112325474264
100,3,6,15,1,91,"multinomial",2.86127094716287
100,3,6,15,1,91,"mixed",2.86902119382138
100,3,6,15,1,91,"mixed_population",2.85392631941427
100,3,6,15,1,92,"multinomial",2.625452593514
100,3,6,15,1,92,"mixed",2.64440167205347
100,3,6,15,1,92,"mixed_population",2.62754673613761
100,3,6,15,1,93,"multinomial",2.74528412262397
100,3,6,15,1,93,"mixed",2.77098124304207
100,3,6,15,1,93,"mixed_population",2.75912909857579
100,3,6,15,1,94,"multinomial",2.60774292200715
100,3,6,15,1,94,"mixed",2.62664260056782
100,3,6,15,1,94,"mixed_population",2.61288744685258
100,3,6,15,1,95,"multinomial",2.59885372766547
100,3,6,15,1,95,"mixed",2.61215230652503
100,3,6,15,1,95,"mixed_population",2.60087650057447
100,3,6,15,1,96,"multinomial",2.54560141492674
100,3,6,15,1,96,"mixed",2.5690921405337
100,3,6,15,1,96,"mixed_population",2.54808977250854
100,3,6,15,1,97,"multinomial",2.64153594619372
100,3,6,15,1,97,"mixed",2.67084086359479
100,3,6,15,1,97,"mixed_population",2.65355471316746
100,3,6,15,1,98,"multinomial",2.75135867183465
100,3,6,15,1,98,"mixed",2.76564703854438
100,3,6,15,1,98,"mixed_population",2.74756013148095
100,3,6,15,1,99,"multinomial",2.58688190695096
100,3,6,15,1,99,"mixed",2.60721742351717
100,3,6,15,1,99,"mixed_population",2.59310817019157
100,3,6,15,1,100,"multinomial",2.59155494439017
100,3,6,15,1,100,"mixed",2.6281045769379
100,3,6,15,1,100,"mixed_population",2.60886849311604
100,3,6,15,10,1,"multinomial",8.01255829361847
100,3,6,15,10,1,"mixed",8.47021338571558
100,3,6,15,10,1,"mixed_population",7.85432537001748
100,3,6,15,10,2,"multinomial",7.94930191727679
100,3,6,15,10,2,"mixed",8.8688612374508
100,3,6,15,10,2,"mixed_population",7.79628150946768
100,3,6,15,10,3,"multinomial",7.76889943793222
100,3,6,15,10,3,"mixed",8.3739223077811
100,3,6,15,10,3,"mixed_population",7.76425118141523
100,3,6,15,10,4,"multinomial",7.96494868670838
100,3,6,15,10,4,"mixed",8.96490910606252
100,3,6,15,10,4,"mixed_population",7.77870688107553
100,3,6,15,10,5,"multinomial",8.05089190715835
100,3,6,15,10,5,"mixed",9.09302416041218
100,3,6,15,10,5,"mixed_population",7.95467063653826
100,3,6,15,10,6,"multinomial",7.85444918124483
100,3,6,15,10,6,"mixed",8.55895295724167
100,3,6,15,10,6,"mixed_population",7.75340604770259
100,3,6,15,10,7,"multinomial",7.90203981866414
100,3,6,15,10,7,"mixed",8.80606892038474
100,3,6,15,10,7,"mixed_population",7.85334697710134
100,3,6,15,10,8,"multinomial",7.72305353139223
100,3,6,15,10,8,"mixed",8.37284568250297
100,3,6,15,10,8,"mixed_population",7.62207109432804
100,3,6,15,10,9,"multinomial",8.01929461009521
100,3,6,15,10,9,"mixed",8.60046446472189
100,3,6,15,10,9,"mixed_population",7.91001091952743
100,3,6,15,10,10,"multinomial",7.97248845290673
100,3,6,15,10,10,"mixed",8.80559085035773
100,3,6,15,10,10,"mixed_population",7.86866770575125
100,3,6,15,10,11,"multinomial",7.9258840411225
100,3,6,15,10,11,"mixed",8.54984564036166
100,3,6,15,10,11,"mixed_population",7.85209228156346
100,3,6,15,10,12,"multinomial",7.6911541038655
100,3,6,15,10,12,"mixed",8.40572556144522
100,3,6,15,10,12,"mixed_population",7.61225742632303
100,3,6,15,10,13,"multinomial",7.9287444593599
100,3,6,15,10,13,"mixed",8.6269144616734
100,3,6,15,10,13,"mixed_population",7.74965985128717
100,3,6,15,10,14,"multinomial",7.97737591580954
100,3,6,15,10,14,"mixed",8.99070856537741
100,3,6,15,10,14,"mixed_population",7.9324115782653
100,3,6,15,10,15,"multinomial",7.97239893643373
100,3,6,15,10,15,"mixed",8.72586003741084
100,3,6,15,10,15,"mixed_population",7.87739447230404
100,3,6,15,10,16,"multinomial",7.90082645208421
100,3,6,15,10,16,"mixed",8.85165338791424
100,3,6,15,10,16,"mixed_population",7.84283353961592
100,3,6,15,10,17,"multinomial",7.98164648146075
100,3,6,15,10,17,"mixed",8.7624257025642
100,3,6,15,10,17,"mixed_population",7.8709671537755
100,3,6,15,10,18,"multinomial",8.24291479711687
100,3,6,15,10,18,"mixed",8.79526106457339
100,3,6,15,10,18,"mixed_population",8.0929019122024
100,3,6,15,10,19,"multinomial",7.95733494277332
100,3,6,15,10,19,"mixed",8.58819937308191
100,3,6,15,10,19,"mixed_population",7.83431083813903
100,3,6,15,10,20,"multinomial",8.09213183028449
100,3,6,15,10,20,"mixed",8.6594583810291
100,3,6,15,10,20,"mixed_population",8.05306831729859
100,3,6,15,10,21,"multinomial",7.85792370265778
100,3,6,15,10,21,"mixed",8.35022173945045
100,3,6,15,10,21,"mixed_population",7.80469241641289
100,3,6,15,10,22,"multinomial",8.06919461822487
100,3,6,15,10,22,"mixed",8.6982463778655
100,3,6,15,10,22,"mixed_population",7.96923649538331
100,3,6,15,10,23,"multinomial",8.08688888135143
100,3,6,15,10,23,"mixed",8.97665863852737
100,3,6,15,10,23,"mixed_population",8.00344383960055
100,3,6,15,10,24,"multinomial",8.02891623920444
100,3,6,15,10,24,"mixed",8.78947176057472
100,3,6,15,10,24,"mixed_population",7.88741525785015
100,3,6,15,10,25,"multinomial",8.02948648198199
100,3,6,15,10,25,"mixed",8.79095884974214
100,3,6,15,10,25,"mixed_population",7.99042825111842
100,3,6,15,10,26,"multinomial",8.01374058526838
100,3,6,15,10,26,"mixed",8.70115583999173
100,3,6,15,10,26,"mixed_population",7.79937567473747
100,3,6,15,10,27,"multinomial",8.03888784788074
100,3,6,15,10,27,"mixed",8.75775546381503
100,3,6,15,10,27,"mixed_population",7.96956743216618
100,3,6,15,10,28,"multinomial",7.90643091776846
100,3,6,15,10,28,"mixed",8.43785009726431
100,3,6,15,10,28,"mixed_population",7.7521335768497
100,3,6,15,10,29,"multinomial",7.97778671332805
100,3,6,15,10,29,"mixed",8.67212706338875
100,3,6,15,10,29,"mixed_population",7.89245885718219
100,3,6,15,10,30,"multinomial",8.22087708732439
100,3,6,15,10,30,"mixed",8.78467174229193
100,3,6,15,10,30,"mixed_population",8.12377327035189
100,3,6,15,10,31,"multinomial",7.76112985005729
100,3,6,15,10,31,"mixed",8.46817730711777
100,3,6,15,10,31,"mixed_population",7.60395886337407
100,3,6,15,10,32,"multinomial",8.09192744061357
100,3,6,15,10,32,"mixed",8.76758760136508
100,3,6,15,10,32,"mixed_population",7.98735740499812
100,3,6,15,10,33,"multinomial",7.96578814162166
100,3,6,15,10,33,"mixed",8.58897104723663
100,3,6,15,10,33,"mixed_population",7.82046852881324
100,3,6,15,10,34,"multinomial",7.78532708717124
100,3,6,15,10,34,"mixed",8.37133000382862
100,3,6,15,10,34,"mixed_population",7.78003555877461
100,3,6,15,10,35,"multinomial",8.03845032941332
100,3,6,15,10,35,"mixed",8.5719908947857
100,3,6,15,10,35,"mixed_population",7.93449287079074
100,3,6,15,10,36,"multinomial",7.86579772978888
100,3,6,15,10,36,"mixed",8.68750541886543
100,3,6,15,10,36,"mixed_population",7.73866162197433
100,3,6,15,10,37,"multinomial",7.80122531916848
100,3,6,15,10,37,"mixed",8.19665213809044
100,3,6,15,10,37,"mixed_population",7.69854092026762
100,3,6,15,10,38,"multinomial",7.8699966851468
100,3,6,15,10,38,"mixed",8.81080135395945
100,3,6,15,10,38,"mixed_population",7.77317598206479
100,3,6,15,10,39,"multinomial",7.68059452043935
100,3,6,15,10,39,"mixed",8.40870616396252
100,3,6,15,10,39,"mixed_population",7.60206932581166
100,3,6,15,10,40,"multinomial",7.93147204876843
100,3,6,15,10,40,"mixed",8.71763141817523
100,3,6,15,10,40,"mixed_population",7.88835494793557
100,3,6,15,10,41,"multinomial",8.00975976743634
100,3,6,15,10,41,"mixed",8.51171144657295
100,3,6,15,10,41,"mixed_population",7.8735013109195
100,3,6,15,10,42,"multinomial",7.91129355204315
100,3,6,15,10,42,"mixed",8.58172806231872
100,3,6,15,10,42,"mixed_population",7.81912526238936
100,3,6,15,10,43,"multinomial",8.06047099867441
100,3,6,15,10,43,"mixed",8.51997413741741
100,3,6,15,10,43,"mixed_population",7.86583073910414
100,3,6,15,10,44,"multinomial",7.93967449688416
100,3,6,15,10,44,"mixed",8.74128824054854
100,3,6,15,10,44,"mixed_population",7.89966347316372
100,3,6,15,10,45,"multinomial",7.89618310557398
100,3,6,15,10,45,"mixed",8.44818851335924
100,3,6,15,10,45,"mixed_population",7.77222380020585
100,3,6,15,10,46,"multinomial",8.06682647259426
100,3,6,15,10,46,"mixed",8.62802397268027
100,3,6,15,10,46,"mixed_population",7.90450504733182
100,3,6,15,10,47,"multinomial",7.87263521852276
100,3,6,15,10,47,"mixed",8.65955029888948
100,3,6,15,10,47,"mixed_population",7.84036101076175
100,3,6,15,10,48,"multinomial",8.030192136288
100,3,6,15,10,48,"mixed",8.58804386671107
100,3,6,15,10,48,"mixed_population",7.92929488284904
100,3,6,15,10,49,"multinomial",7.93969964662108
100,3,6,15,10,49,"mixed",8.49047196836695
100,3,6,15,10,49,"mixed_population",7.8866442493888
100,3,6,15,10,50,"multinomial",7.80789058209655
100,3,6,15,10,50,"mixed",8.49902380694467
100,3,6,15,10,50,"mixed_population",7.72240503246668
100,3,6,15,10,51,"multinomial",7.95023798249666
100,3,6,15,10,51,"mixed",8.72284199516677
100,3,6,15,10,51,"mixed_population",7.88649462629996
100,3,6,15,10,52,"multinomial",7.99282106985409
100,3,6,15,10,52,"mixed",8.8109514521719
100,3,6,15,10,52,"mixed_population",7.94840173773087
100,3,6,15,10,53,"multinomial",8.01788894641601
100,3,6,15,10,53,"mixed",8.66687032096961
100,3,6,15,10,53,"mixed_population",7.9170238683424
100,3,6,15,10,54,"multinomial",7.88149558679571
100,3,6,15,10,54,"mixed",8.49929271193511
100,3,6,15,10,54,"mixed_population",7.83890103914909
100,3,6,15,10,55,"multinomial",7.65776944837589
100,3,6,15,10,55,"mixed",8.29468943817566
100,3,6,15,10,55,"mixed_population",7.60278377681498
100,3,6,15,10,56,"multinomial",7.8266699871559
100,3,6,15,10,56,"mixed",8.56589402735869
100,3,6,15,10,56,"mixed_population",7.78528282779648
100,3,6,15,10,57,"multinomial",7.82174894224879
100,3,6,15,10,57,"mixed",8.45503408010301
100,3,6,15,10,57,"mixed_population",7.6803321190571
100,3,6,15,10,58,"multinomial",8.19464844190461
100,3,6,15,10,58,"mixed",9.316121702816
100,3,6,15,10,58,"mixed_population",8.06678301602371
100,3,6,15,10,59,"multinomial",7.9190027194319
100,3,6,15,10,59,"mixed",8.39269786117029
100,3,6,15,10,59,"mixed_population",7.79705976205217
100,3,6,15,10,60,"multinomial",8.07534947196367
100,3,6,15,10,60,"mixed",8.49725336619996
100,3,6,15,10,60,"mixed_population",7.93830128495776
100,3,6,15,10,61,"multinomial",7.95259945428158
100,3,6,15,10,61,"mixed",8.72576697004384
100,3,6,15,10,61,"mixed_population",7.81141631988855
100,3,6,15,10,62,"multinomial",7.76675437710659
100,3,6,15,10,62,"mixed",8.24511018559607
100,3,6,15,10,62,"mixed_population",7.69357481526235
100,3,6,15,10,63,"multinomial",7.75069541361879
100,3,6,15,10,63,"mixed",8.41828506648206
100,3,6,15,10,63,"mixed_population",7.68806588330136
100,3,6,15,10,64,"multinomial",7.79452333873217
100,3,6,15,10,64,"mixed",8.53247097302646
100,3,6,15,10,64,"mixed_population",7.72908203112487
100,3,6,15,10,65,"multinomial",7.99239981178742
100,3,6,15,10,65,"mixed",8.69646141991568
100,3,6,15,10,65,"mixed_population",7.94937030412239
100,3,6,15,10,66,"multinomial",7.88374882325975
100,3,6,15,10,66,"mixed",8.49437572368638
100,3,6,15,10,66,"mixed_population",7.79327603714183
100,3,6,15,10,67,"multinomial",7.84491237092234
100,3,6,15,10,67,"mixed",8.79270416423374
100,3,6,15,10,67,"mixed_population",7.7684566081272
100,3,6,15,10,68,"multinomial",7.93753537836664
100,3,6,15,10,68,"mixed",8.62499976527491
100,3,6,15,10,68,"mixed_population",7.87955855758159
100,3,6,15,10,69,"multinomial",7.91332373314423
100,3,6,15,10,69,"mixed",8.71792809285309
100,3,6,15,10,69,"mixed_population",7.81568187936993
100,3,6,15,10,70,"multinomial",7.8363145943327
100,3,6,15,10,70,"mixed",8.42586259586508
100,3,6,15,10,70,"mixed_population",7.70326691736031
100,3,6,15,10,71,"multinomial",7.99429834715185
100,3,6,15,10,71,"mixed",8.66178959206705
100,3,6,15,10,71,"mixed_population",7.82340453780595
100,3,6,15,10,72,"multinomial",8.04073226867972
100,3,6,15,10,72,"mixed",8.97978667854105
100,3,6,15,10,72,"mixed_population",7.9661881399835
100,3,6,15,10,73,"multinomial",7.79971663346215
100,3,6,15,10,73,"mixed",8.59624202535608
100,3,6,15,10,73,"mixed_population",7.68574354572062
100,3,6,15,10,74,"multinomial",7.91654224172949
100,3,6,15,10,74,"mixed",8.63458430407566
100,3,6,15,10,74,"mixed_population",7.83497750414351
100,3,6,15,10,75,"multinomial",7.90193881019308
100,3,6,15,10,75,"mixed",8.72873837984158
100,3,6,15,10,75,"mixed_population",7.87773206086002
100,3,6,15,10,76,"multinomial",7.91554230400706
100,3,6,15,10,76,"mixed",8.78030760235704
100,3,6,15,10,76,"mixed_population",7.83948816809216
100,3,6,15,10,77,"multinomial",7.64681281434559
100,3,6,15,10,77,"mixed",8.1483596451042
100,3,6,15,10,77,"mixed_population",7.54270701251924
100,3,6,15,10,78,"multinomial",7.69294850419347
100,3,6,15,10,78,"mixed",8.2893679956865
100,3,6,15,10,78,"mixed_population",7.59509884097706
100,3,6,15,10,79,"multinomial",7.91708280406997
100,3,6,15,10,79,"mixed",8.50124310937043
100,3,6,15,10,79,"mixed_population",7.80147462885683
100,3,6,15,10,80,"multinomial",7.62817421427476
100,3,6,15,10,80,"mixed",8.19186730172551
100,3,6,15,10,80,"mixed_population",7.57259805866814
100,3,6,15,10,81,"multinomial",7.81107457435561
100,3,6,15,10,81,"mixed",8.293401765414
100,3,6,15,10,81,"mixed_population",7.74864913031305
100,3,6,15,10,82,"multinomial",8.11314822073465
100,3,6,15,10,82,"mixed",8.98073578116028
100,3,6,15,10,82,"mixed_population",8.03397636502985
100,3,6,15,10,83,"multinomial",8.07060346087956
100,3,6,15,10,83,"mixed",8.79101897035516
100,3,6,15,10,83,"mixed_population",8.01294344942925
100,3,6,15,10,84,"multinomial",8.20704144624886
100,3,6,15,10,84,"mixed",8.75409605268221
100,3,6,15,10,84,"mixed_population",8.15683113475823
100,3,6,15,10,85,"multinomial",7.99761993713135
100,3,6,15,10,85,"mixed",8.76078236655766
100,3,6,15,10,85,"mixed_population",7.9262516333017
100,3,6,15,10,86,"multinomial",7.99079125710561
100,3,6,15,10,86,"mixed",8.66529271481827
100,3,6,15,10,86,"mixed_population",7.91374644127834
100,3,6,15,10,87,"multinomial",7.80910760427252
100,3,6,15,10,87,"mixed",8.63353238345362
100,3,6,15,10,87,"mixed_population",7.77774260934703
100,3,6,15,10,88,"multinomial",8.04560918477503
100,3,6,15,10,88,"mixed",8.6485996936812
100,3,6,15,10,88,"mixed_population",7.8993709721686
100,3,6,15,10,89,"multinomial",7.89508877910584
100,3,6,15,10,89,"mixed",8.72008575244198
100,3,6,15,10,89,"mixed_population",7.85622060068782
100,3,6,15,10,90,"multinomial",8.0422497611033
100,3,6,15,10,90,"mixed",8.85792979444596
100,3,6,15,10,90,"mixed_population",7.92815742795446
100,3,6,15,10,91,"multinomial",7.74719034962339
100,3,6,15,10,91,"mixed",8.33055657117923
100,3,6,15,10,91,"mixed_population",7.72305710963993
100,3,6,15,10,92,"multinomial",7.94864619480946
100,3,6,15,10,92,"mixed",8.47039860110442
100,3,6,15,10,92,"mixed_population",7.83010070999676
100,3,6,15,10,93,"multinomial",7.87626514843258
100,3,6,15,10,93,"mixed",8.32582046877645
100,3,6,15,10,93,"mixed_population",7.72692014078782
100,3,6,15,10,94,"multinomial",8.29139982194124
100,3,6,15,10,94,"mixed",9.13992943644777
100,3,6,15,10,94,"mixed_population",8.13464409744292
100,3,6,15,10,95,"multinomial",7.94487715845075
100,3,6,15,10,95,"mixed",8.65827016706926
100,3,6,15,10,95,"mixed_population",7.83153441270465
100,3,6,15,10,96,"multinomial",8.127622960159
100,3,6,15,10,96,"mixed",8.84572854367537
100,3,6,15,10,96,"mixed_population",8.08284454008214
100,3,6,15,10,97,"multinomial",7.84221217451278
100,3,6,15,10,97,"mixed",8.47148331019338
100,3,6,15,10,97,"mixed_population",7.66416732391405
100,3,6,15,10,98,"multinomial",8.07216550668944
100,3,6,15,10,98,"mixed",8.98395494127253
100,3,6,15,10,98,"mixed_population",8.005950045159
100,3,6,15,10,99,"multinomial",8.11421768446258
100,3,6,15,10,99,"mixed",8.786612257743
100,3,6,15,10,99,"mixed_population",7.97457308544547
100,3,6,15,10,100,"multinomial",7.61669134403507
100,3,6,15,10,100,"mixed",8.16780823635873
100,3,6,15,10,100,"mixed_population",7.49292504890248
100,3,6,30,0.01,1,"multinomial",2.39815915990406
100,3,6,30,0.01,1,"mixed",2.39459614500093
100,3,6,30,0.01,1,"mixed_population",2.39459614008156
100,3,6,30,0.01,2,"multinomial",2.60036760635306
100,3,6,30,0.01,2,"mixed",2.59476291521557
100,3,6,30,0.01,2,"mixed_population",2.59476291785239
100,3,6,30,0.01,3,"multinomial",2.78225312823445
100,3,6,30,0.01,3,"mixed",2.77821297836011
100,3,6,30,0.01,3,"mixed_population",2.77821315191025
100,3,6,30,0.01,4,"multinomial",2.44761462321458
100,3,6,30,0.01,4,"mixed",2.44739915405705
100,3,6,30,0.01,4,"mixed_population",2.44739914419905
100,3,6,30,0.01,5,"multinomial",2.76634755972074
100,3,6,30,0.01,5,"mixed",2.76350583963702
100,3,6,30,0.01,5,"mixed_population",2.76350578057908
100,3,6,30,0.01,6,"multinomial",2.56090519240923
100,3,6,30,0.01,6,"mixed",2.55834653519532
100,3,6,30,0.01,6,"mixed_population",2.55834638973208
100,3,6,30,0.01,7,"multinomial",2.54760831956403
100,3,6,30,0.01,7,"mixed",2.54330816509615
100,3,6,30,0.01,7,"mixed_population",2.54330816509621
100,3,6,30,0.01,8,"multinomial",2.41457376791737
100,3,6,30,0.01,8,"mixed",2.41207398343913
100,3,6,30,0.01,8,"mixed_population",2.41207396239015
100,3,6,30,0.01,9,"multinomial",2.64793170496269
100,3,6,30,0.01,9,"mixed",2.64621485808094
100,3,6,30,0.01,9,"mixed_population",2.64621518662322
100,3,6,30,0.01,10,"multinomial",2.71282784862349
100,3,6,30,0.01,10,"mixed",2.70597225013944
100,3,6,30,0.01,10,"mixed_population",2.70597222197248
100,3,6,30,0.01,11,"multinomial",2.57934924712167
100,3,6,30,0.01,11,"mixed",2.57754755321934
100,3,6,30,0.01,11,"mixed_population",2.57754885939438
100,3,6,30,0.01,12,"multinomial",2.52876142311862
100,3,6,30,0.01,12,"mixed",2.52412715118186
100,3,6,30,0.01,12,"mixed_population",2.52412715116557
100,3,6,30,0.01,13,"multinomial",2.51018262279237
100,3,6,30,0.01,13,"mixed",2.50465862250851
100,3,6,30,0.01,13,"mixed_population",2.50465857815679
100,3,6,30,0.01,14,"multinomial",2.54508856102865
100,3,6,30,0.01,14,"mixed",2.54078021550664
100,3,6,30,0.01,14,"mixed_population",2.54078033912696
100,3,6,30,0.01,15,"multinomial",2.58578272943196
100,3,6,30,0.01,15,"mixed",2.58112468305103
100,3,6,30,0.01,15,"mixed_population",2.58139284052478
100,3,6,30,0.01,16,"multinomial",2.49115050197739
100,3,6,30,0.01,16,"mixed",2.48844958140371
100,3,6,30,0.01,16,"mixed_population",2.48844957874244
100,3,6,30,0.01,17,"multinomial",2.70424650931631
100,3,6,30,0.01,17,"mixed",2.70227875469981
100,3,6,30,0.01,17,"mixed_population",2.70227860815426
100,3,6,30,0.01,18,"multinomial",2.67066761285117
100,3,6,30,0.01,18,"mixed",2.66595176377201
100,3,6,30,0.01,18,"mixed_population",2.66595171958369
100,3,6,30,0.01,19,"multinomial",2.45803801605952
100,3,6,30,0.01,19,"mixed",2.45715915160437
100,3,6,30,0.01,19,"mixed_population",2.45715887038112
100,3,6,30,0.01,20,"multinomial",2.72617790756164
100,3,6,30,0.01,20,"mixed",2.72449375165071
100,3,6,30,0.01,20,"mixed_population",2.72440696486245
100,3,6,30,0.01,21,"multinomial",2.6651568810129
100,3,6,30,0.01,21,"mixed",2.66259062207477
100,3,6,30,0.01,21,"mixed_population",2.66265120349816
100,3,6,30,0.01,22,"multinomial",2.62383515023542
100,3,6,30,0.01,22,"mixed",2.61588592865828
100,3,6,30,0.01,22,"mixed_population",2.61588598847306
100,3,6,30,0.01,23,"multinomial",2.57537212734097
100,3,6,30,0.01,23,"mixed",2.57517518446049
100,3,6,30,0.01,23,"mixed_population",2.57517460182416
100,3,6,30,0.01,24,"multinomial",2.4789074299523
100,3,6,30,0.01,24,"mixed",2.47639774498332
100,3,6,30,0.01,24,"mixed_population",2.47505316690668
100,3,6,30,0.01,25,"multinomial",2.49913471238697
100,3,6,30,0.01,25,"mixed",2.49345942562832
100,3,6,30,0.01,25,"mixed_population",2.49345942407833
100,3,6,30,0.01,26,"multinomial",2.74578361469148
100,3,6,30,0.01,26,"mixed",2.74152771928113
100,3,6,30,0.01,26,"mixed_population",2.74153035037155
100,3,6,30,0.01,27,"multinomial",2.48974499351925
100,3,6,30,0.01,27,"mixed",2.48937525816666
100,3,6,30,0.01,27,"mixed_population",2.48937525685421
100,3,6,30,0.01,28,"multinomial",2.59084439363203
100,3,6,30,0.01,28,"mixed",2.58639467775773
100,3,6,30,0.01,28,"mixed_population",2.58627141037396
100,3,6,30,0.01,29,"multinomial",2.69512387160547
100,3,6,30,0.01,29,"mixed",2.68524999876831
100,3,6,30,0.01,29,"mixed_population",2.68525000079796
100,3,6,30,0.01,30,"multinomial",2.69710272086614
100,3,6,30,0.01,30,"mixed",2.6951077322038
100,3,6,30,0.01,30,"mixed_population",2.69510773362565
100,3,6,30,0.01,31,"multinomial",2.37742367050991
100,3,6,30,0.01,31,"mixed",2.37698769722702
100,3,6,30,0.01,31,"mixed_population",2.37698767001675
100,3,6,30,0.01,32,"multinomial",2.65718933246644
100,3,6,30,0.01,32,"mixed",2.65584667864929
100,3,6,30,0.01,32,"mixed_population",2.65582966090048
100,3,6,30,0.01,33,"multinomial",2.48241100188653
100,3,6,30,0.01,33,"mixed",2.4797947404529
100,3,6,30,0.01,33,"mixed_population",2.4797947404561
100,3,6,30,0.01,34,"multinomial",2.77491732853898
100,3,6,30,0.01,34,"mixed",2.76952198865479
100,3,6,30,0.01,34,"mixed_population",2.76976451820861
100,3,6,30,0.01,35,"multinomial",2.52480886653074
100,3,6,30,0.01,35,"mixed",2.52329764382244
100,3,6,30,0.01,35,"mixed_population",2.52329764407783
100,3,6,30,0.01,36,"multinomial",2.45949869890914
100,3,6,30,0.01,36,"mixed",2.45497446549894
100,3,6,30,0.01,36,"mixed_population",2.45497446537684
100,3,6,30,0.01,37,"multinomial",2.76728583443882
100,3,6,30,0.01,37,"mixed",2.76387322417983
100,3,6,30,0.01,37,"mixed_population",2.76387326341174
100,3,6,30,0.01,38,"multinomial",2.4416636000305
100,3,6,30,0.01,38,"mixed",2.43847058211768
100,3,6,30,0.01,38,"mixed_population",2.43847049550591
100,3,6,30,0.01,39,"multinomial",2.70377187967256
100,3,6,30,0.01,39,"mixed",2.69856600485403
100,3,6,30,0.01,39,"mixed_population",2.69834604960357
100,3,6,30,0.01,40,"multinomial",2.44927169024382
100,3,6,30,0.01,40,"mixed",2.44515376822159
100,3,6,30,0.01,40,"mixed_population",2.44515376767469
100,3,6,30,0.01,41,"multinomial",2.41482260685946
100,3,6,30,0.01,41,"mixed",2.40943387470429
100,3,6,30,0.01,41,"mixed_population",2.40943403517746
100,3,6,30,0.01,42,"multinomial",2.61162915733536
100,3,6,30,0.01,42,"mixed",2.60760270193619
100,3,6,30,0.01,42,"mixed_population",2.60760268074376
100,3,6,30,0.01,43,"multinomial",2.66874531997872
100,3,6,30,0.01,43,"mixed",2.66535397848833
100,3,6,30,0.01,43,"mixed_population",2.66499770661997
100,3,6,30,0.01,44,"multinomial",2.66810517188095
100,3,6,30,0.01,44,"mixed",2.66488736446149
100,3,6,30,0.01,44,"mixed_population",2.66488736449008
100,3,6,30,0.01,45,"multinomial",2.35130355303536
100,3,6,30,0.01,45,"mixed",2.34827124150737
100,3,6,30,0.01,45,"mixed_population",2.34827131913302
100,3,6,30,0.01,46,"multinomial",2.54918794583002
100,3,6,30,0.01,46,"mixed",2.54794526081634
100,3,6,30,0.01,46,"mixed_population",2.5479452436891
100,3,6,30,0.01,47,"multinomial",2.4558422760899
100,3,6,30,0.01,47,"mixed",2.45656274603118
100,3,6,30,0.01,47,"mixed_population",2.45656274439201
100,3,6,30,0.01,48,"multinomial",2.68514169253283
100,3,6,30,0.01,48,"mixed",2.68380295040341
100,3,6,30,0.01,48,"mixed_population",2.68380272643015
100,3,6,30,0.01,49,"multinomial",2.74339095649433
100,3,6,30,0.01,49,"mixed",2.74140851276865
100,3,6,30,0.01,49,"mixed_population",2.74140820059271
100,3,6,30,0.01,50,"multinomial",2.71777864590975
100,3,6,30,0.01,50,"mixed",2.71673973137302
100,3,6,30,0.01,50,"mixed_population",2.71673997364208
100,3,6,30,0.01,51,"multinomial",2.41130363379166
100,3,6,30,0.01,51,"mixed",2.41060883439287
100,3,6,30,0.01,51,"mixed_population",2.410372965376
100,3,6,30,0.01,52,"multinomial",2.2690078511756
100,3,6,30,0.01,52,"mixed",2.26864078711615
100,3,6,30,0.01,52,"mixed_population",2.26864078466169
100,3,6,30,0.01,53,"multinomial",2.53174081865647
100,3,6,30,0.01,53,"mixed",2.52918110966092
100,3,6,30,0.01,53,"mixed_population",2.52918115325443
100,3,6,30,0.01,54,"multinomial",2.40009493984895
100,3,6,30,0.01,54,"mixed",2.39803377630867
100,3,6,30,0.01,54,"mixed_population",2.39778287523652
100,3,6,30,0.01,55,"multinomial",2.64573285722221
100,3,6,30,0.01,55,"mixed",2.64719745912808
100,3,6,30,0.01,55,"mixed_population",2.64719729198272
100,3,6,30,0.01,56,"multinomial",2.681994436903
100,3,6,30,0.01,56,"mixed",2.67941451446092
100,3,6,30,0.01,56,"mixed_population",2.67941443836068
100,3,6,30,0.01,57,"multinomial",2.40000867146936
100,3,6,30,0.01,57,"mixed",2.39945279208389
100,3,6,30,0.01,57,"mixed_population",2.39945269566958
100,3,6,30,0.01,58,"multinomial",2.44394394081003
100,3,6,30,0.01,58,"mixed",2.44370604485603
100,3,6,30,0.01,58,"mixed_population",2.44370604247926
100,3,6,30,0.01,59,"multinomial",2.45513751880958
100,3,6,30,0.01,59,"mixed",2.45450706534248
100,3,6,30,0.01,59,"mixed_population",2.45450706308511
100,3,6,30,0.01,60,"multinomial",2.47468599625721
100,3,6,30,0.01,60,"mixed",2.47288233736628
100,3,6,30,0.01,60,"mixed_population",2.47288231219633
100,3,6,30,0.01,61,"multinomial",2.60721110838609
100,3,6,30,0.01,61,"mixed",2.60407892329952
100,3,6,30,0.01,61,"mixed_population",2.60407891757252
100,3,6,30,0.01,62,"multinomial",2.45970361558469
100,3,6,30,0.01,62,"mixed",2.45470165475638
100,3,6,30,0.01,62,"mixed_population",2.45470280899219
100,3,6,30,0.01,63,"multinomial",2.37692536526371
100,3,6,30,0.01,63,"mixed",2.37378641930983
100,3,6,30,0.01,63,"mixed_population",2.37378641898195
100,3,6,30,0.01,64,"multinomial",2.44056788515893
100,3,6,30,0.01,64,"mixed",2.43838049850521
100,3,6,30,0.01,64,"mixed_population",2.43833005423658
100,3,6,30,0.01,65,"multinomial",2.74329866176421
100,3,6,30,0.01,65,"mixed",2.73894611908555
100,3,6,30,0.01,65,"mixed_population",2.73894663715887
100,3,6,30,0.01,66,"multinomial",2.55176921327519
100,3,6,30,0.01,66,"mixed",2.54926590535197
100,3,6,30,0.01,66,"mixed_population",2.54926592342143
100,3,6,30,0.01,67,"multinomial",2.46913673636474
100,3,6,30,0.01,67,"mixed",2.46484221167097
100,3,6,30,0.01,67,"mixed_population",2.46484221527744
100,3,6,30,0.01,68,"multinomial",2.66507941970825
100,3,6,30,0.01,68,"mixed",2.66446177672246
100,3,6,30,0.01,68,"mixed_population",2.6644619757742
100,3,6,30,0.01,69,"multinomial",2.52194517728658
100,3,6,30,0.01,69,"mixed",2.5182733461652
100,3,6,30,0.01,69,"mixed_population",2.51827333320004
100,3,6,30,0.01,70,"multinomial",2.47311195709613
100,3,6,30,0.01,70,"mixed",2.47028928003864
100,3,6,30,0.01,70,"mixed_population",2.47028928018493
100,3,6,30,0.01,71,"multinomial",2.43875421430404
100,3,6,30,0.01,71,"mixed",2.43740660486355
100,3,6,30,0.01,71,"mixed_population",2.4374065760192
100,3,6,30,0.01,72,"multinomial",2.64091076863594
100,3,6,30,0.01,72,"mixed",2.63924069952444
100,3,6,30,0.01,72,"mixed_population",2.63924058758467
100,3,6,30,0.01,73,"multinomial",2.61734439506964
100,3,6,30,0.01,73,"mixed",2.61741707472554
100,3,6,30,0.01,73,"mixed_population",2.61721682852883
100,3,6,30,0.01,74,"multinomial",2.46528128036438
100,3,6,30,0.01,74,"mixed",2.46212204172667
100,3,6,30,0.01,74,"mixed_population",2.46212207730688
100,3,6,30,0.01,75,"multinomial",2.48548635879272
100,3,6,30,0.01,75,"mixed",2.48078999445001
100,3,6,30,0.01,75,"mixed_population",2.48079053550767
100,3,6,30,0.01,76,"multinomial",2.56303065226997
100,3,6,30,0.01,76,"mixed",2.56178022718596
100,3,6,30,0.01,76,"mixed_population",2.56178104303134
100,3,6,30,0.01,77,"multinomial",2.68375646830884
100,3,6,30,0.01,77,"mixed",2.68060584283711
100,3,6,30,0.01,77,"mixed_population",2.68039330376087
100,3,6,30,0.01,78,"multinomial",2.69982782452821
100,3,6,30,0.01,78,"mixed",2.69489959554366
100,3,6,30,0.01,78,"mixed_population",2.69487472337886
100,3,6,30,0.01,79,"multinomial",2.57599578268119
100,3,6,30,0.01,79,"mixed",2.57488414483946
100,3,6,30,0.01,79,"mixed_population",2.57488414541351
100,3,6,30,0.01,80,"multinomial",2.48149144633709
100,3,6,30,0.01,80,"mixed",2.48087378576046
100,3,6,30,0.01,80,"mixed_population",2.48087378428417
100,3,6,30,0.01,81,"multinomial",2.65175137059759
100,3,6,30,0.01,81,"mixed",2.65036319218179
100,3,6,30,0.01,81,"mixed_population",2.65036319024885
100,3,6,30,0.01,82,"multinomial",2.28890142963608
100,3,6,30,0.01,82,"mixed",2.2870898253899
100,3,6,30,0.01,82,"mixed_population",2.28708993203102
100,3,6,30,0.01,83,"multinomial",2.63965283203279
100,3,6,30,0.01,83,"mixed",2.63758635034328
100,3,6,30,0.01,83,"mixed_population",2.63758635403099
100,3,6,30,0.01,84,"multinomial",2.36304303608782
100,3,6,30,0.01,84,"mixed",2.36060953074788
100,3,6,30,0.01,84,"mixed_population",2.36060951203058
100,3,6,30,0.01,85,"multinomial",2.54328243577418
100,3,6,30,0.01,85,"mixed",2.5404433033914
100,3,6,30,0.01,85,"mixed_population",2.54044749156163
100,3,6,30,0.01,86,"multinomial",2.6512214921355
100,3,6,30,0.01,86,"mixed",2.6470724345822
100,3,6,30,0.01,86,"mixed_population",2.64718610937019
100,3,6,30,0.01,87,"multinomial",2.66557611359308
100,3,6,30,0.01,87,"mixed",2.66158293492546
100,3,6,30,0.01,87,"mixed_population",2.66158290661198
100,3,6,30,0.01,88,"multinomial",2.44754561369358
100,3,6,30,0.01,88,"mixed",2.44514062350472
100,3,6,30,0.01,88,"mixed_population",2.44514078528502
100,3,6,30,0.01,89,"multinomial",2.6304583889338
100,3,6,30,0.01,89,"mixed",2.63053400811173
100,3,6,30,0.01,89,"mixed_population",2.62999772893752
100,3,6,30,0.01,90,"multinomial",2.52365028990554
100,3,6,30,0.01,90,"mixed",2.52268396340765
100,3,6,30,0.01,90,"mixed_population",2.52269349022162
100,3,6,30,0.01,91,"multinomial",2.64754231766627
100,3,6,30,0.01,91,"mixed",2.64479887448812
100,3,6,30,0.01,91,"mixed_population",2.64479895764792
100,3,6,30,0.01,92,"multinomial",2.51034817796397
100,3,6,30,0.01,92,"mixed",2.5080927734386
100,3,6,30,0.01,92,"mixed_population",2.50809277270305
100,3,6,30,0.01,93,"multinomial",2.5540990688129
100,3,6,30,0.01,93,"mixed",2.55113397498413
100,3,6,30,0.01,93,"mixed_population",2.55113400794936
100,3,6,30,0.01,94,"multinomial",2.65368218877857
100,3,6,30,0.01,94,"mixed",2.64779651310237
100,3,6,30,0.01,94,"mixed_population",2.64779651823593
100,3,6,30,0.01,95,"multinomial",2.76055067919729
100,3,6,30,0.01,95,"mixed",2.76042502158162
100,3,6,30,0.01,95,"mixed_population",2.76042567036524
100,3,6,30,0.01,96,"multinomial",2.56409319202335
100,3,6,30,0.01,96,"mixed",2.56128347695664
100,3,6,30,0.01,96,"mixed_population",2.56128348128736
100,3,6,30,0.01,97,"multinomial",2.63073161545923
100,3,6,30,0.01,97,"mixed",2.62883757936973
100,3,6,30,0.01,97,"mixed_population",2.62883757277763
100,3,6,30,0.01,98,"multinomial",2.47605919195696
100,3,6,30,0.01,98,"mixed",2.47453342163948
100,3,6,30,0.01,98,"mixed_population",2.47453345046446
100,3,6,30,0.01,99,"multinomial",2.61105519851506
100,3,6,30,0.01,99,"mixed",2.60635994443931
100,3,6,30,0.01,99,"mixed_population",2.60636000277627
100,3,6,30,0.01,100,"multinomial",2.41492228984681
100,3,6,30,0.01,100,"mixed",2.41190740094105
100,3,6,30,0.01,100,"mixed_population",2.41158867465382
100,3,6,30,0.1,1,"multinomial",2.70614187815782
100,3,6,30,0.1,1,"mixed",2.70265588557564
100,3,6,30,0.1,1,"mixed_population",2.70265588168203
100,3,6,30,0.1,2,"multinomial",2.53946232785313
100,3,6,30,0.1,2,"mixed",2.53571959791579
100,3,6,30,0.1,2,"mixed_population",2.53572032914319
100,3,6,30,0.1,3,"multinomial",2.5678679218964
100,3,6,30,0.1,3,"mixed",2.56729152688338
100,3,6,30,0.1,3,"mixed_population",2.56729212455078
100,3,6,30,0.1,4,"multinomial",2.6894925587822
100,3,6,30,0.1,4,"mixed",2.68994485573685
100,3,6,30,0.1,4,"mixed_population",2.68993064840395
100,3,6,30,0.1,5,"multinomial",2.57702144861536
100,3,6,30,0.1,5,"mixed",2.57177731040682
100,3,6,30,0.1,5,"mixed_population",2.57166440825236
100,3,6,30,0.1,6,"multinomial",2.68225129424131
100,3,6,30,0.1,6,"mixed",2.68109744649204
100,3,6,30,0.1,6,"mixed_population",2.6810974464863
100,3,6,30,0.1,7,"multinomial",2.59625354657148
100,3,6,30,0.1,7,"mixed",2.59034490952861
100,3,6,30,0.1,7,"mixed_population",2.59034498557823
100,3,6,30,0.1,8,"multinomial",2.54913590149061
100,3,6,30,0.1,8,"mixed",2.54496069868754
100,3,6,30,0.1,8,"mixed_population",2.54496068437804
100,3,6,30,0.1,9,"multinomial",2.54105949073104
100,3,6,30,0.1,9,"mixed",2.54060739554716
100,3,6,30,0.1,9,"mixed_population",2.54060732349839
100,3,6,30,0.1,10,"multinomial",2.96929412601635
100,3,6,30,0.1,10,"mixed",2.96936321209342
100,3,6,30,0.1,10,"mixed_population",2.96936329405569
100,3,6,30,0.1,11,"multinomial",2.6240375253158
100,3,6,30,0.1,11,"mixed",2.62132306278938
100,3,6,30,0.1,11,"mixed_population",2.62132306350433
100,3,6,30,0.1,12,"multinomial",2.90337287081026
100,3,6,30,0.1,12,"mixed",2.89490825738406
100,3,6,30,0.1,12,"mixed_population",2.89490773512269
100,3,6,30,0.1,13,"multinomial",2.5707379172277
100,3,6,30,0.1,13,"mixed",2.56339140062765
100,3,6,30,0.1,13,"mixed_population",2.56339139784967
100,3,6,30,0.1,14,"multinomial",2.77674707415282
100,3,6,30,0.1,14,"mixed",2.77468220682144
100,3,6,30,0.1,14,"mixed_population",2.77468210911498
100,3,6,30,0.1,15,"multinomial",2.59682459811314
100,3,6,30,0.1,15,"mixed",2.59169323899716
100,3,6,30,0.1,15,"mixed_population",2.59169292503589
100,3,6,30,0.1,16,"multinomial",2.44234292892009
100,3,6,30,0.1,16,"mixed",2.44046112091774
100,3,6,30,0.1,16,"mixed_population",2.44046109123371
100,3,6,30,0.1,17,"multinomial",2.72677032363188
100,3,6,30,0.1,17,"mixed",2.72616239056937
100,3,6,30,0.1,17,"mixed_population",2.72501637712283
100,3,6,30,0.1,18,"multinomial",2.40855846098734
100,3,6,30,0.1,18,"mixed",2.40483113321205
100,3,6,30,0.1,18,"mixed_population",2.40483148961698
100,3,6,30,0.1,19,"multinomial",2.54275275700178
100,3,6,30,0.1,19,"mixed",2.53955083152384
100,3,6,30,0.1,19,"mixed_population",2.53955082146696
100,3,6,30,0.1,20,"multinomial",2.61865850081015
100,3,6,30,0.1,20,"mixed",2.61616433850347
100,3,6,30,0.1,20,"mixed_population",2.61616433879478
100,3,6,30,0.1,21,"multinomial",2.52048859078959
100,3,6,30,0.1,21,"mixed",2.51743393640569
100,3,6,30,0.1,21,"mixed_population",2.51743399017975
100,3,6,30,0.1,22,"multinomial",2.7295267564268
100,3,6,30,0.1,22,"mixed",2.7267552924261
100,3,6,30,0.1,22,"mixed_population",2.72675280594293
100,3,6,30,0.1,23,"multinomial",2.57941943524315
100,3,6,30,0.1,23,"mixed",2.57936442988177
100,3,6,30,0.1,23,"mixed_population",2.57936469525887
100,3,6,30,0.1,24,"multinomial",2.57925103763164
100,3,6,30,0.1,24,"mixed",2.57752767646524
100,3,6,30,0.1,24,"mixed_population",2.5775271741072
100,3,6,30,0.1,25,"multinomial",2.76144938686535
100,3,6,30,0.1,25,"mixed",2.7547004584572
100,3,6,30,0.1,25,"mixed_population",2.75470125699928
100,3,6,30,0.1,26,"multinomial",2.43705595530623
100,3,6,30,0.1,26,"mixed",2.43448301315984
100,3,6,30,0.1,26,"mixed_population",2.43448221386909
100,3,6,30,0.1,27,"multinomial",2.76575707175863
100,3,6,30,0.1,27,"mixed",2.75814404286459
100,3,6,30,0.1,27,"mixed_population",2.75814405604303
100,3,6,30,0.1,28,"multinomial",2.54407600901327
100,3,6,30,0.1,28,"mixed",2.54159825458751
100,3,6,30,0.1,28,"mixed_population",2.54105245032309
100,3,6,30,0.1,29,"multinomial",2.7136288155616
100,3,6,30,0.1,29,"mixed",2.71029470100016
100,3,6,30,0.1,29,"mixed_population",2.71029473069844
100,3,6,30,0.1,30,"multinomial",2.37471396910702
100,3,6,30,0.1,30,"mixed",2.37155920814907
100,3,6,30,0.1,30,"mixed_population",2.37155975994695
100,3,6,30,0.1,31,"multinomial",2.56787254576873
100,3,6,30,0.1,31,"mixed",2.5634307182887
100,3,6,30,0.1,31,"mixed_population",2.5634308318213
100,3,6,30,0.1,32,"multinomial",2.59688193934042
100,3,6,30,0.1,32,"mixed",2.59542165080467
100,3,6,30,0.1,32,"mixed_population",2.59542164848339
100,3,6,30,0.1,33,"multinomial",2.60136157157311
100,3,6,30,0.1,33,"mixed",2.59506084208385
100,3,6,30,0.1,33,"mixed_population",2.59506084529071
100,3,6,30,0.1,34,"multinomial",2.4569771056034
100,3,6,30,0.1,34,"mixed",2.45307293513464
100,3,6,30,0.1,34,"mixed_population",2.45307294299509
100,3,6,30,0.1,35,"multinomial",2.44159071991602
100,3,6,30,0.1,35,"mixed",2.44141567944752
100,3,6,30,0.1,35,"mixed_population",2.44103348038428
100,3,6,30,0.1,36,"multinomial",2.7151790293314
100,3,6,30,0.1,36,"mixed",2.71056415031846
100,3,6,30,0.1,36,"mixed_population",2.71056425951869
100,3,6,30,0.1,37,"multinomial",2.82503561835729
100,3,6,30,0.1,37,"mixed",2.82368747559669
100,3,6,30,0.1,37,"mixed_population",2.82374847404067
100,3,6,30,0.1,38,"multinomial",2.50063283852609
100,3,6,30,0.1,38,"mixed",2.49801772202987
100,3,6,30,0.1,38,"mixed_population",2.49801910685132
100,3,6,30,0.1,39,"multinomial",2.6493431884338
100,3,6,30,0.1,39,"mixed",2.64562532454409
100,3,6,30,0.1,39,"mixed_population",2.64562532777794
100,3,6,30,0.1,40,"multinomial",2.43596982303889
100,3,6,30,0.1,40,"mixed",2.43483677718285
100,3,6,30,0.1,40,"mixed_population",2.43499913328128
100,3,6,30,0.1,41,"multinomial",2.7208501235019
100,3,6,30,0.1,41,"mixed",2.71781218570905
100,3,6,30,0.1,41,"mixed_population",2.71781218400139
100,3,6,30,0.1,42,"multinomial",2.60494036961726
100,3,6,30,0.1,42,"mixed",2.60274385346156
100,3,6,30,0.1,42,"mixed_population",2.60274059824835
100,3,6,30,0.1,43,"multinomial",2.63646717938423
100,3,6,30,0.1,43,"mixed",2.6285913126145
100,3,6,30,0.1,43,"mixed_population",2.62859127841344
100,3,6,30,0.1,44,"multinomial",2.82590756179851
100,3,6,30,0.1,44,"mixed",2.82266707733798
100,3,6,30,0.1,44,"mixed_population",2.82266704632067
100,3,6,30,0.1,45,"multinomial",2.58863079752138
100,3,6,30,0.1,45,"mixed",2.58496634103608
100,3,6,30,0.1,45,"mixed_population",2.58496634162882
100,3,6,30,0.1,46,"multinomial",2.51720504973387
100,3,6,30,0.1,46,"mixed",2.51505922893344
100,3,6,30,0.1,46,"mixed_population",2.5150592088124
100,3,6,30,0.1,47,"multinomial",2.35675305983027
100,3,6,30,0.1,47,"mixed",2.35485667274491
100,3,6,30,0.1,47,"mixed_population",2.35485666649565
100,3,6,30,0.1,48,"multinomial",2.42538984985695
100,3,6,30,0.1,48,"mixed",2.42048545763281
100,3,6,30,0.1,48,"mixed_population",2.42048589448562
100,3,6,30,0.1,49,"multinomial",2.46036463834486
100,3,6,30,0.1,49,"mixed",2.45920825412922
100,3,6,30,0.1,49,"mixed_population",2.45920809509203
100,3,6,30,0.1,50,"multinomial",2.47223973561308
100,3,6,30,0.1,50,"mixed",2.46983058275868
100,3,6,30,0.1,50,"mixed_population",2.46983063991192
100,3,6,30,0.1,51,"multinomial",2.64304987507762
100,3,6,30,0.1,51,"mixed",2.63701361526822
100,3,6,30,0.1,51,"mixed_population",2.63701371212379
100,3,6,30,0.1,52,"multinomial",2.81737325212505
100,3,6,30,0.1,52,"mixed",2.81071918650292
100,3,6,30,0.1,52,"mixed_population",2.81071919016748
100,3,6,30,0.1,53,"multinomial",2.64356895632629
100,3,6,30,0.1,53,"mixed",2.64113582300119
100,3,6,30,0.1,53,"mixed_population",2.64113582501766
100,3,6,30,0.1,54,"multinomial",2.75889948035721
100,3,6,30,0.1,54,"mixed",2.75742671163402
100,3,6,30,0.1,54,"mixed_population",2.7574148045732
100,3,6,30,0.1,55,"multinomial",2.61046462981438
100,3,6,30,0.1,55,"mixed",2.60676282497395
100,3,6,30,0.1,55,"mixed_population",2.60676271112939
100,3,6,30,0.1,56,"multinomial",2.44128675458306
100,3,6,30,0.1,56,"mixed",2.44019617091833
100,3,6,30,0.1,56,"mixed_population",2.44019616975727
100,3,6,30,0.1,57,"multinomial",2.6821594005999
100,3,6,30,0.1,57,"mixed",2.67887071316894
100,3,6,30,0.1,57,"mixed_population",2.67887090673306
100,3,6,30,0.1,58,"multinomial",2.68323339762031
100,3,6,30,0.1,58,"mixed",2.68213688614448
100,3,6,30,0.1,58,"mixed_population",2.68213698161783
100,3,6,30,0.1,59,"multinomial",2.71566818327719
100,3,6,30,0.1,59,"mixed",2.71361958190614
100,3,6,30,0.1,59,"mixed_population",2.71361957826195
100,3,6,30,0.1,60,"multinomial",2.77371628507012
100,3,6,30,0.1,60,"mixed",2.76812029504917
100,3,6,30,0.1,60,"mixed_population",2.76812007736817
100,3,6,30,0.1,61,"multinomial",2.83726869276284
100,3,6,30,0.1,61,"mixed",2.82944697632639
100,3,6,30,0.1,61,"mixed_population",2.8293276312361
100,3,6,30,0.1,62,"multinomial",2.66923489722071
100,3,6,30,0.1,62,"mixed",2.66784284360533
100,3,6,30,0.1,62,"mixed_population",2.66784280615555
100,3,6,30,0.1,63,"multinomial",2.52982731966834
100,3,6,30,0.1,63,"mixed",2.52185653086268
100,3,6,30,0.1,63,"mixed_population",2.5218567361075
100,3,6,30,0.1,64,"multinomial",2.47408440875656
100,3,6,30,0.1,64,"mixed",2.46858701886598
100,3,6,30,0.1,64,"mixed_population",2.46858702856598
100,3,6,30,0.1,65,"multinomial",2.74164660134038
100,3,6,30,0.1,65,"mixed",2.73576816443111
100,3,6,30,0.1,65,"mixed_population",2.73576769142263
100,3,6,30,0.1,66,"multinomial",2.5421925183168
100,3,6,30,0.1,66,"mixed",2.539607795245
100,3,6,30,0.1,66,"mixed_population",2.5396078313591
100,3,6,30,0.1,67,"multinomial",2.45519959841729
100,3,6,30,0.1,67,"mixed",2.45008320858331
100,3,6,30,0.1,67,"mixed_population",2.45008321275635
100,3,6,30,0.1,68,"multinomial",2.65799804018312
100,3,6,30,0.1,68,"mixed",2.65659183925481
100,3,6,30,0.1,68,"mixed_population",2.65659182525749
100,3,6,30,0.1,69,"multinomial",2.65537346626984
100,3,6,30,0.1,69,"mixed",2.65269277289603
100,3,6,30,0.1,69,"mixed_population",2.65268521971955
100,3,6,30,0.1,70,"multinomial",2.60794705261689
100,3,6,30,0.1,70,"mixed",2.60495245415809
100,3,6,30,0.1,70,"mixed_population",2.60495242211223
100,3,6,30,0.1,71,"multinomial",2.59354975752401
100,3,6,30,0.1,71,"mixed",2.59179938368063
100,3,6,30,0.1,71,"mixed_population",2.59179938360798
100,3,6,30,0.1,72,"multinomial",2.50518540122083
100,3,6,30,0.1,72,"mixed",2.50359412328058
100,3,6,30,0.1,72,"mixed_population",2.50359499939188
100,3,6,30,0.1,73,"multinomial",2.66577478834227
100,3,6,30,0.1,73,"mixed",2.6624142108421
100,3,6,30,0.1,73,"mixed_population",2.66241423686572
100,3,6,30,0.1,74,"multinomial",2.63058389167751
100,3,6,30,0.1,74,"mixed",2.62466549724933
100,3,6,30,0.1,74,"mixed_population",2.62466556806013
100,3,6,30,0.1,75,"multinomial",2.52141809285568
100,3,6,30,0.1,75,"mixed",2.51877769799487
100,3,6,30,0.1,75,"mixed_population",2.51852870199928
100,3,6,30,0.1,76,"multinomial",2.48297330919269
100,3,6,30,0.1,76,"mixed",2.48175703555462
100,3,6,30,0.1,76,"mixed_population",2.48165567229603
100,3,6,30,0.1,77,"multinomial",2.58798084191951
100,3,6,30,0.1,77,"mixed",2.5832840669953
100,3,6,30,0.1,77,"mixed_population",2.58328401773891
100,3,6,30,0.1,78,"multinomial",2.73093601703939
100,3,6,30,0.1,78,"mixed",2.72964141628714
100,3,6,30,0.1,78,"mixed_population",2.72964163195271
100,3,6,30,0.1,79,"multinomial",2.54386337268969
100,3,6,30,0.1,79,"mixed",2.5428995813329
100,3,6,30,0.1,79,"mixed_population",2.54289957952472
100,3,6,30,0.1,80,"multinomial",2.65368089241111
100,3,6,30,0.1,80,"mixed",2.65015416872352
100,3,6,30,0.1,80,"mixed_population",2.65015416765565
100,3,6,30,0.1,81,"multinomial",2.57454792436308
100,3,6,30,0.1,81,"mixed",2.57363690603595
100,3,6,30,0.1,81,"mixed_population",2.57363707557835
100,3,6,30,0.1,82,"multinomial",2.5412590051922
100,3,6,30,0.1,82,"mixed",2.53621199512385
100,3,6,30,0.1,82,"mixed_population",2.53621199527904
100,3,6,30,0.1,83,"multinomial",2.55275719224389
100,3,6,30,0.1,83,"mixed",2.55105226203593
100,3,6,30,0.1,83,"mixed_population",2.55105220993242
100,3,6,30,0.1,84,"multinomial",2.49950290493237
100,3,6,30,0.1,84,"mixed",2.4968350628798
100,3,6,30,0.1,84,"mixed_population",2.49683506220099
100,3,6,30,0.1,85,"multinomial",2.5316232520738
100,3,6,30,0.1,85,"mixed",2.53041185333446
100,3,6,30,0.1,85,"mixed_population",2.53042486436255
100,3,6,30,0.1,86,"multinomial",2.66845122620513
100,3,6,30,0.1,86,"mixed",2.66444254838547
100,3,6,30,0.1,86,"mixed_population",2.66366073623872
100,3,6,30,0.1,87,"multinomial",2.59129130950069
100,3,6,30,0.1,87,"mixed",2.58826333025027
100,3,6,30,0.1,87,"mixed_population",2.58826336598111
100,3,6,30,0.1,88,"multinomial",2.51246398242021
100,3,6,30,0.1,88,"mixed",2.50980287059909
100,3,6,30,0.1,88,"mixed_population",2.50980285553954
100,3,6,30,0.1,89,"multinomial",2.50792436606378
100,3,6,30,0.1,89,"mixed",2.50751005103702
100,3,6,30,0.1,89,"mixed_population",2.5075099880275
100,3,6,30,0.1,90,"multinomial",2.74943114569144
100,3,6,30,0.1,90,"mixed",2.74194037751712
100,3,6,30,0.1,90,"mixed_population",2.74194051938387
100,3,6,30,0.1,91,"multinomial",2.76054505397336
100,3,6,30,0.1,91,"mixed",2.75638443938891
100,3,6,30,0.1,91,"mixed_population",2.75508648297597
100,3,6,30,0.1,92,"multinomial",2.72429665922582
100,3,6,30,0.1,92,"mixed",2.71892214824316
100,3,6,30,0.1,92,"mixed_population",2.71790182407818
100,3,6,30,0.1,93,"multinomial",2.48272062577135
100,3,6,30,0.1,93,"mixed",2.48115037405162
100,3,6,30,0.1,93,"mixed_population",2.4811504090626
100,3,6,30,0.1,94,"multinomial",2.60684374050698
100,3,6,30,0.1,94,"mixed",2.60643808933092
100,3,6,30,0.1,94,"mixed_population",2.6064379858065
100,3,6,30,0.1,95,"multinomial",2.65854297935657
100,3,6,30,0.1,95,"mixed",2.65778933353999
100,3,6,30,0.1,95,"mixed_population",2.65778983146723
100,3,6,30,0.1,96,"multinomial",2.49227477779167
100,3,6,30,0.1,96,"mixed",2.49010878104478
100,3,6,30,0.1,96,"mixed_population",2.4897492994208
100,3,6,30,0.1,97,"multinomial",2.49465873024671
100,3,6,30,0.1,97,"mixed",2.48899769568321
100,3,6,30,0.1,97,"mixed_population",2.4889979350517
100,3,6,30,0.1,98,"multinomial",2.52845019407879
100,3,6,30,0.1,98,"mixed",2.52745929499329
100,3,6,30,0.1,98,"mixed_population",2.52745924433654
100,3,6,30,0.1,99,"multinomial",2.56653257272781
100,3,6,30,0.1,99,"mixed",2.56073071382382
100,3,6,30,0.1,99,"mixed_population",2.56073071622337
100,3,6,30,0.1,100,"multinomial",2.50085207175763
100,3,6,30,0.1,100,"mixed",2.4965510268193
100,3,6,30,0.1,100,"mixed_population",2.49655103606872
100,3,6,30,1,1,"multinomial",4.68674937697088
100,3,6,30,1,1,"mixed",4.74161086154791
100,3,6,30,1,1,"mixed_population",4.7087615764574
100,3,6,30,1,2,"multinomial",4.40020443568091
100,3,6,30,1,2,"mixed",4.46027985653237
100,3,6,30,1,2,"mixed_population",4.41224815147923
100,3,6,30,1,3,"multinomial",4.19815678647166
100,3,6,30,1,3,"mixed",4.2545106746003
100,3,6,30,1,3,"mixed_population",4.22493705381237
100,3,6,30,1,4,"multinomial",4.57287391518733
100,3,6,30,1,4,"mixed",4.63626738481296
100,3,6,30,1,4,"mixed_population",4.60537705821223
100,3,6,30,1,5,"multinomial",4.42619558686758
100,3,6,30,1,5,"mixed",4.46445618882972
100,3,6,30,1,5,"mixed_population",4.44983909599221
100,3,6,30,1,6,"multinomial",4.10711747467792
100,3,6,30,1,6,"mixed",4.13885589293614
100,3,6,30,1,6,"mixed_population",4.1166998977996
100,3,6,30,1,7,"multinomial",4.17598623428868
100,3,6,30,1,7,"mixed",4.22237991102346
100,3,6,30,1,7,"mixed_population",4.19087907104923
100,3,6,30,1,8,"multinomial",4.02729416252423
100,3,6,30,1,8,"mixed",4.07610850242793
100,3,6,30,1,8,"mixed_population",4.03729068349422
100,3,6,30,1,9,"multinomial",4.30110245569016
100,3,6,30,1,9,"mixed",4.3364821695783
100,3,6,30,1,9,"mixed_population",4.3111759203174
100,3,6,30,1,10,"multinomial",4.16692095176014
100,3,6,30,1,10,"mixed",4.1961336770169
100,3,6,30,1,10,"mixed_population",4.17390420172556
100,3,6,30,1,11,"multinomial",4.39983366967897
100,3,6,30,1,11,"mixed",4.45805743038885
100,3,6,30,1,11,"mixed_population",4.43013821444157
100,3,6,30,1,12,"multinomial",4.19784116438739
100,3,6,30,1,12,"mixed",4.22023156962356
100,3,6,30,1,12,"mixed_population",4.20718403701471
100,3,6,30,1,13,"multinomial",4.15487223548251
100,3,6,30,1,13,"mixed",4.2076150705244
100,3,6,30,1,13,"mixed_population",4.17917775324711
100,3,6,30,1,14,"multinomial",4.66997886932671
100,3,6,30,1,14,"mixed",4.70359754535231
100,3,6,30,1,14,"mixed_population",4.68879843602002
100,3,6,30,1,15,"multinomial",4.69096955982622
100,3,6,30,1,15,"mixed",4.73035558633727
100,3,6,30,1,15,"mixed_population",4.70993030123817
100,3,6,30,1,16,"multinomial",4.46392726997892
100,3,6,30,1,16,"mixed",4.49634274107827
100,3,6,30,1,16,"mixed_population",4.47166589426356
100,3,6,30,1,17,"multinomial",4.92182318034555
100,3,6,30,1,17,"mixed",4.98390949291843
100,3,6,30,1,17,"mixed_population",4.94745688976409
100,3,6,30,1,18,"multinomial",4.57034645821244
100,3,6,30,1,18,"mixed",4.60875354640499
100,3,6,30,1,18,"mixed_population",4.57156464497458
100,3,6,30,1,19,"multinomial",4.46308562760263
100,3,6,30,1,19,"mixed",4.5387579454827
100,3,6,30,1,19,"mixed_population",4.49775307456353
100,3,6,30,1,20,"multinomial",4.6409510265694
100,3,6,30,1,20,"mixed",4.69786288032499
100,3,6,30,1,20,"mixed_population",4.66353934928477
100,3,6,30,1,21,"multinomial",4.49305955544479
100,3,6,30,1,21,"mixed",4.53809171916642
100,3,6,30,1,21,"mixed_population",4.51153186827388
100,3,6,30,1,22,"multinomial",4.41386468300069
100,3,6,30,1,22,"mixed",4.47408743641384
100,3,6,30,1,22,"mixed_population",4.44218461297438
100,3,6,30,1,23,"multinomial",4.21292819871319
100,3,6,30,1,23,"mixed",4.24083987618333
100,3,6,30,1,23,"mixed_population",4.22791613158172
100,3,6,30,1,24,"multinomial",3.8809269305527
100,3,6,30,1,24,"mixed",3.90973883808
100,3,6,30,1,24,"mixed_population",3.89067926866354
100,3,6,30,1,25,"multinomial",4.41616386296808
100,3,6,30,1,25,"mixed",4.46013546200926
100,3,6,30,1,25,"mixed_population",4.44097257872847
100,3,6,30,1,26,"multinomial",4.40422410332632
100,3,6,30,1,26,"mixed",4.44466147534574
100,3,6,30,1,26,"mixed_population",4.41995444450037
100,3,6,30,1,27,"multinomial",4.17211890596297
100,3,6,30,1,27,"mixed",4.21811706471155
100,3,6,30,1,27,"mixed_population",4.19014102618037
100,3,6,30,1,28,"multinomial",4.54719241392182
100,3,6,30,1,28,"mixed",4.60994242520989
100,3,6,30,1,28,"mixed_population",4.56585572650851
100,3,6,30,1,29,"multinomial",4.31732369976014
100,3,6,30,1,29,"mixed",4.37096409819761
100,3,6,30,1,29,"mixed_population",4.33865311209202
100,3,6,30,1,30,"multinomial",4.35075490124238
100,3,6,30,1,30,"mixed",4.39928277789711
100,3,6,30,1,30,"mixed_population",4.37202260845547
100,3,6,30,1,31,"multinomial",4.41043860057156
100,3,6,30,1,31,"mixed",4.44067294042872
100,3,6,30,1,31,"mixed_population",4.41733061471948
100,3,6,30,1,32,"multinomial",4.3279867232897
100,3,6,30,1,32,"mixed",4.38616091961616
100,3,6,30,1,32,"mixed_population",4.3483363195557
100,3,6,30,1,33,"multinomial",4.17083704175596
100,3,6,30,1,33,"mixed",4.21581107096573
100,3,6,30,1,33,"mixed_population",4.19256467183637
100,3,6,30,1,34,"multinomial",4.56812086564175
100,3,6,30,1,34,"mixed",4.63984202169189
100,3,6,30,1,34,"mixed_population",4.58683454116091
100,3,6,30,1,35,"multinomial",4.85760322586128
100,3,6,30,1,35,"mixed",4.9100044827215
100,3,6,30,1,35,"mixed_population",4.88010310339994
100,3,6,30,1,36,"multinomial",4.30945048360881
100,3,6,30,1,36,"mixed",4.34656287805961
100,3,6,30,1,36,"mixed_population",4.3260940664167
100,3,6,30,1,37,"multinomial",4.36758575893099
100,3,6,30,1,37,"mixed",4.41208579523994
100,3,6,30,1,37,"mixed_population",4.3822228691758
100,3,6,30,1,38,"multinomial",4.54379989600106
100,3,6,30,1,38,"mixed",4.59088494569808
100,3,6,30,1,38,"mixed_population",4.55856731775944
100,3,6,30,1,39,"multinomial",4.54390534403499
100,3,6,30,1,39,"mixed",4.55780797682304
100,3,6,30,1,39,"mixed_population",4.54339721714904
100,3,6,30,1,40,"multinomial",4.91918953432703
100,3,6,30,1,40,"mixed",4.97864987339431
100,3,6,30,1,40,"mixed_population",4.93170236412555
100,3,6,30,1,41,"multinomial",4.34826062530109
100,3,6,30,1,41,"mixed",4.37617825971782
100,3,6,30,1,41,"mixed_population",4.3566405604245
100,3,6,30,1,42,"multinomial",4.34717903373674
100,3,6,30,1,42,"mixed",4.39343375945709
100,3,6,30,1,42,"mixed_population",4.36132585463778
100,3,6,30,1,43,"multinomial",4.73567092216359
100,3,6,30,1,43,"mixed",4.76616560193044
100,3,6,30,1,43,"mixed_population",4.74247743420393
100,3,6,30,1,44,"multinomial",4.59335581641595
100,3,6,30,1,44,"mixed",4.68357384138426
100,3,6,30,1,44,"mixed_population",4.65267384428917
100,3,6,30,1,45,"multinomial",4.10149846124334
100,3,6,30,1,45,"mixed",4.13325537830024
100,3,6,30,1,45,"mixed_population",4.11178915760703
100,3,6,30,1,46,"multinomial",4.21221467816393
100,3,6,30,1,46,"mixed",4.26646797122414
100,3,6,30,1,46,"mixed_population",4.24305219109974
100,3,6,30,1,47,"multinomial",4.89603573079038
100,3,6,30,1,47,"mixed",4.95337957027081
100,3,6,30,1,47,"mixed_population",4.91728918040939
100,3,6,30,1,48,"multinomial",4.67004374401633
100,3,6,30,1,48,"mixed",4.71317557809642
100,3,6,30,1,48,"mixed_population",4.68143488461131
100,3,6,30,1,49,"multinomial",4.17843686158716
100,3,6,30,1,49,"mixed",4.2356639404152
100,3,6,30,1,49,"mixed_population",4.20773951790406
100,3,6,30,1,50,"multinomial",4.45700633954842
100,3,6,30,1,50,"mixed",4.4722705616761
100,3,6,30,1,50,"mixed_population",4.45398871447832
100,3,6,30,1,51,"multinomial",4.37428376946187
100,3,6,30,1,51,"mixed",4.42803018056882
100,3,6,30,1,51,"mixed_population",4.40538472672885
100,3,6,30,1,52,"multinomial",4.58405654978839
100,3,6,30,1,52,"mixed",4.65480416076001
100,3,6,30,1,52,"mixed_population",4.61926285418037
100,3,6,30,1,53,"multinomial",4.42630575010079
100,3,6,30,1,53,"mixed",4.45308590788687
100,3,6,30,1,53,"mixed_population",4.43668249858449
100,3,6,30,1,54,"multinomial",4.37539352320204
100,3,6,30,1,54,"mixed",4.39257879155444
100,3,6,30,1,54,"mixed_population",4.37328931070953
100,3,6,30,1,55,"multinomial",4.15193518754734
100,3,6,30,1,55,"mixed",4.21170573665897
100,3,6,30,1,55,"mixed_population",4.18367614523127
100,3,6,30,1,56,"multinomial",4.71684644834167
100,3,6,30,1,56,"mixed",4.80244138805753
100,3,6,30,1,56,"mixed_population",4.74722782870931
100,3,6,30,1,57,"multinomial",4.5817149073525
100,3,6,30,1,57,"mixed",4.64301931281024
100,3,6,30,1,57,"mixed_population",4.61276512352912
100,3,6,30,1,58,"multinomial",4.44595813006781
100,3,6,30,1,58,"mixed",4.51974034762069
100,3,6,30,1,58,"mixed_population",4.49339551422208
100,3,6,30,1,59,"multinomial",4.2869890181754
100,3,6,30,1,59,"mixed",4.32056906379421
100,3,6,30,1,59,"mixed_population",4.29084630590644
100,3,6,30,1,60,"multinomial",4.83410570616894
100,3,6,30,1,60,"mixed",4.94628792298998
100,3,6,30,1,60,"mixed_population",4.89352830077259
100,3,6,30,1,61,"multinomial",4.38023127043427
100,3,6,30,1,61,"mixed",4.40126430933689
100,3,6,30,1,61,"mixed_population",4.37238372578399
100,3,6,30,1,62,"multinomial",4.71271452054052
100,3,6,30,1,62,"mixed",4.75763436446481
100,3,6,30,1,62,"mixed_population",4.72752972548477
100,3,6,30,1,63,"multinomial",4.40699169036662
100,3,6,30,1,63,"mixed",4.4445063759573
100,3,6,30,1,63,"mixed_population",4.42162001125327
100,3,6,30,1,64,"multinomial",4.37370253094586
100,3,6,30,1,64,"mixed",4.40266843930789
100,3,6,30,1,64,"mixed_population",4.38448530104577
100,3,6,30,1,65,"multinomial",4.34906812253616
100,3,6,30,1,65,"mixed",4.40251867844773
100,3,6,30,1,65,"mixed_population",4.37384147769342
100,3,6,30,1,66,"multinomial",4.06622523307031
100,3,6,30,1,66,"mixed",4.11115325900768
100,3,6,30,1,66,"mixed_population",4.09341894540959
100,3,6,30,1,67,"multinomial",4.28747930692814
100,3,6,30,1,67,"mixed",4.32178981714517
100,3,6,30,1,67,"mixed_population",4.2953886685816
100,3,6,30,1,68,"multinomial",3.94625560283757
100,3,6,30,1,68,"mixed",3.97647600993918
100,3,6,30,1,68,"mixed_population",3.95482790925415
100,3,6,30,1,69,"multinomial",4.45669091511847
100,3,6,30,1,69,"mixed",4.50420236940576
100,3,6,30,1,69,"mixed_population",4.47658885042769
100,3,6,30,1,70,"multinomial",4.41458789867683
100,3,6,30,1,70,"mixed",4.45991069617439
100,3,6,30,1,70,"mixed_population",4.43098799800356
100,3,6,30,1,71,"multinomial",4.91306303073741
100,3,6,30,1,71,"mixed",4.94557367676014
100,3,6,30,1,71,"mixed_population",4.92079557923657
100,3,6,30,1,72,"multinomial",4.2541065859008
100,3,6,30,1,72,"mixed",4.29757216718555
100,3,6,30,1,72,"mixed_population",4.27105242703887
100,3,6,30,1,73,"multinomial",4.42873632807469
100,3,6,30,1,73,"mixed",4.49184824711973
100,3,6,30,1,73,"mixed_population",4.45864909488605
100,3,6,30,1,74,"multinomial",4.44068959163578
100,3,6,30,1,74,"mixed",4.47732358142056
100,3,6,30,1,74,"mixed_population",4.4552487020992
100,3,6,30,1,75,"multinomial",3.94603161674167
100,3,6,30,1,75,"mixed",3.98077378166244
100,3,6,30,1,75,"mixed_population",3.96810777752928
100,3,6,30,1,76,"multinomial",4.35033886666423
100,3,6,30,1,76,"mixed",4.39200613724784
100,3,6,30,1,76,"mixed_population",4.35658204802776
100,3,6,30,1,77,"multinomial",4.43303253914382
100,3,6,30,1,77,"mixed",4.46685012426048
100,3,6,30,1,77,"mixed_population",4.44208617917561
100,3,6,30,1,78,"multinomial",4.40068255086401
100,3,6,30,1,78,"mixed",4.44969813757778
100,3,6,30,1,78,"mixed_population",4.43088584696933
100,3,6,30,1,79,"multinomial",4.29364200212937
100,3,6,30,1,79,"mixed",4.35403238405149
100,3,6,30,1,79,"mixed_population",4.31957473673103
100,3,6,30,1,80,"multinomial",4.77990979367574
100,3,6,30,1,80,"mixed",4.81122752408963
100,3,6,30,1,80,"mixed_population",4.79064644610202
100,3,6,30,1,81,"multinomial",4.34383566235684
100,3,6,30,1,81,"mixed",4.38802213815314
100,3,6,30,1,81,"mixed_population",4.3485158837794
100,3,6,30,1,82,"multinomial",4.3594588083337
100,3,6,30,1,82,"mixed",4.39810662053981
100,3,6,30,1,82,"mixed_population",4.37195465676023
100,3,6,30,1,83,"multinomial",4.27928257831305
100,3,6,30,1,83,"mixed",4.31257507359415
100,3,6,30,1,83,"mixed_population",4.29320525026188
100,3,6,30,1,84,"multinomial",4.21171114765283
100,3,6,30,1,84,"mixed",4.24932522508974
100,3,6,30,1,84,"mixed_population",4.22602697343806
100,3,6,30,1,85,"multinomial",4.36666797470299
100,3,6,30,1,85,"mixed",4.40197915589667
100,3,6,30,1,85,"mixed_population",4.37968018214612
100,3,6,30,1,86,"multinomial",4.17080033677253
100,3,6,30,1,86,"mixed",4.21118729414679
100,3,6,30,1,86,"mixed_population",4.18766767475584
100,3,6,30,1,87,"multinomial",4.20856723506299
100,3,6,30,1,87,"mixed",4.23656071987884
100,3,6,30,1,87,"mixed_population",4.21567295627047
100,3,6,30,1,88,"multinomial",4.5789142937426
100,3,6,30,1,88,"mixed",4.6133855820186
100,3,6,30,1,88,"mixed_population",4.58192283268981
100,3,6,30,1,89,"multinomial",4.10501464631224
100,3,6,30,1,89,"mixed",4.13537675170125
100,3,6,30,1,89,"mixed_population",4.11343164187298
100,3,6,30,1,90,"multinomial",4.35625066459983
100,3,6,30,1,90,"mixed",4.40486010948281
100,3,6,30,1,90,"mixed_population",4.3770877799699
100,3,6,30,1,91,"multinomial",4.62118015942093
100,3,6,30,1,91,"mixed",4.70269050500366
100,3,6,30,1,91,"mixed_population",4.64888823177036
100,3,6,30,1,92,"multinomial",4.28194267450718
100,3,6,30,1,92,"mixed",4.33620551196845
100,3,6,30,1,92,"mixed_population",4.30758818542882
100,3,6,30,1,93,"multinomial",4.71951202109233
100,3,6,30,1,93,"mixed",4.7632293609292
100,3,6,30,1,93,"mixed_population",4.71752443531775
100,3,6,30,1,94,"multinomial",4.09748401282809
100,3,6,30,1,94,"mixed",4.13563596118717
100,3,6,30,1,94,"mixed_population",4.11165973837996
100,3,6,30,1,95,"multinomial",4.48694474453449
100,3,6,30,1,95,"mixed",4.53586236098921
100,3,6,30,1,95,"mixed_population",4.50995601074826
100,3,6,30,1,96,"multinomial",4.22163968777431
100,3,6,30,1,96,"mixed",4.28268943908046
100,3,6,30,1,96,"mixed_population",4.26289357764762
100,3,6,30,1,97,"multinomial",4.23656964505803
100,3,6,30,1,97,"mixed",4.28233500562887
100,3,6,30,1,97,"mixed_population",4.26266682145917
100,3,6,30,1,98,"multinomial",4.73132012695197
100,3,6,30,1,98,"mixed",4.78516423538899
100,3,6,30,1,98,"mixed_population",4.73795495840337
100,3,6,30,1,99,"multinomial",4.08245788282629
100,3,6,30,1,99,"mixed",4.12301907633178
100,3,6,30,1,99,"mixed_population",4.10563626101779
100,3,6,30,1,100,"multinomial",4.12014852612394
100,3,6,30,1,100,"mixed",4.17287818344403
100,3,6,30,1,100,"mixed_population",4.14974468596998
100,3,6,30,10,1,"multinomial",15.1701886716453
100,3,6,30,10,1,"mixed",16.4208055649758
100,3,6,30,10,1,"mixed_population",14.9729653527215
100,3,6,30,10,2,"multinomial",14.9857395447453
100,3,6,30,10,2,"mixed",16.5873784999282
100,3,6,30,10,2,"mixed_population",14.9095727136403
100,3,6,30,10,3,"multinomial",15.2926834573038
100,3,6,30,10,3,"mixed",16.3011360635316
100,3,6,30,10,3,"mixed_population",15.0411617786767
100,3,6,30,10,4,"multinomial",15.7418164810014
100,3,6,30,10,4,"mixed",17.8454398552663
100,3,6,30,10,4,"mixed_population",15.6355346617965
100,3,6,30,10,5,"multinomial",15.6472819649603
100,3,6,30,10,5,"mixed",16.9964673062346
100,3,6,30,10,5,"mixed_population",15.5009567026295
100,3,6,30,10,6,"multinomial",15.3929878791968
100,3,6,30,10,6,"mixed",16.7387443636798
100,3,6,30,10,6,"mixed_population",15.1517469584258
100,3,6,30,10,7,"multinomial",15.1023590639434
100,3,6,30,10,7,"mixed",16.894995557006
100,3,6,30,10,7,"mixed_population",14.9688548637147
100,3,6,30,10,8,"multinomial",15.0636060719401
100,3,6,30,10,8,"mixed",16.5477560437925
100,3,6,30,10,8,"mixed_population",14.8989961076975
100,3,6,30,10,9,"multinomial",15.5075765935194
100,3,6,30,10,9,"mixed",16.8383360600189
100,3,6,30,10,9,"mixed_population",15.4344075046178
100,3,6,30,10,10,"multinomial",15.2935823363028
100,3,6,30,10,10,"mixed",16.805386148754
100,3,6,30,10,10,"mixed_population",15.0715866684341
100,3,6,30,10,11,"multinomial",15.1921297617782
100,3,6,30,10,11,"mixed",16.7970066223703
100,3,6,30,10,11,"mixed_population",15.018380084947
100,3,6,30,10,12,"multinomial",15.1299072266612
100,3,6,30,10,12,"mixed",16.4500677015293
100,3,6,30,10,12,"mixed_population",15.0144027077546
100,3,6,30,10,13,"multinomial",15.3014402933981
100,3,6,30,10,13,"mixed",16.5403293243349
100,3,6,30,10,13,"mixed_population",15.121441011186
100,3,6,30,10,14,"multinomial",15.3052759778922
100,3,6,30,10,14,"mixed",16.8421677256409
100,3,6,30,10,14,"mixed_population",15.0853763162895
100,3,6,30,10,15,"multinomial",14.8643733829266
100,3,6,30,10,15,"mixed",16.3381662531062
100,3,6,30,10,15,"mixed_population",14.7134972386425
100,3,6,30,10,16,"multinomial",15.1019366610661
100,3,6,30,10,16,"mixed",16.4032243246472
100,3,6,30,10,16,"mixed_population",14.8622989148973
100,3,6,30,10,17,"multinomial",15.2666211512171
100,3,6,30,10,17,"mixed",16.6859591092334
100,3,6,30,10,17,"mixed_population",15.0849858235075
100,3,6,30,10,18,"multinomial",15.741356051287
100,3,6,30,10,18,"mixed",17.2069274048996
100,3,6,30,10,18,"mixed_population",15.6584888559463
100,3,6,30,10,19,"multinomial",15.3412879741639
100,3,6,30,10,19,"mixed",17.3655468071574
100,3,6,30,10,19,"mixed_population",15.2507049848909
100,3,6,30,10,20,"multinomial",15.3059555968884
100,3,6,30,10,20,"mixed",16.9519874911781
100,3,6,30,10,20,"mixed_population",15.2256451531728
100,3,6,30,10,21,"multinomial",15.6490694522239
100,3,6,30,10,21,"mixed",16.7152215509243
100,3,6,30,10,21,"mixed_population",15.4770020151226
100,3,6,30,10,22,"multinomial",15.2340259116845
100,3,6,30,10,22,"mixed",16.5199990774277
100,3,6,30,10,22,"mixed_population",15.0102863522755
100,3,6,30,10,23,"multinomial",15.262078333856
100,3,6,30,10,23,"mixed",16.3601209190837
100,3,6,30,10,23,"mixed_population",15.091335539946
100,3,6,30,10,24,"multinomial",15.4998723570758
100,3,6,30,10,24,"mixed",17.0732839194528
100,3,6,30,10,24,"mixed_population",15.3014649229833
100,3,6,30,10,25,"multinomial",15.2803249067824
100,3,6,30,10,25,"mixed",16.7889863866193
100,3,6,30,10,25,"mixed_population",15.1633238290642
100,3,6,30,10,26,"multinomial",14.8266442041023
100,3,6,30,10,26,"mixed",16.3425314393736
100,3,6,30,10,26,"mixed_population",14.753159717032
100,3,6,30,10,27,"multinomial",14.9350575041664
100,3,6,30,10,27,"mixed",16.3725244553335
100,3,6,30,10,27,"mixed_population",14.9595677192863
100,3,6,30,10,28,"multinomial",15.4070208910825
100,3,6,30,10,28,"mixed",17.4543416398959
100,3,6,30,10,28,"mixed_population",15.2003122845236
100,3,6,30,10,29,"multinomial",15.1268174880283
100,3,6,30,10,29,"mixed",16.5436557157926
100,3,6,30,10,29,"mixed_population",14.936567629034
100,3,6,30,10,30,"multinomial",15.3238720089556
100,3,6,30,10,30,"mixed",16.7592748600007
100,3,6,30,10,30,"mixed_population",15.2153487926384
100,3,6,30,10,31,"multinomial",16.1855855134695
100,3,6,30,10,31,"mixed",17.8080784081757
100,3,6,30,10,31,"mixed_population",15.8163703638481
100,3,6,30,10,32,"multinomial",15.2210264672449
100,3,6,30,10,32,"mixed",16.7938235195124
100,3,6,30,10,32,"mixed_population",15.1294893471662
100,3,6,30,10,33,"multinomial",15.1565434995004
100,3,6,30,10,33,"mixed",16.7696428817956
100,3,6,30,10,33,"mixed_population",14.9904074211092
100,3,6,30,10,34,"multinomial",15.2281149875354
100,3,6,30,10,34,"mixed",16.8922033134656
100,3,6,30,10,34,"mixed_population",15.1654428544325
100,3,6,30,10,35,"multinomial",15.0822828815967
100,3,6,30,10,35,"mixed",16.170763375351
100,3,6,30,10,35,"mixed_population",15.0256591197058
100,3,6,30,10,36,"multinomial",15.3038465174135
100,3,6,30,10,36,"mixed",16.9933589600828
100,3,6,30,10,36,"mixed_population",15.126630274394
100,3,6,30,10,37,"multinomial",15.3077489159908
100,3,6,30,10,37,"mixed",16.4406399354251
100,3,6,30,10,37,"mixed_population",15.1064780542827
100,3,6,30,10,38,"multinomial",15.173201933716
100,3,6,30,10,38,"mixed",16.4790744710488
100,3,6,30,10,38,"mixed_population",14.9830419215773
100,3,6,30,10,39,"multinomial",15.3569413151435
100,3,6,30,10,39,"mixed",16.6601065668401
100,3,6,30,10,39,"mixed_population",15.1173972350959
100,3,6,30,10,40,"multinomial",15.3202640478161
100,3,6,30,10,40,"mixed",17.2303106412985
100,3,6,30,10,40,"mixed_population",15.0870291388708
100,3,6,30,10,41,"multinomial",15.481252226735
100,3,6,30,10,41,"mixed",16.6740386781533
100,3,6,30,10,41,"mixed_population",15.3529641138748
100,3,6,30,10,42,"multinomial",15.555141257976
100,3,6,30,10,42,"mixed",17.2893489354721
100,3,6,30,10,42,"mixed_population",15.4015864240462
100,3,6,30,10,43,"multinomial",15.3919666673796
100,3,6,30,10,43,"mixed",17.1525764308252
100,3,6,30,10,43,"mixed_population",15.2763199531976
100,3,6,30,10,44,"multinomial",15.0139532690153
100,3,6,30,10,44,"mixed",16.2786702692963
100,3,6,30,10,44,"mixed_population",14.9127769128988
100,3,6,30,10,45,"multinomial",15.1604451666592
100,3,6,30,10,45,"mixed",16.094050049546
100,3,6,30,10,45,"mixed_population",14.8940592863203
100,3,6,30,10,46,"multinomial",15.3916946832986
100,3,6,30,10,46,"mixed",16.6198433658213
100,3,6,30,10,46,"mixed_population",15.2056579412459
100,3,6,30,10,47,"multinomial",15.636689269555
100,3,6,30,10,47,"mixed",17.0711242426692
100,3,6,30,10,47,"mixed_population",15.3953398219419
100,3,6,30,10,48,"multinomial",15.1076560144034
100,3,6,30,10,48,"mixed",16.7913277170945
100,3,6,30,10,48,"mixed_population",15.0696461532671
100,3,6,30,10,49,"multinomial",15.173679243685
100,3,6,30,10,49,"mixed",16.342131355847
100,3,6,30,10,49,"mixed_population",14.9273984489939
100,3,6,30,10,50,"multinomial",15.1909575535851
100,3,6,30,10,50,"mixed",16.8382534441512
100,3,6,30,10,50,"mixed_population",15.1401514020362
100,3,6,30,10,51,"multinomial",15.1499088868423
100,3,6,30,10,51,"mixed",16.4758300346144
100,3,6,30,10,51,"mixed_population",14.9638337258193
100,3,6,30,10,52,"multinomial",15.6632933410934
100,3,6,30,10,52,"mixed",16.8513113857827
100,3,6,30,10,52,"mixed_population",15.5146360796385
100,3,6,30,10,53,"multinomial",15.0561844008887
100,3,6,30,10,53,"mixed",16.770700662661
100,3,6,30,10,53,"mixed_population",14.9605412219057
100,3,6,30,10,54,"multinomial",14.9493424150671
100,3,6,30,10,54,"mixed",16.348656355867
100,3,6,30,10,54,"mixed_population",14.6746872573889
100,3,6,30,10,55,"multinomial",15.2445029276671
100,3,6,30,10,55,"mixed",16.5772819190251
100,3,6,30,10,55,"mixed_population",14.9796031229202
100,3,6,30,10,56,"multinomial",15.8816735924579
100,3,6,30,10,56,"mixed",17.2435512133107
100,3,6,30,10,56,"mixed_population",15.6919340121834
100,3,6,30,10,57,"multinomial",15.5195789453627
100,3,6,30,10,57,"mixed",17.3020761303589
100,3,6,30,10,57,"mixed_population",15.3382934093666
100,3,6,30,10,58,"multinomial",15.3297748479937
100,3,6,30,10,58,"mixed",16.8217121819145
100,3,6,30,10,58,"mixed_population",15.1308954245347
100,3,6,30,10,59,"multinomial",15.333249919104
100,3,6,30,10,59,"mixed",16.8515823260579
100,3,6,30,10,59,"mixed_population",15.1075929530688
100,3,6,30,10,60,"multinomial",15.8346123739547
100,3,6,30,10,60,"mixed",17.4225561979225
100,3,6,30,10,60,"mixed_population",15.6273442186914
100,3,6,30,10,61,"multinomial",15.2597413674292
100,3,6,30,10,61,"mixed",16.2919950445889
100,3,6,30,10,61,"mixed_population",15.0447065317255
100,3,6,30,10,62,"multinomial",15.8042705746351
100,3,6,30,10,62,"mixed",16.9088334617459
100,3,6,30,10,62,"mixed_population",15.7061677461039
100,3,6,30,10,63,"multinomial",15.2441161808239
100,3,6,30,10,63,"mixed",16.2653597496687
100,3,6,30,10,63,"mixed_population",15.0780447138942
100,3,6,30,10,64,"multinomial",15.5278418436369
100,3,6,30,10,64,"mixed",16.7210776732289
100,3,6,30,10,64,"mixed_population",15.2228772391003
100,3,6,30,10,65,"multinomial",15.2743531965492
100,3,6,30,10,65,"mixed",17.1065217159366
100,3,6,30,10,65,"mixed_population",15.201552911607
100,3,6,30,10,66,"multinomial",15.5805913031754
100,3,6,30,10,66,"mixed",16.9243471032496
100,3,6,30,10,66,"mixed_population",15.371814846865
100,3,6,30,10,67,"multinomial",15.3083324828224
100,3,6,30,10,67,"mixed",17.2213579604497
100,3,6,30,10,67,"mixed_population",15.1864507685061
100,3,6,30,10,68,"multinomial",14.9966455921705
100,3,6,30,10,68,"mixed",16.773504586506
100,3,6,30,10,68,"mixed_population",14.9143923753393
100,3,6,30,10,69,"multinomial",15.2560740307536
100,3,6,30,10,69,"mixed",16.7402396231035
100,3,6,30,10,69,"mixed_population",15.0816662597993
100,3,6,30,10,70,"multinomial",15.4320988492093
100,3,6,30,10,70,"mixed",16.7840266272727
100,3,6,30,10,70,"mixed_population",15.2190566941986
100,3,6,30,10,71,"multinomial",15.0699577347395
100,3,6,30,10,71,"mixed",16.0214483423424
100,3,6,30,10,71,"mixed_population",14.7858650914085
100,3,6,30,10,72,"multinomial",14.9847111280926
100,3,6,30,10,72,"mixed",16.3824486807943
100,3,6,30,10,72,"mixed_population",14.880360514628
100,3,6,30,10,73,"multinomial",15.1603593408979
100,3,6,30,10,73,"mixed",16.8418151024117
100,3,6,30,10,73,"mixed_population",15.0359623339428
100,3,6,30,10,74,"multinomial",15.0022467820441
100,3,6,30,10,74,"mixed",16.3019981440484
100,3,6,30,10,74,"mixed_population",14.9495275869497
100,3,6,30,10,75,"multinomial",15.5064960097396
100,3,6,30,10,75,"mixed",16.7279229314833
100,3,6,30,10,75,"mixed_population",15.3339459919718
100,3,6,30,10,76,"multinomial",15.2521572798449
100,3,6,30,10,76,"mixed",16.7656804995788
100,3,6,30,10,76,"mixed_population",15.1711862914165
100,3,6,30,10,77,"multinomial",15.2947660392201
100,3,6,30,10,77,"mixed",17.0051243028131
100,3,6,30,10,77,"mixed_population",15.1008564061243
100,3,6,30,10,78,"multinomial",15.5168777655742
100,3,6,30,10,78,"mixed",16.9409259228092
100,3,6,30,10,78,"mixed_population",15.3817507794698
100,3,6,30,10,79,"multinomial",15.2171358235433
100,3,6,30,10,79,"mixed",16.7223935507348
100,3,6,30,10,79,"mixed_population",15.0483781464012
100,3,6,30,10,80,"multinomial",15.2586334646577
100,3,6,30,10,80,"mixed",17.0343188652181
100,3,6,30,10,80,"mixed_population",15.178935940494
100,3,6,30,10,81,"multinomial",15.3283179709028
100,3,6,30,10,81,"mixed",16.5828243615353
100,3,6,30,10,81,"mixed_population",15.1962053807304
100,3,6,30,10,82,"multinomial",15.5236868943429
100,3,6,30,10,82,"mixed",17.293098594055
100,3,6,30,10,82,"mixed_population",15.3318873937011
100,3,6,30,10,83,"multinomial",15.0503722774137
100,3,6,30,10,83,"mixed",16.2469309884962
100,3,6,30,10,83,"mixed_population",14.9418973430633
100,3,6,30,10,84,"multinomial",15.2970139780233
100,3,6,30,10,84,"mixed",16.7805511312874
100,3,6,30,10,84,"mixed_population",15.1253556658719
100,3,6,30,10,85,"multinomial",15.0485317786049
100,3,6,30,10,85,"mixed",15.8923437755982
100,3,6,30,10,85,"mixed_population",14.7546465773308
100,3,6,30,10,86,"multinomial",15.1403832966501
100,3,6,30,10,86,"mixed",15.9877126764909
100,3,6,30,10,86,"mixed_population",14.8943990438686
100,3,6,30,10,87,"multinomial",15.227374842275
100,3,6,30,10,87,"mixed",16.7830753447515
100,3,6,30,10,87,"mixed_population",14.9634603860098
100,3,6,30,10,88,"multinomial",15.114067516413
100,3,6,30,10,88,"mixed",16.8795860573059
100,3,6,30,10,88,"mixed_population",14.990582913224
100,3,6,30,10,89,"multinomial",15.5368836977616
100,3,6,30,10,89,"mixed",17.2927565370203
100,3,6,30,10,89,"mixed_population",15.2014414192026
100,3,6,30,10,90,"multinomial",15.2682861669782
100,3,6,30,10,90,"mixed",16.3657849558316
100,3,6,30,10,90,"mixed_population",15.1714325586123
100,3,6,30,10,91,"multinomial",15.6610196880044
100,3,6,30,10,91,"mixed",17.0538545138552
100,3,6,30,10,91,"mixed_population",15.4642986996617
100,3,6,30,10,92,"multinomial",15.0103219846574
100,3,6,30,10,92,"mixed",16.0995811769708
100,3,6,30,10,92,"mixed_population",14.8440694043813
100,3,6,30,10,93,"multinomial",15.4901742086896
100,3,6,30,10,93,"mixed",17.1806159664738
100,3,6,30,10,93,"mixed_population",15.3307265988335
100,3,6,30,10,94,"multinomial",15.6860979114174
100,3,6,30,10,94,"mixed",17.1226124715101
100,3,6,30,10,94,"mixed_population",15.4446303736792
100,3,6,30,10,95,"multinomial",15.6058716091074
100,3,6,30,10,95,"mixed",16.6546015289486
100,3,6,30,10,95,"mixed_population",15.3691576079116
100,3,6,30,10,96,"multinomial",14.9753914456147
100,3,6,30,10,96,"mixed",16.5611896771489
100,3,6,30,10,96,"mixed_population",14.8415456175985
100,3,6,30,10,97,"multinomial",15.5799137831569
100,3,6,30,10,97,"mixed",17.4862242928411
100,3,6,30,10,97,"mixed_population",15.5130670169025
100,3,6,30,10,98,"multinomial",15.2537410249992
100,3,6,30,10,98,"mixed",17.1116889683772
100,3,6,30,10,98,"mixed_population",15.138945892999
100,3,6,30,10,99,"multinomial",15.1438721283166
100,3,6,30,10,99,"mixed",16.9438856026152
100,3,6,30,10,99,"mixed_population",15.0165167043681
100,3,6,30,10,100,"multinomial",14.9155657128337
100,3,6,30,10,100,"mixed",16.0190956504615
100,3,6,30,10,100,"mixed_population",14.5332298927625
100,5,6,5,0.01,1,"multinomial",1.53859346683009
100,5,6,5,0.01,1,"mixed",1.52621193140494
100,5,6,5,0.01,1,"mixed_population",1.52620994335427
100,5,6,5,0.01,2,"multinomial",1.64214945249758
100,5,6,5,0.01,2,"mixed",1.63715589526058
100,5,6,5,0.01,2,"mixed_population",1.63715501627698
100,5,6,5,0.01,3,"multinomial",1.55387885243698
100,5,6,5,0.01,3,"mixed",1.54630020553547
100,5,6,5,0.01,3,"mixed_population",1.54630002977547
100,5,6,5,0.01,4,"multinomial",1.53532741746403
100,5,6,5,0.01,4,"mixed",1.53176691415333
100,5,6,5,0.01,4,"mixed_population",1.53176607727996
100,5,6,5,0.01,5,"multinomial",1.52128739799311
100,5,6,5,0.01,5,"mixed",1.51454506874783
100,5,6,5,0.01,5,"mixed_population",1.51455136463643
100,5,6,5,0.01,6,"multinomial",1.49163492034127
100,5,6,5,0.01,6,"mixed",1.48016935030944
100,5,6,5,0.01,6,"mixed_population",1.48016868316973
100,5,6,5,0.01,7,"multinomial",1.5936552632586
100,5,6,5,0.01,7,"mixed",1.58301866294278
100,5,6,5,0.01,7,"mixed_population",1.58282116282192
100,5,6,5,0.01,8,"multinomial",1.51797212609639
100,5,6,5,0.01,8,"mixed",1.50564956010529
100,5,6,5,0.01,8,"mixed_population",1.50565008342535
100,5,6,5,0.01,9,"multinomial",1.57321853296907
100,5,6,5,0.01,9,"mixed",1.56305972283251
100,5,6,5,0.01,9,"mixed_population",1.56305915034866
100,5,6,5,0.01,10,"multinomial",1.45546786711874
100,5,6,5,0.01,10,"mixed",1.44861699545131
100,5,6,5,0.01,10,"mixed_population",1.44861987259932
100,5,6,5,0.01,11,"multinomial",1.5386120141454
100,5,6,5,0.01,11,"mixed",1.52480282700076
100,5,6,5,0.01,11,"mixed_population",1.52480298516474
100,5,6,5,0.01,12,"multinomial",1.54672725741675
100,5,6,5,0.01,12,"mixed",1.54146560757043
100,5,6,5,0.01,12,"mixed_population",1.54146508394722
100,5,6,5,0.01,13,"multinomial",1.5321024699713
100,5,6,5,0.01,13,"mixed",1.52596604328153
100,5,6,5,0.01,13,"mixed_population",1.52596987873606
100,5,6,5,0.01,14,"multinomial",1.56441705243906
100,5,6,5,0.01,14,"mixed",1.55272587378595
100,5,6,5,0.01,14,"mixed_population",1.5527257939548
100,5,6,5,0.01,15,"multinomial",1.51125747079398
100,5,6,5,0.01,15,"mixed",1.50582950474103
100,5,6,5,0.01,15,"mixed_population",1.50582937867057
100,5,6,5,0.01,16,"multinomial",1.56905654183867
100,5,6,5,0.01,16,"mixed",1.55808390259401
100,5,6,5,0.01,16,"mixed_population",1.55808502662337
100,5,6,5,0.01,17,"multinomial",1.51341851464247
100,5,6,5,0.01,17,"mixed",1.5097440601169
100,5,6,5,0.01,17,"mixed_population",1.50974453777695
100,5,6,5,0.01,18,"multinomial",1.55312304574131
100,5,6,5,0.01,18,"mixed",1.54559548632015
100,5,6,5,0.01,18,"mixed_population",1.54559646675729
100,5,6,5,0.01,19,"multinomial",1.58978171587451
100,5,6,5,0.01,19,"mixed",1.58765130769634
100,5,6,5,0.01,19,"mixed_population",1.58765086170877
100,5,6,5,0.01,20,"multinomial",1.55637304678601
100,5,6,5,0.01,20,"mixed",1.55117299339703
100,5,6,5,0.01,20,"mixed_population",1.55117401488928
100,5,6,5,0.01,21,"multinomial",1.66404592234049
100,5,6,5,0.01,21,"mixed",1.65688134224028
100,5,6,5,0.01,21,"mixed_population",1.65688109112619
100,5,6,5,0.01,22,"multinomial",1.51837895961082
100,5,6,5,0.01,22,"mixed",1.51070926269061
100,5,6,5,0.01,22,"mixed_population",1.51070960088977
100,5,6,5,0.01,23,"multinomial",1.53247483099904
100,5,6,5,0.01,23,"mixed",1.52485908888579
100,5,6,5,0.01,23,"mixed_population",1.52485941636726
100,5,6,5,0.01,24,"multinomial",1.5944851360229
100,5,6,5,0.01,24,"mixed",1.58257804163484
100,5,6,5,0.01,24,"mixed_population",1.58257783595131
100,5,6,5,0.01,25,"multinomial",1.41739476478512
100,5,6,5,0.01,25,"mixed",1.41529929358653
100,5,6,5,0.01,25,"mixed_population",1.41529961245159
100,5,6,5,0.01,26,"multinomial",1.56581894180345
100,5,6,5,0.01,26,"mixed",1.55983237743677
100,5,6,5,0.01,26,"mixed_population",1.55983284119036
100,5,6,5,0.01,27,"multinomial",1.53053544301421
100,5,6,5,0.01,27,"mixed",1.52686644920931
100,5,6,5,0.01,27,"mixed_population",1.52686520025537
100,5,6,5,0.01,28,"multinomial",1.44291554972933
100,5,6,5,0.01,28,"mixed",1.43140440177248
100,5,6,5,0.01,28,"mixed_population",1.43140451110235
100,5,6,5,0.01,29,"multinomial",1.45511790739933
100,5,6,5,0.01,29,"mixed",1.44584794036689
100,5,6,5,0.01,29,"mixed_population",1.44584726269019
100,5,6,5,0.01,30,"multinomial",1.51189799244951
100,5,6,5,0.01,30,"mixed",1.50493981981736
100,5,6,5,0.01,30,"mixed_population",1.50419868391946
100,5,6,5,0.01,31,"multinomial",1.52996088228868
100,5,6,5,0.01,31,"mixed",1.52195807862385
100,5,6,5,0.01,31,"mixed_population",1.52195800363556
100,5,6,5,0.01,32,"multinomial",1.54980691582879
100,5,6,5,0.01,32,"mixed",1.53376032094317
100,5,6,5,0.01,32,"mixed_population",1.53375881035202
100,5,6,5,0.01,33,"multinomial",1.51451008613201
100,5,6,5,0.01,33,"mixed",1.50796930072282
100,5,6,5,0.01,33,"mixed_population",1.50796930990896
100,5,6,5,0.01,34,"multinomial",1.59337442074772
100,5,6,5,0.01,34,"mixed",1.58461329237852
100,5,6,5,0.01,34,"mixed_population",1.58461393627415
100,5,6,5,0.01,35,"multinomial",1.48975841622376
100,5,6,5,0.01,35,"mixed",1.48612102794948
100,5,6,5,0.01,35,"mixed_population",1.48612112360982
100,5,6,5,0.01,36,"multinomial",1.52555370948144
100,5,6,5,0.01,36,"mixed",1.51586609986347
100,5,6,5,0.01,36,"mixed_population",1.51586615833417
100,5,6,5,0.01,37,"multinomial",1.50751220533136
100,5,6,5,0.01,37,"mixed",1.49249611389153
100,5,6,5,0.01,37,"mixed_population",1.49249613593212
100,5,6,5,0.01,38,"multinomial",1.49614079683964
100,5,6,5,0.01,38,"mixed",1.4899895941221
100,5,6,5,0.01,38,"mixed_population",1.48998964140035
100,5,6,5,0.01,39,"multinomial",1.46923579622768
100,5,6,5,0.01,39,"mixed",1.46066906412472
100,5,6,5,0.01,39,"mixed_population",1.46066866709972
100,5,6,5,0.01,40,"multinomial",1.51426001457201
100,5,6,5,0.01,40,"mixed",1.50282359395908
100,5,6,5,0.01,40,"mixed_population",1.50282372660958
100,5,6,5,0.01,41,"multinomial",1.53869373451344
100,5,6,5,0.01,41,"mixed",1.52777800509406
100,5,6,5,0.01,41,"mixed_population",1.52777596449171
100,5,6,5,0.01,42,"multinomial",1.60457224211673
100,5,6,5,0.01,42,"mixed",1.59467237587038
100,5,6,5,0.01,42,"mixed_population",1.59467257876894
100,5,6,5,0.01,43,"multinomial",1.54313470141473
100,5,6,5,0.01,43,"mixed",1.5367336217323
100,5,6,5,0.01,43,"mixed_population",1.53673449362344
100,5,6,5,0.01,44,"multinomial",1.4650341169446
100,5,6,5,0.01,44,"mixed",1.45993684453688
100,5,6,5,0.01,44,"mixed_population",1.45993759996749
100,5,6,5,0.01,45,"multinomial",1.54655680970439
100,5,6,5,0.01,45,"mixed",1.53169252889356
100,5,6,5,0.01,45,"mixed_population",1.53169336996569
100,5,6,5,0.01,46,"multinomial",1.57690412767986
100,5,6,5,0.01,46,"mixed",1.57054170278816
100,5,6,5,0.01,46,"mixed_population",1.57054194040678
100,5,6,5,0.01,47,"multinomial",1.56766218879741
100,5,6,5,0.01,47,"mixed",1.55537573581426
100,5,6,5,0.01,47,"mixed_population",1.55537576307867
100,5,6,5,0.01,48,"multinomial",1.54753435280922
100,5,6,5,0.01,48,"mixed",1.53565248860851
100,5,6,5,0.01,48,"mixed_population",1.53565060158924
100,5,6,5,0.01,49,"multinomial",1.64065715798775
100,5,6,5,0.01,49,"mixed",1.62412350083546
100,5,6,5,0.01,49,"mixed_population",1.62412362508666
100,5,6,5,0.01,50,"multinomial",1.48497430279053
100,5,6,5,0.01,50,"mixed",1.47370068135253
100,5,6,5,0.01,50,"mixed_population",1.47369940605879
100,5,6,5,0.01,51,"multinomial",1.49779892218383
100,5,6,5,0.01,51,"mixed",1.49162744256052
100,5,6,5,0.01,51,"mixed_population",1.49162756302562
100,5,6,5,0.01,52,"multinomial",1.49886250444509
100,5,6,5,0.01,52,"mixed",1.49117708773961
100,5,6,5,0.01,52,"mixed_population",1.49031992684071
100,5,6,5,0.01,53,"multinomial",1.55441722992813
100,5,6,5,0.01,53,"mixed",1.54734765235297
100,5,6,5,0.01,53,"mixed_population",1.54734913768349
100,5,6,5,0.01,54,"multinomial",1.60053936999486
100,5,6,5,0.01,54,"mixed",1.58713221207753
100,5,6,5,0.01,54,"mixed_population",1.587132413638
100,5,6,5,0.01,55,"multinomial",1.53305037528299
100,5,6,5,0.01,55,"mixed",1.52453040923479
100,5,6,5,0.01,55,"mixed_population",1.52453026167428
100,5,6,5,0.01,56,"multinomial",1.50223813496985
100,5,6,5,0.01,56,"mixed",1.49697059934718
100,5,6,5,0.01,56,"mixed_population",1.49697049458081
100,5,6,5,0.01,57,"multinomial",1.62993035312525
100,5,6,5,0.01,57,"mixed",1.62535766169633
100,5,6,5,0.01,57,"mixed_population",1.62535811242433
100,5,6,5,0.01,58,"multinomial",1.6040266975883
100,5,6,5,0.01,58,"mixed",1.59772293036205
100,5,6,5,0.01,58,"mixed_population",1.59772332333962
100,5,6,5,0.01,59,"multinomial",1.52531645609245
100,5,6,5,0.01,59,"mixed",1.5195019564746
100,5,6,5,0.01,59,"mixed_population",1.51950213155243
100,5,6,5,0.01,60,"multinomial",1.46535378559536
100,5,6,5,0.01,60,"mixed",1.460335492823
100,5,6,5,0.01,60,"mixed_population",1.46033518158379
100,5,6,5,0.01,61,"multinomial",1.44163063325316
100,5,6,5,0.01,61,"mixed",1.43036950043623
100,5,6,5,0.01,61,"mixed_population",1.43036818531084
100,5,6,5,0.01,62,"multinomial",1.47640374862985
100,5,6,5,0.01,62,"mixed",1.46691298596678
100,5,6,5,0.01,62,"mixed_population",1.4669133543109
100,5,6,5,0.01,63,"multinomial",1.54818766450636
100,5,6,5,0.01,63,"mixed",1.53855997728895
100,5,6,5,0.01,63,"mixed_population",1.53855947339094
100,5,6,5,0.01,64,"multinomial",1.59819673272992
100,5,6,5,0.01,64,"mixed",1.58997996327435
100,5,6,5,0.01,64,"mixed_population",1.58997966535389
100,5,6,5,0.01,65,"multinomial",1.55032271226834
100,5,6,5,0.01,65,"mixed",1.54670151936457
100,5,6,5,0.01,65,"mixed_population",1.5467035552945
100,5,6,5,0.01,66,"multinomial",1.50364974016793
100,5,6,5,0.01,66,"mixed",1.49335578738917
100,5,6,5,0.01,66,"mixed_population",1.49335175075845
100,5,6,5,0.01,67,"multinomial",1.5340739321202
100,5,6,5,0.01,67,"mixed",1.52818244736287
100,5,6,5,0.01,67,"mixed_population",1.5281825604924
100,5,6,5,0.01,68,"multinomial",1.57642001139314
100,5,6,5,0.01,68,"mixed",1.57231214413821
100,5,6,5,0.01,68,"mixed_population",1.5723126913809
100,5,6,5,0.01,69,"multinomial",1.51459828977633
100,5,6,5,0.01,69,"mixed",1.50037430454074
100,5,6,5,0.01,69,"mixed_population",1.50037422068594
100,5,6,5,0.01,70,"multinomial",1.53125623133697
100,5,6,5,0.01,70,"mixed",1.5270474631846
100,5,6,5,0.01,70,"mixed_population",1.52704790199534
100,5,6,5,0.01,71,"multinomial",1.49737377897406
100,5,6,5,0.01,71,"mixed",1.48900660736427
100,5,6,5,0.01,71,"mixed_population",1.48900637464261
100,5,6,5,0.01,72,"multinomial",1.54415030047524
100,5,6,5,0.01,72,"mixed",1.53950658386345
100,5,6,5,0.01,72,"mixed_population",1.53950658899213
100,5,6,5,0.01,73,"multinomial",1.52508289348501
100,5,6,5,0.01,73,"mixed",1.52062098040982
100,5,6,5,0.01,73,"mixed_population",1.52062090957191
100,5,6,5,0.01,74,"multinomial",1.5180692601054
100,5,6,5,0.01,74,"mixed",1.51160087886669
100,5,6,5,0.01,74,"mixed_population",1.51160047187073
100,5,6,5,0.01,75,"multinomial",1.46387141507321
100,5,6,5,0.01,75,"mixed",1.45706058521898
100,5,6,5,0.01,75,"mixed_population",1.45706066601871
100,5,6,5,0.01,76,"multinomial",1.57298409315927
100,5,6,5,0.01,76,"mixed",1.56683944578754
100,5,6,5,0.01,76,"mixed_population",1.56683930976229
100,5,6,5,0.01,77,"multinomial",1.55896133223523
100,5,6,5,0.01,77,"mixed",1.55626806691508
100,5,6,5,0.01,77,"mixed_population",1.55626675434517
100,5,6,5,0.01,78,"multinomial",1.43567350730978
100,5,6,5,0.01,78,"mixed",1.43308606024186
100,5,6,5,0.01,78,"mixed_population",1.43308768907166
100,5,6,5,0.01,79,"multinomial",1.53747662132408
100,5,6,5,0.01,79,"mixed",1.52815405796419
100,5,6,5,0.01,79,"mixed_population",1.52815521901311
100,5,6,5,0.01,80,"multinomial",1.58691520448931
100,5,6,5,0.01,80,"mixed",1.57535664182948
100,5,6,5,0.01,80,"mixed_population",1.57535618104557
100,5,6,5,0.01,81,"multinomial",1.50074824798807
100,5,6,5,0.01,81,"mixed",1.4907135185069
100,5,6,5,0.01,81,"mixed_population",1.49071335347036
100,5,6,5,0.01,82,"multinomial",1.60902694507809
100,5,6,5,0.01,82,"mixed",1.59747074533917
100,5,6,5,0.01,82,"mixed_population",1.59747043922697
100,5,6,5,0.01,83,"multinomial",1.52773484023167
100,5,6,5,0.01,83,"mixed",1.52676815953931
100,5,6,5,0.01,83,"mixed_population",1.52676911369854
100,5,6,5,0.01,84,"multinomial",1.46493591442495
100,5,6,5,0.01,84,"mixed",1.46069887179277
100,5,6,5,0.01,84,"mixed_population",1.46069983067323
100,5,6,5,0.01,85,"multinomial",1.52319893656263
100,5,6,5,0.01,85,"mixed",1.51872328779711
100,5,6,5,0.01,85,"mixed_population",1.51872187055477
100,5,6,5,0.01,86,"multinomial",1.53479668800921
100,5,6,5,0.01,86,"mixed",1.52573062190001
100,5,6,5,0.01,86,"mixed_population",1.52573002813987
100,5,6,5,0.01,87,"multinomial",1.44145449552668
100,5,6,5,0.01,87,"mixed",1.43635712658098
100,5,6,5,0.01,87,"mixed_population",1.43635789806623
100,5,6,5,0.01,88,"multinomial",1.56148109118343
100,5,6,5,0.01,88,"mixed",1.55608785115399
100,5,6,5,0.01,88,"mixed_population",1.55608825528993
100,5,6,5,0.01,89,"multinomial",1.5223891403996
100,5,6,5,0.01,89,"mixed",1.51770851078093
100,5,6,5,0.01,89,"mixed_population",1.51656741699161
100,5,6,5,0.01,90,"multinomial",1.48702936833303
100,5,6,5,0.01,90,"mixed",1.48315145316586
100,5,6,5,0.01,90,"mixed_population",1.48315168752198
100,5,6,5,0.01,91,"multinomial",1.45821731701813
100,5,6,5,0.01,91,"mixed",1.44816171687265
100,5,6,5,0.01,91,"mixed_population",1.44816137956836
100,5,6,5,0.01,92,"multinomial",1.49325075125236
100,5,6,5,0.01,92,"mixed",1.4880844761113
100,5,6,5,0.01,92,"mixed_population",1.48808124357103
100,5,6,5,0.01,93,"multinomial",1.47538361109405
100,5,6,5,0.01,93,"mixed",1.46847675875958
100,5,6,5,0.01,93,"mixed_population",1.46849109356456
100,5,6,5,0.01,94,"multinomial",1.57353836022135
100,5,6,5,0.01,94,"mixed",1.56761143522594
100,5,6,5,0.01,94,"mixed_population",1.56761127834858
100,5,6,5,0.01,95,"multinomial",1.58131037231073
100,5,6,5,0.01,95,"mixed",1.58097102400202
100,5,6,5,0.01,95,"mixed_population",1.58097107141063
100,5,6,5,0.01,96,"multinomial",1.5306380415287
100,5,6,5,0.01,96,"mixed",1.52504682412363
100,5,6,5,0.01,96,"mixed_population",1.52504271803598
100,5,6,5,0.01,97,"multinomial",1.49674129362316
100,5,6,5,0.01,97,"mixed",1.49055157030178
100,5,6,5,0.01,97,"mixed_population",1.49055231057829
100,5,6,5,0.01,98,"multinomial",1.52633087578424
100,5,6,5,0.01,98,"mixed",1.52119722023714
100,5,6,5,0.01,98,"mixed_population",1.52119640483304
100,5,6,5,0.01,99,"multinomial",1.55067103978267
100,5,6,5,0.01,99,"mixed",1.53763205912321
100,5,6,5,0.01,99,"mixed_population",1.5376315704457
100,5,6,5,0.01,100,"multinomial",1.5997960255485
100,5,6,5,0.01,100,"mixed",1.59586219466372
100,5,6,5,0.01,100,"mixed_population",1.59586103490554
100,5,6,5,0.1,1,"multinomial",1.54685323555418
100,5,6,5,0.1,1,"mixed",1.53670598850933
100,5,6,5,0.1,1,"mixed_population",1.53670295475239
100,5,6,5,0.1,2,"multinomial",1.55328453520666
100,5,6,5,0.1,2,"mixed",1.54279308606105
100,5,6,5,0.1,2,"mixed_population",1.54279232245206
100,5,6,5,0.1,3,"multinomial",1.51453521120919
100,5,6,5,0.1,3,"mixed",1.50528047258213
100,5,6,5,0.1,3,"mixed_population",1.50528062499638
100,5,6,5,0.1,4,"multinomial",1.51252630159748
100,5,6,5,0.1,4,"mixed",1.49857037196717
100,5,6,5,0.1,4,"mixed_population",1.49857037241041
100,5,6,5,0.1,5,"multinomial",1.6355473055684
100,5,6,5,0.1,5,"mixed",1.62676330803495
100,5,6,5,0.1,5,"mixed_population",1.62676337599105
100,5,6,5,0.1,6,"multinomial",1.56453367285295
100,5,6,5,0.1,6,"mixed",1.55521662781009
100,5,6,5,0.1,6,"mixed_population",1.5552154100081
100,5,6,5,0.1,7,"multinomial",1.56139904066151
100,5,6,5,0.1,7,"mixed",1.55087665825424
100,5,6,5,0.1,7,"mixed_population",1.55087613096683
100,5,6,5,0.1,8,"multinomial",1.55613437837273
100,5,6,5,0.1,8,"mixed",1.54600055528864
100,5,6,5,0.1,8,"mixed_population",1.54600272670257
100,5,6,5,0.1,9,"multinomial",1.5889010537385
100,5,6,5,0.1,9,"mixed",1.57709877920607
100,5,6,5,0.1,9,"mixed_population",1.57709880971281
100,5,6,5,0.1,10,"multinomial",1.4820868118574
100,5,6,5,0.1,10,"mixed",1.47799543509276
100,5,6,5,0.1,10,"mixed_population",1.47799487764098
100,5,6,5,0.1,11,"multinomial",1.47346665420928
100,5,6,5,0.1,11,"mixed",1.46992946587273
100,5,6,5,0.1,11,"mixed_population",1.46992970080521
100,5,6,5,0.1,12,"multinomial",1.53048071833523
100,5,6,5,0.1,12,"mixed",1.52131355904632
100,5,6,5,0.1,12,"mixed_population",1.52131346097178
100,5,6,5,0.1,13,"multinomial",1.56737876939057
100,5,6,5,0.1,13,"mixed",1.55911806790325
100,5,6,5,0.1,13,"mixed_population",1.55911821052682
100,5,6,5,0.1,14,"multinomial",1.50223476939311
100,5,6,5,0.1,14,"mixed",1.49407251487895
100,5,6,5,0.1,14,"mixed_population",1.49407263610067
100,5,6,5,0.1,15,"multinomial",1.42517676042838
100,5,6,5,0.1,15,"mixed",1.41772778629126
100,5,6,5,0.1,15,"mixed_population",1.41772785431366
100,5,6,5,0.1,16,"multinomial",1.55290889262549
100,5,6,5,0.1,16,"mixed",1.53978437143545
100,5,6,5,0.1,16,"mixed_population",1.53978547346327
100,5,6,5,0.1,17,"multinomial",1.52084228506447
100,5,6,5,0.1,17,"mixed",1.51635545491656
100,5,6,5,0.1,17,"mixed_population",1.51635348712802
100,5,6,5,0.1,18,"multinomial",1.50359106893468
100,5,6,5,0.1,18,"mixed",1.49341845035087
100,5,6,5,0.1,18,"mixed_population",1.49341785215561
100,5,6,5,0.1,19,"multinomial",1.56277239105945
100,5,6,5,0.1,19,"mixed",1.55445997550299
100,5,6,5,0.1,19,"mixed_population",1.55446055118695
100,5,6,5,0.1,20,"multinomial",1.64611317754032
100,5,6,5,0.1,20,"mixed",1.64018720389714
100,5,6,5,0.1,20,"mixed_population",1.64018801485088
100,5,6,5,0.1,21,"multinomial",1.51462994282497
100,5,6,5,0.1,21,"mixed",1.50475046082887
100,5,6,5,0.1,21,"mixed_population",1.50475400348142
100,5,6,5,0.1,22,"multinomial",1.47197156054245
100,5,6,5,0.1,22,"mixed",1.46268722326306
100,5,6,5,0.1,22,"mixed_population",1.46268763621832
100,5,6,5,0.1,23,"multinomial",1.53668092967113
100,5,6,5,0.1,23,"mixed",1.53640788965086
100,5,6,5,0.1,23,"mixed_population",1.53640783822381
100,5,6,5,0.1,24,"multinomial",1.53962003614248
100,5,6,5,0.1,24,"mixed",1.52957248226415
100,5,6,5,0.1,24,"mixed_population",1.52957237697271
100,5,6,5,0.1,25,"multinomial",1.53417623510087
100,5,6,5,0.1,25,"mixed",1.52300525657073
100,5,6,5,0.1,25,"mixed_population",1.52300295426234
100,5,6,5,0.1,26,"multinomial",1.5636395152041
100,5,6,5,0.1,26,"mixed",1.55814301562434
100,5,6,5,0.1,26,"mixed_population",1.55814306300754
100,5,6,5,0.1,27,"multinomial",1.55230737399473
100,5,6,5,0.1,27,"mixed",1.54547389917932
100,5,6,5,0.1,27,"mixed_population",1.54547383872036
100,5,6,5,0.1,28,"multinomial",1.47842426990361
100,5,6,5,0.1,28,"mixed",1.46472516571442
100,5,6,5,0.1,28,"mixed_population",1.46472747784638
100,5,6,5,0.1,29,"multinomial",1.59518172759173
100,5,6,5,0.1,29,"mixed",1.5909680817001
100,5,6,5,0.1,29,"mixed_population",1.58946452371547
100,5,6,5,0.1,30,"multinomial",1.45216292363754
100,5,6,5,0.1,30,"mixed",1.44442927519865
100,5,6,5,0.1,30,"mixed_population",1.4444292053221
100,5,6,5,0.1,31,"multinomial",1.49803185208889
100,5,6,5,0.1,31,"mixed",1.49106083254378
100,5,6,5,0.1,31,"mixed_population",1.4910610000393
100,5,6,5,0.1,32,"multinomial",1.54112360676412
100,5,6,5,0.1,32,"mixed",1.53376144767307
100,5,6,5,0.1,32,"mixed_population",1.53376119438329
100,5,6,5,0.1,33,"multinomial",1.52159776177174
100,5,6,5,0.1,33,"mixed",1.51920916744626
100,5,6,5,0.1,33,"mixed_population",1.51920776458736
100,5,6,5,0.1,34,"multinomial",1.55963459909276
100,5,6,5,0.1,34,"mixed",1.54901327784018
100,5,6,5,0.1,34,"mixed_population",1.54901306879084
100,5,6,5,0.1,35,"multinomial",1.49588195302787
100,5,6,5,0.1,35,"mixed",1.48564347394687
100,5,6,5,0.1,35,"mixed_population",1.48564361029602
100,5,6,5,0.1,36,"multinomial",1.54461461737261
100,5,6,5,0.1,36,"mixed",1.53767109155471
100,5,6,5,0.1,36,"mixed_population",1.53767070368802
100,5,6,5,0.1,37,"multinomial",1.53126142438491
100,5,6,5,0.1,37,"mixed",1.52379023524113
100,5,6,5,0.1,37,"mixed_population",1.52379068776328
100,5,6,5,0.1,38,"multinomial",1.53435476736704
100,5,6,5,0.1,38,"mixed",1.52956686897577
100,5,6,5,0.1,38,"mixed_population",1.52956644652526
100,5,6,5,0.1,39,"multinomial",1.56310851337864
100,5,6,5,0.1,39,"mixed",1.55553423065139
100,5,6,5,0.1,39,"mixed_population",1.55553412144902
100,5,6,5,0.1,40,"multinomial",1.55050571092251
100,5,6,5,0.1,40,"mixed",1.54341491968817
100,5,6,5,0.1,40,"mixed_population",1.54341490830037
100,5,6,5,0.1,41,"multinomial",1.52218047440407
100,5,6,5,0.1,41,"mixed",1.51772226201363
100,5,6,5,0.1,41,"mixed_population",1.51772190623352
100,5,6,5,0.1,42,"multinomial",1.56367243226706
100,5,6,5,0.1,42,"mixed",1.55599796912121
100,5,6,5,0.1,42,"mixed_population",1.55350146530779
100,5,6,5,0.1,43,"multinomial",1.50525785895593
100,5,6,5,0.1,43,"mixed",1.49245667092724
100,5,6,5,0.1,43,"mixed_population",1.49245595044942
100,5,6,5,0.1,44,"multinomial",1.48518973026158
100,5,6,5,0.1,44,"mixed",1.47251074552287
100,5,6,5,0.1,44,"mixed_population",1.47251065576399
100,5,6,5,0.1,45,"multinomial",1.50144344267853
100,5,6,5,0.1,45,"mixed",1.49299003357128
100,5,6,5,0.1,45,"mixed_population",1.49299189049764
100,5,6,5,0.1,46,"multinomial",1.49494691364787
100,5,6,5,0.1,46,"mixed",1.48670325199702
100,5,6,5,0.1,46,"mixed_population",1.48670161355539
100,5,6,5,0.1,47,"multinomial",1.50370182212879
100,5,6,5,0.1,47,"mixed",1.49400869189109
100,5,6,5,0.1,47,"mixed_population",1.49400841483217
100,5,6,5,0.1,48,"multinomial",1.4907469851672
100,5,6,5,0.1,48,"mixed",1.48339201408482
100,5,6,5,0.1,48,"mixed_population",1.48339206323978
100,5,6,5,0.1,49,"multinomial",1.57684373815404
100,5,6,5,0.1,49,"mixed",1.5656894322655
100,5,6,5,0.1,49,"mixed_population",1.56568919176511
100,5,6,5,0.1,50,"multinomial",1.47626300870581
100,5,6,5,0.1,50,"mixed",1.46662991709217
100,5,6,5,0.1,50,"mixed_population",1.46663005417385
100,5,6,5,0.1,51,"multinomial",1.51800026668444
100,5,6,5,0.1,51,"mixed",1.50683917269491
100,5,6,5,0.1,51,"mixed_population",1.50683900108703
100,5,6,5,0.1,52,"multinomial",1.47691594852154
100,5,6,5,0.1,52,"mixed",1.46734625083383
100,5,6,5,0.1,52,"mixed_population",1.46734576824332
100,5,6,5,0.1,53,"multinomial",1.51079952970399
100,5,6,5,0.1,53,"mixed",1.50435070101503
100,5,6,5,0.1,53,"mixed_population",1.50424108181966
100,5,6,5,0.1,54,"multinomial",1.50772270450573
100,5,6,5,0.1,54,"mixed",1.49968299742978
100,5,6,5,0.1,54,"mixed_population",1.49968245960802
100,5,6,5,0.1,55,"multinomial",1.50589889594517
100,5,6,5,0.1,55,"mixed",1.50145515426783
100,5,6,5,0.1,55,"mixed_population",1.5002878266197
100,5,6,5,0.1,56,"multinomial",1.47315113490821
100,5,6,5,0.1,56,"mixed",1.46749245106544
100,5,6,5,0.1,56,"mixed_population",1.46749237187464
100,5,6,5,0.1,57,"multinomial",1.53236886008084
100,5,6,5,0.1,57,"mixed",1.53167558899291
100,5,6,5,0.1,57,"mixed_population",1.53167547261535
100,5,6,5,0.1,58,"multinomial",1.50480339865991
100,5,6,5,0.1,58,"mixed",1.50027538612511
100,5,6,5,0.1,58,"mixed_population",1.50027507311828
100,5,6,5,0.1,59,"multinomial",1.46290855549387
100,5,6,5,0.1,59,"mixed",1.4559473316338
100,5,6,5,0.1,59,"mixed_population",1.45594700238721
100,5,6,5,0.1,60,"multinomial",1.52554543631086
100,5,6,5,0.1,60,"mixed",1.52115578202015
100,5,6,5,0.1,60,"mixed_population",1.52115546780391
100,5,6,5,0.1,61,"multinomial",1.51584477113825
100,5,6,5,0.1,61,"mixed",1.51378970818752
100,5,6,5,0.1,61,"mixed_population",1.51378972209815
100,5,6,5,0.1,62,"multinomial",1.50473868886566
100,5,6,5,0.1,62,"mixed",1.49558857533033
100,5,6,5,0.1,62,"mixed_population",1.49558821357924
100,5,6,5,0.1,63,"multinomial",1.57658756459922
100,5,6,5,0.1,63,"mixed",1.56088439288834
100,5,6,5,0.1,63,"mixed_population",1.56088463583357
100,5,6,5,0.1,64,"multinomial",1.48495083687272
100,5,6,5,0.1,64,"mixed",1.48118064947812
100,5,6,5,0.1,64,"mixed_population",1.48118010233464
100,5,6,5,0.1,65,"multinomial",1.58584160426481
100,5,6,5,0.1,65,"mixed",1.57677378604936
100,5,6,5,0.1,65,"mixed_population",1.57640081208534
100,5,6,5,0.1,66,"multinomial",1.54438573588256
100,5,6,5,0.1,66,"mixed",1.53443674464402
100,5,6,5,0.1,66,"mixed_population",1.53443749893759
100,5,6,5,0.1,67,"multinomial",1.56321248203952
100,5,6,5,0.1,67,"mixed",1.55787104054923
100,5,6,5,0.1,67,"mixed_population",1.55787424015619
100,5,6,5,0.1,68,"multinomial",1.51904184737078
100,5,6,5,0.1,68,"mixed",1.51224737007169
100,5,6,5,0.1,68,"mixed_population",1.51097482620773
100,5,6,5,0.1,69,"multinomial",1.55788454056499
100,5,6,5,0.1,69,"mixed",1.55262955723779
100,5,6,5,0.1,69,"mixed_population",1.55262907920383
100,5,6,5,0.1,70,"multinomial",1.68910347870888
100,5,6,5,0.1,70,"mixed",1.67808443484119
100,5,6,5,0.1,70,"mixed_population",1.67808341658763
100,5,6,5,0.1,71,"multinomial",1.46983172269448
100,5,6,5,0.1,71,"mixed",1.46388181945303
100,5,6,5,0.1,71,"mixed_population",1.46388185388214
100,5,6,5,0.1,72,"multinomial",1.61335987138157
100,5,6,5,0.1,72,"mixed",1.6131834728316
100,5,6,5,0.1,72,"mixed_population",1.61318992963717
100,5,6,5,0.1,73,"multinomial",1.57932343686503
100,5,6,5,0.1,73,"mixed",1.56953470554146
100,5,6,5,0.1,73,"mixed_population",1.56953491016169
100,5,6,5,0.1,74,"multinomial",1.49774607446119
100,5,6,5,0.1,74,"mixed",1.48633918078778
100,5,6,5,0.1,74,"mixed_population",1.48633969618805
100,5,6,5,0.1,75,"multinomial",1.57616392170415
100,5,6,5,0.1,75,"mixed",1.56814934762261
100,5,6,5,0.1,75,"mixed_population",1.56815006559252
100,5,6,5,0.1,76,"multinomial",1.54313455432282
100,5,6,5,0.1,76,"mixed",1.53929583129378
100,5,6,5,0.1,76,"mixed_population",1.53929343581763
100,5,6,5,0.1,77,"multinomial",1.53310350470922
100,5,6,5,0.1,77,"mixed",1.5236065104214
100,5,6,5,0.1,77,"mixed_population",1.52360637667704
100,5,6,5,0.1,78,"multinomial",1.57692917994404
100,5,6,5,0.1,78,"mixed",1.57188804176724
100,5,6,5,0.1,78,"mixed_population",1.57188814723384
100,5,6,5,0.1,79,"multinomial",1.59268033506711
100,5,6,5,0.1,79,"mixed",1.57957303410388
100,5,6,5,0.1,79,"mixed_population",1.57957289699389
100,5,6,5,0.1,80,"multinomial",1.44891333787895
100,5,6,5,0.1,80,"mixed",1.43705563616196
100,5,6,5,0.1,80,"mixed_population",1.43705528525907
100,5,6,5,0.1,81,"multinomial",1.45850387756256
100,5,6,5,0.1,81,"mixed",1.45217351143633
100,5,6,5,0.1,81,"mixed_population",1.45217347264851
100,5,6,5,0.1,82,"multinomial",1.57853985727423
100,5,6,5,0.1,82,"mixed",1.57316001261263
100,5,6,5,0.1,82,"mixed_population",1.57316001232708
100,5,6,5,0.1,83,"multinomial",1.43566628936019
100,5,6,5,0.1,83,"mixed",1.42844636506082
100,5,6,5,0.1,83,"mixed_population",1.42844653545159
100,5,6,5,0.1,84,"multinomial",1.48001115646048
100,5,6,5,0.1,84,"mixed",1.47003373061375
100,5,6,5,0.1,84,"mixed_population",1.47003386555326
100,5,6,5,0.1,85,"multinomial",1.56231092935944
100,5,6,5,0.1,85,"mixed",1.55728615445714
100,5,6,5,0.1,85,"mixed_population",1.55728630512519
100,5,6,5,0.1,86,"multinomial",1.51725148649691
100,5,6,5,0.1,86,"mixed",1.50867617090388
100,5,6,5,0.1,86,"mixed_population",1.50868147666143
100,5,6,5,0.1,87,"multinomial",1.47804684604955
100,5,6,5,0.1,87,"mixed",1.47407729962436
100,5,6,5,0.1,87,"mixed_population",1.47407686055332
100,5,6,5,0.1,88,"multinomial",1.51719301152409
100,5,6,5,0.1,88,"mixed",1.51113540534605
100,5,6,5,0.1,88,"mixed_population",1.51113548825629
100,5,6,5,0.1,89,"multinomial",1.49776945993235
100,5,6,5,0.1,89,"mixed",1.49443940151192
100,5,6,5,0.1,89,"mixed_population",1.49443932410881
100,5,6,5,0.1,90,"multinomial",1.51207813130038
100,5,6,5,0.1,90,"mixed",1.50521975501137
100,5,6,5,0.1,90,"mixed_population",1.50522099521369
100,5,6,5,0.1,91,"multinomial",1.51408109928102
100,5,6,5,0.1,91,"mixed",1.5065116844024
100,5,6,5,0.1,91,"mixed_population",1.50651106335974
100,5,6,5,0.1,92,"multinomial",1.55485564964431
100,5,6,5,0.1,92,"mixed",1.5402126437996
100,5,6,5,0.1,92,"mixed_population",1.54021199614604
100,5,6,5,0.1,93,"multinomial",1.57473988915888
100,5,6,5,0.1,93,"mixed",1.57051011524117
100,5,6,5,0.1,93,"mixed_population",1.57050815420076
100,5,6,5,0.1,94,"multinomial",1.53345622005428
100,5,6,5,0.1,94,"mixed",1.52616526647927
100,5,6,5,0.1,94,"mixed_population",1.52616663363498
100,5,6,5,0.1,95,"multinomial",1.48467116550295
100,5,6,5,0.1,95,"mixed",1.48041436033699
100,5,6,5,0.1,95,"mixed_population",1.48041461401201
100,5,6,5,0.1,96,"multinomial",1.55983547265074
100,5,6,5,0.1,96,"mixed",1.55220302424944
100,5,6,5,0.1,96,"mixed_population",1.55220287989591
100,5,6,5,0.1,97,"multinomial",1.51601403234047
100,5,6,5,0.1,97,"mixed",1.51110258165063
100,5,6,5,0.1,97,"mixed_population",1.51110268055741
100,5,6,5,0.1,98,"multinomial",1.49199029257148
100,5,6,5,0.1,98,"mixed",1.47657847225449
100,5,6,5,0.1,98,"mixed_population",1.4765779982973
100,5,6,5,0.1,99,"multinomial",1.44482721909
100,5,6,5,0.1,99,"mixed",1.43489841452762
100,5,6,5,0.1,99,"mixed_population",1.43489921433967
100,5,6,5,0.1,100,"multinomial",1.52825432530568
100,5,6,5,0.1,100,"mixed",1.51839569170799
100,5,6,5,0.1,100,"mixed_population",1.5180129075918
100,5,6,5,1,1,"multinomial",1.68859685678298
100,5,6,5,1,1,"mixed",1.682267249575
100,5,6,5,1,1,"mixed_population",1.68226722189288
100,5,6,5,1,2,"multinomial",1.65316354065318
100,5,6,5,1,2,"mixed",1.65620993631038
100,5,6,5,1,2,"mixed_population",1.64982842573048
100,5,6,5,1,3,"multinomial",1.60992745393609
100,5,6,5,1,3,"mixed",1.60285988674927
100,5,6,5,1,3,"mixed_population",1.60287339242575
100,5,6,5,1,4,"multinomial",1.59715989941765
100,5,6,5,1,4,"mixed",1.59264177394877
100,5,6,5,1,4,"mixed_population",1.59264148122581
100,5,6,5,1,5,"multinomial",1.62281740649132
100,5,6,5,1,5,"mixed",1.63575966341522
100,5,6,5,1,5,"mixed_population",1.62824122887021
100,5,6,5,1,6,"multinomial",1.56424166325947
100,5,6,5,1,6,"mixed",1.55808461919437
100,5,6,5,1,6,"mixed_population",1.55808713355355
100,5,6,5,1,7,"multinomial",1.58414089397061
100,5,6,5,1,7,"mixed",1.57416127667943
100,5,6,5,1,7,"mixed_population",1.5741611740443
100,5,6,5,1,8,"multinomial",1.62265512459971
100,5,6,5,1,8,"mixed",1.61799356208182
100,5,6,5,1,8,"mixed_population",1.6179939785958
100,5,6,5,1,9,"multinomial",1.55954429142374
100,5,6,5,1,9,"mixed",1.5520056126447
100,5,6,5,1,9,"mixed_population",1.55200473058052
100,5,6,5,1,10,"multinomial",1.63428855322121
100,5,6,5,1,10,"mixed",1.6219076090854
100,5,6,5,1,10,"mixed_population",1.62190741420671
100,5,6,5,1,11,"multinomial",1.61363395831397
100,5,6,5,1,11,"mixed",1.60005044246333
100,5,6,5,1,11,"mixed_population",1.6000526216084
100,5,6,5,1,12,"multinomial",1.64960930347852
100,5,6,5,1,12,"mixed",1.64444396103885
100,5,6,5,1,12,"mixed_population",1.64444453250611
100,5,6,5,1,13,"multinomial",1.5925197880092
100,5,6,5,1,13,"mixed",1.58005249061674
100,5,6,5,1,13,"mixed_population",1.58005286659597
100,5,6,5,1,14,"multinomial",1.56019734077105
100,5,6,5,1,14,"mixed",1.55638909575498
100,5,6,5,1,14,"mixed_population",1.5563890627758
100,5,6,5,1,15,"multinomial",1.55219926875822
100,5,6,5,1,15,"mixed",1.54535399922618
100,5,6,5,1,15,"mixed_population",1.54535364634454
100,5,6,5,1,16,"multinomial",1.61699013732237
100,5,6,5,1,16,"mixed",1.61275761334481
100,5,6,5,1,16,"mixed_population",1.6127576905906
100,5,6,5,1,17,"multinomial",1.52046635627132
100,5,6,5,1,17,"mixed",1.51174449336467
100,5,6,5,1,17,"mixed_population",1.51174403034074
100,5,6,5,1,18,"multinomial",1.54545601718289
100,5,6,5,1,18,"mixed",1.53753013091816
100,5,6,5,1,18,"mixed_population",1.53753026921538
100,5,6,5,1,19,"multinomial",1.57570538730776
100,5,6,5,1,19,"mixed",1.57396535602863
100,5,6,5,1,19,"mixed_population",1.57396497473726
100,5,6,5,1,20,"multinomial",1.6512861534924
100,5,6,5,1,20,"mixed",1.64060133714589
100,5,6,5,1,20,"mixed_population",1.64060123676454
100,5,6,5,1,21,"multinomial",1.56929026630623
100,5,6,5,1,21,"mixed",1.56081422571388
100,5,6,5,1,21,"mixed_population",1.56081448546669
100,5,6,5,1,22,"multinomial",1.71188104082506
100,5,6,5,1,22,"mixed",1.71427308968512
100,5,6,5,1,22,"mixed_population",1.70896188911333
100,5,6,5,1,23,"multinomial",1.61282979269606
100,5,6,5,1,23,"mixed",1.6035029356297
100,5,6,5,1,23,"mixed_population",1.60350294630685
100,5,6,5,1,24,"multinomial",1.5495565191171
100,5,6,5,1,24,"mixed",1.54703499768258
100,5,6,5,1,24,"mixed_population",1.54703521164806
100,5,6,5,1,25,"multinomial",1.63801720728701
100,5,6,5,1,25,"mixed",1.63126822099657
100,5,6,5,1,25,"mixed_population",1.63120608780075
100,5,6,5,1,26,"multinomial",1.6227764546245
100,5,6,5,1,26,"mixed",1.6166192330674
100,5,6,5,1,26,"mixed_population",1.61513481131337
100,5,6,5,1,27,"multinomial",1.64371477325612
100,5,6,5,1,27,"mixed",1.64269204190731
100,5,6,5,1,27,"mixed_population",1.64269430045491
100,5,6,5,1,28,"multinomial",1.57021267785558
100,5,6,5,1,28,"mixed",1.56683882833464
100,5,6,5,1,28,"mixed_population",1.56683886211115
100,5,6,5,1,29,"multinomial",1.56417790653587
100,5,6,5,1,29,"mixed",1.55740473810645
100,5,6,5,1,29,"mixed_population",1.5567201864008
100,5,6,5,1,30,"multinomial",1.6675283758157
100,5,6,5,1,30,"mixed",1.66469651991515
100,5,6,5,1,30,"mixed_population",1.6646963226435
100,5,6,5,1,31,"multinomial",1.64632474355364
100,5,6,5,1,31,"mixed",1.642740446559
100,5,6,5,1,31,"mixed_population",1.64274051624974
100,5,6,5,1,32,"multinomial",1.55540861622471
100,5,6,5,1,32,"mixed",1.54537059557802
100,5,6,5,1,32,"mixed_population",1.5453704435435
100,5,6,5,1,33,"multinomial",1.55258313906411
100,5,6,5,1,33,"mixed",1.54454745531867
100,5,6,5,1,33,"mixed_population",1.54454776390873
100,5,6,5,1,34,"multinomial",1.64894737478801
100,5,6,5,1,34,"mixed",1.64813675279207
100,5,6,5,1,34,"mixed_population",1.648136877215
100,5,6,5,1,35,"multinomial",1.58385304184743
100,5,6,5,1,35,"mixed",1.57771016833858
100,5,6,5,1,35,"mixed_population",1.57771015252043
100,5,6,5,1,36,"multinomial",1.53482482092957
100,5,6,5,1,36,"mixed",1.529105896564
100,5,6,5,1,36,"mixed_population",1.52820985037141
100,5,6,5,1,37,"multinomial",1.57655245229155
100,5,6,5,1,37,"mixed",1.57211307762514
100,5,6,5,1,37,"mixed_population",1.57211320997393
100,5,6,5,1,38,"multinomial",1.56553875573243
100,5,6,5,1,38,"mixed",1.55229900260028
100,5,6,5,1,38,"mixed_population",1.55229910261359
100,5,6,5,1,39,"multinomial",1.60690788908056
100,5,6,5,1,39,"mixed",1.59690192886978
100,5,6,5,1,39,"mixed_population",1.59690218466789
100,5,6,5,1,40,"multinomial",1.53990699639715
100,5,6,5,1,40,"mixed",1.53766570237576
100,5,6,5,1,40,"mixed_population",1.53766577562207
100,5,6,5,1,41,"multinomial",1.62389153810299
100,5,6,5,1,41,"mixed",1.62123485964399
100,5,6,5,1,41,"mixed_population",1.6173131052835
100,5,6,5,1,42,"multinomial",1.52390782492832
100,5,6,5,1,42,"mixed",1.51194198356473
100,5,6,5,1,42,"mixed_population",1.5119439371184
100,5,6,5,1,43,"multinomial",1.61946906071461
100,5,6,5,1,43,"mixed",1.60977193088169
100,5,6,5,1,43,"mixed_population",1.60977246514041
100,5,6,5,1,44,"multinomial",1.58265359828204
100,5,6,5,1,44,"mixed",1.57016552655754
100,5,6,5,1,44,"mixed_population",1.57016451949439
100,5,6,5,1,45,"multinomial",1.45330551913172
100,5,6,5,1,45,"mixed",1.44640237042157
100,5,6,5,1,45,"mixed_population",1.44640238793365
100,5,6,5,1,46,"multinomial",1.623196893174
100,5,6,5,1,46,"mixed",1.61577064823714
100,5,6,5,1,46,"mixed_population",1.61576999241869
100,5,6,5,1,47,"multinomial",1.58744080474837
100,5,6,5,1,47,"mixed",1.58586784297005
100,5,6,5,1,47,"mixed_population",1.58586775304119
100,5,6,5,1,48,"multinomial",1.55815719304838
100,5,6,5,1,48,"mixed",1.54666399445337
100,5,6,5,1,48,"mixed_population",1.54666322717208
100,5,6,5,1,49,"multinomial",1.57060959750609
100,5,6,5,1,49,"mixed",1.56488337031525
100,5,6,5,1,49,"mixed_population",1.56488377659775
100,5,6,5,1,50,"multinomial",1.57311931070256
100,5,6,5,1,50,"mixed",1.56198037015281
100,5,6,5,1,50,"mixed_population",1.56198098631916
100,5,6,5,1,51,"multinomial",1.61153267023534
100,5,6,5,1,51,"mixed",1.61352775949677
100,5,6,5,1,51,"mixed_population",1.61352793220206
100,5,6,5,1,52,"multinomial",1.62493560064089
100,5,6,5,1,52,"mixed",1.62018181283286
100,5,6,5,1,52,"mixed_population",1.62018272434977
100,5,6,5,1,53,"multinomial",1.56597545940755
100,5,6,5,1,53,"mixed",1.563313448363
100,5,6,5,1,53,"mixed_population",1.56332082097607
100,5,6,5,1,54,"multinomial",1.61042367907194
100,5,6,5,1,54,"mixed",1.6014117968276
100,5,6,5,1,54,"mixed_population",1.60141276702735
100,5,6,5,1,55,"multinomial",1.60514004512691
100,5,6,5,1,55,"mixed",1.59818256717795
100,5,6,5,1,55,"mixed_population",1.59818251170424
100,5,6,5,1,56,"multinomial",1.63399808188999
100,5,6,5,1,56,"mixed",1.62478331074719
100,5,6,5,1,56,"mixed_population",1.62478368335869
100,5,6,5,1,57,"multinomial",1.61997914743691
100,5,6,5,1,57,"mixed",1.61001442135512
100,5,6,5,1,57,"mixed_population",1.60895139760821
100,5,6,5,1,58,"multinomial",1.52987610457848
100,5,6,5,1,58,"mixed",1.52915782379147
100,5,6,5,1,58,"mixed_population",1.52915749130785
100,5,6,5,1,59,"multinomial",1.58742039198714
100,5,6,5,1,59,"mixed",1.58340724989709
100,5,6,5,1,59,"mixed_population",1.58340684251814
100,5,6,5,1,60,"multinomial",1.60225567446703
100,5,6,5,1,60,"mixed",1.5903507907699
100,5,6,5,1,60,"mixed_population",1.59035043466251
100,5,6,5,1,61,"multinomial",1.5081156242035
100,5,6,5,1,61,"mixed",1.50099926058445
100,5,6,5,1,61,"mixed_population",1.50099954825674
100,5,6,5,1,62,"multinomial",1.66440128496723
100,5,6,5,1,62,"mixed",1.65542616143105
100,5,6,5,1,62,"mixed_population",1.65542613190275
100,5,6,5,1,63,"multinomial",1.55038768091929
100,5,6,5,1,63,"mixed",1.54729197637233
100,5,6,5,1,63,"mixed_population",1.54729042390162
100,5,6,5,1,64,"multinomial",1.54936097827506
100,5,6,5,1,64,"mixed",1.55514735405077
100,5,6,5,1,64,"mixed_population",1.54712766139405
100,5,6,5,1,65,"multinomial",1.62162151921291
100,5,6,5,1,65,"mixed",1.61681577887645
100,5,6,5,1,65,"mixed_population",1.61681818825518
100,5,6,5,1,66,"multinomial",1.74103022978535
100,5,6,5,1,66,"mixed",1.73201159372015
100,5,6,5,1,66,"mixed_population",1.73201172130318
100,5,6,5,1,67,"multinomial",1.63000443108412
100,5,6,5,1,67,"mixed",1.62524815408041
100,5,6,5,1,67,"mixed_population",1.62322620431205
100,5,6,5,1,68,"multinomial",1.66528455621269
100,5,6,5,1,68,"mixed",1.65031678569686
100,5,6,5,1,68,"mixed_population",1.65030540053026
100,5,6,5,1,69,"multinomial",1.60068257118244
100,5,6,5,1,69,"mixed",1.58742885114784
100,5,6,5,1,69,"mixed_population",1.58742956614195
100,5,6,5,1,70,"multinomial",1.62200060815253
100,5,6,5,1,70,"mixed",1.61004733021467
100,5,6,5,1,70,"mixed_population",1.60895168173592
100,5,6,5,1,71,"multinomial",1.54020005483688
100,5,6,5,1,71,"mixed",1.53761139366371
100,5,6,5,1,71,"mixed_population",1.5376115099295
100,5,6,5,1,72,"multinomial",1.5311300560815
100,5,6,5,1,72,"mixed",1.52336139863855
100,5,6,5,1,72,"mixed_population",1.52336116666431
100,5,6,5,1,73,"multinomial",1.58107642250561
100,5,6,5,1,73,"mixed",1.59514918879724
100,5,6,5,1,73,"mixed_population",1.58694475837034
100,5,6,5,1,74,"multinomial",1.58231977568633
100,5,6,5,1,74,"mixed",1.57383363984415
100,5,6,5,1,74,"mixed_population",1.57383772197981
100,5,6,5,1,75,"multinomial",1.57166433286826
100,5,6,5,1,75,"mixed",1.56508070220825
100,5,6,5,1,75,"mixed_population",1.56508057740867
100,5,6,5,1,76,"multinomial",1.58141560293966
100,5,6,5,1,76,"mixed",1.58360582840003
100,5,6,5,1,76,"mixed_population",1.57814419603969
100,5,6,5,1,77,"multinomial",1.63483675680331
100,5,6,5,1,77,"mixed",1.63234987252076
100,5,6,5,1,77,"mixed_population",1.63235053590064
100,5,6,5,1,78,"multinomial",1.58498191063956
100,5,6,5,1,78,"mixed",1.57524322731046
100,5,6,5,1,78,"mixed_population",1.57524343052093
100,5,6,5,1,79,"multinomial",1.66661757385893
100,5,6,5,1,79,"mixed",1.68291671332091
100,5,6,5,1,79,"mixed_population",1.67387859772124
100,5,6,5,1,80,"multinomial",1.65291262577208
100,5,6,5,1,80,"mixed",1.64600506516799
100,5,6,5,1,80,"mixed_population",1.64454605791343
100,5,6,5,1,81,"multinomial",1.62998099484479
100,5,6,5,1,81,"mixed",1.63647535044827
100,5,6,5,1,81,"mixed_population",1.63274834021575
100,5,6,5,1,82,"multinomial",1.64742148603455
100,5,6,5,1,82,"mixed",1.63970303402923
100,5,6,5,1,82,"mixed_population",1.63969975210531
100,5,6,5,1,83,"multinomial",1.65914337901772
100,5,6,5,1,83,"mixed",1.65010948161541
100,5,6,5,1,83,"mixed_population",1.65010980960425
100,5,6,5,1,84,"multinomial",1.70047266392051
100,5,6,5,1,84,"mixed",1.69369169631751
100,5,6,5,1,84,"mixed_population",1.69368952412721
100,5,6,5,1,85,"multinomial",1.62317784288006
100,5,6,5,1,85,"mixed",1.61870558466787
100,5,6,5,1,85,"mixed_population",1.61870658855586
100,5,6,5,1,86,"multinomial",1.54014099477317
100,5,6,5,1,86,"mixed",1.53503650632495
100,5,6,5,1,86,"mixed_population",1.53503632955613
100,5,6,5,1,87,"multinomial",1.60369148804995
100,5,6,5,1,87,"mixed",1.59822095630928
100,5,6,5,1,87,"mixed_population",1.5982213149992
100,5,6,5,1,88,"multinomial",1.53398609382639
100,5,6,5,1,88,"mixed",1.53073034453445
100,5,6,5,1,88,"mixed_population",1.53073029868859
100,5,6,5,1,89,"multinomial",1.51809109341807
100,5,6,5,1,89,"mixed",1.50566822181931
100,5,6,5,1,89,"mixed_population",1.50566790283482
100,5,6,5,1,90,"multinomial",1.60232236941544
100,5,6,5,1,90,"mixed",1.61023654287147
100,5,6,5,1,90,"mixed_population",1.60541257874853
100,5,6,5,1,91,"multinomial",1.63340044411733
100,5,6,5,1,91,"mixed",1.63328703588216
100,5,6,5,1,91,"mixed_population",1.63138408994552
100,5,6,5,1,92,"multinomial",1.75358182803459
100,5,6,5,1,92,"mixed",1.74724417465167
100,5,6,5,1,92,"mixed_population",1.74724326738435
100,5,6,5,1,93,"multinomial",1.69256284926728
100,5,6,5,1,93,"mixed",1.68415987767481
100,5,6,5,1,93,"mixed_population",1.68415717539087
100,5,6,5,1,94,"multinomial",1.65886868889829
100,5,6,5,1,94,"mixed",1.65373186484426
100,5,6,5,1,94,"mixed_population",1.65072763174128
100,5,6,5,1,95,"multinomial",1.67996867683047
100,5,6,5,1,95,"mixed",1.66623831043555
100,5,6,5,1,95,"mixed_population",1.66623795702702
100,5,6,5,1,96,"multinomial",1.57784987977334
100,5,6,5,1,96,"mixed",1.57391263082293
100,5,6,5,1,96,"mixed_population",1.57391257361816
100,5,6,5,1,97,"multinomial",1.55622363941914
100,5,6,5,1,97,"mixed",1.54599204720548
100,5,6,5,1,97,"mixed_population",1.54598738128077
100,5,6,5,1,98,"multinomial",1.56465500651061
100,5,6,5,1,98,"mixed",1.56111038732783
100,5,6,5,1,98,"mixed_population",1.56111039763482
100,5,6,5,1,99,"multinomial",1.56313320603121
100,5,6,5,1,99,"mixed",1.55414195811016
100,5,6,5,1,99,"mixed_population",1.55413849121202
100,5,6,5,1,100,"multinomial",1.54640342035285
100,5,6,5,1,100,"mixed",1.54354197749834
100,5,6,5,1,100,"mixed_population",1.54354263144333
100,5,6,5,10,1,"multinomial",2.43952890460283
100,5,6,5,10,1,"mixed",2.47912880118943
100,5,6,5,10,1,"mixed_population",2.40554011664721
100,5,6,5,10,2,"multinomial",2.53047232142902
100,5,6,5,10,2,"mixed",2.65383915741592
100,5,6,5,10,2,"mixed_population",2.51666823145198
100,5,6,5,10,3,"multinomial",2.5178172944019
100,5,6,5,10,3,"mixed",2.61316239068574
100,5,6,5,10,3,"mixed_population",2.49717510739017
100,5,6,5,10,4,"multinomial",2.50688115163992
100,5,6,5,10,4,"mixed",2.61650316495065
100,5,6,5,10,4,"mixed_population",2.47941997733325
100,5,6,5,10,5,"multinomial",2.49346390835747
100,5,6,5,10,5,"mixed",2.62602414224048
100,5,6,5,10,5,"mixed_population",2.46981858897267
100,5,6,5,10,6,"multinomial",2.45175872980645
100,5,6,5,10,6,"mixed",2.5553551240152
100,5,6,5,10,6,"mixed_population",2.43487495241864
100,5,6,5,10,7,"multinomial",2.45260429858234
100,5,6,5,10,7,"mixed",2.56808123524817
100,5,6,5,10,7,"mixed_population",2.42813607944511
100,5,6,5,10,8,"multinomial",2.34090138637897
100,5,6,5,10,8,"mixed",2.46379208607296
100,5,6,5,10,8,"mixed_population",2.31189980250521
100,5,6,5,10,9,"multinomial",2.4207610905336
100,5,6,5,10,9,"mixed",2.49981731830896
100,5,6,5,10,9,"mixed_population",2.39386601656991
100,5,6,5,10,10,"multinomial",2.46555007511369
100,5,6,5,10,10,"mixed",2.57055345949041
100,5,6,5,10,10,"mixed_population",2.46070319332332
100,5,6,5,10,11,"multinomial",2.46125487523342
100,5,6,5,10,11,"mixed",2.55393346373174
100,5,6,5,10,11,"mixed_population",2.42958657782957
100,5,6,5,10,12,"multinomial",2.45643993715098
100,5,6,5,10,12,"mixed",2.51097257089589
100,5,6,5,10,12,"mixed_population",2.40815224487006
100,5,6,5,10,13,"multinomial",2.46559509697445
100,5,6,5,10,13,"mixed",2.60655053732766
100,5,6,5,10,13,"mixed_population",2.4436166967611
100,5,6,5,10,14,"multinomial",2.49448083359025
100,5,6,5,10,14,"mixed",2.63104278711551
100,5,6,5,10,14,"mixed_population",2.48499709428615
100,5,6,5,10,15,"multinomial",2.49682638186964
100,5,6,5,10,15,"mixed",2.60744820276147
100,5,6,5,10,15,"mixed_population",2.45261439855002
100,5,6,5,10,16,"multinomial",2.44657713725909
100,5,6,5,10,16,"mixed",2.53117423262143
100,5,6,5,10,16,"mixed_population",2.42399659025458
100,5,6,5,10,17,"multinomial",2.44893944791678
100,5,6,5,10,17,"mixed",2.55300383030482
100,5,6,5,10,17,"mixed_population",2.41485133384915
100,5,6,5,10,18,"multinomial",2.35546433817316
100,5,6,5,10,18,"mixed",2.394655636621
100,5,6,5,10,18,"mixed_population",2.34113641314352
100,5,6,5,10,19,"multinomial",2.49607596661223
100,5,6,5,10,19,"mixed",2.58586476166118
100,5,6,5,10,19,"mixed_population",2.48412271014565
100,5,6,5,10,20,"multinomial",2.45237258044318
100,5,6,5,10,20,"mixed",2.55428326545525
100,5,6,5,10,20,"mixed_population",2.42867621941429
100,5,6,5,10,21,"multinomial",2.51799362598954
100,5,6,5,10,21,"mixed",2.56710627357473
100,5,6,5,10,21,"mixed_population",2.50171671628515
100,5,6,5,10,22,"multinomial",2.39964170195524
100,5,6,5,10,22,"mixed",2.48785792804839
100,5,6,5,10,22,"mixed_population",2.37802926961952
100,5,6,5,10,23,"multinomial",2.43392478130064
100,5,6,5,10,23,"mixed",2.50234774639944
100,5,6,5,10,23,"mixed_population",2.40580804810593
100,5,6,5,10,24,"multinomial",2.51262925428607
100,5,6,5,10,24,"mixed",2.61732092206262
100,5,6,5,10,24,"mixed_population",2.50985039287105
100,5,6,5,10,25,"multinomial",2.50792811163529
100,5,6,5,10,25,"mixed",2.68983339130712
100,5,6,5,10,25,"mixed_population",2.47651787702225
100,5,6,5,10,26,"multinomial",2.39655116770049
100,5,6,5,10,26,"mixed",2.45765348980063
100,5,6,5,10,26,"mixed_population",2.37048178158384
100,5,6,5,10,27,"multinomial",2.44445575942339
100,5,6,5,10,27,"mixed",2.53185319311129
100,5,6,5,10,27,"mixed_population",2.43025420724193
100,5,6,5,10,28,"multinomial",2.4836209396356
100,5,6,5,10,28,"mixed",2.59423013228379
100,5,6,5,10,28,"mixed_population",2.46214637984325
100,5,6,5,10,29,"multinomial",2.49696681955967
100,5,6,5,10,29,"mixed",2.5968629137204
100,5,6,5,10,29,"mixed_population",2.47222685321922
100,5,6,5,10,30,"multinomial",2.34473016188842
100,5,6,5,10,30,"mixed",2.45996435429072
100,5,6,5,10,30,"mixed_population",2.32970649706988
100,5,6,5,10,31,"multinomial",2.4778384346315
100,5,6,5,10,31,"mixed",2.58084613543323
100,5,6,5,10,31,"mixed_population",2.45911485541004
100,5,6,5,10,32,"multinomial",2.48924414330104
100,5,6,5,10,32,"mixed",2.55526865605071
100,5,6,5,10,32,"mixed_population",2.45859470458244
100,5,6,5,10,33,"multinomial",2.49476593187788
100,5,6,5,10,33,"mixed",2.59088324476518
100,5,6,5,10,33,"mixed_population",2.46377780453688
100,5,6,5,10,34,"multinomial",2.36599692193018
100,5,6,5,10,34,"mixed",2.440948706029
100,5,6,5,10,34,"mixed_population",2.34121235348624
100,5,6,5,10,35,"multinomial",2.53116992067238
100,5,6,5,10,35,"mixed",2.66364651415728
100,5,6,5,10,35,"mixed_population",2.5146418745522
100,5,6,5,10,36,"multinomial",2.43853585223688
100,5,6,5,10,36,"mixed",2.55661237277805
100,5,6,5,10,36,"mixed_population",2.42007491657138
100,5,6,5,10,37,"multinomial",2.48758657597582
100,5,6,5,10,37,"mixed",2.56501736183957
100,5,6,5,10,37,"mixed_population",2.45739387056699
100,5,6,5,10,38,"multinomial",2.45282209599205
100,5,6,5,10,38,"mixed",2.57287669776751
100,5,6,5,10,38,"mixed_population",2.41995283487452
100,5,6,5,10,39,"multinomial",2.34413226536921
100,5,6,5,10,39,"mixed",2.45557714148734
100,5,6,5,10,39,"mixed_population",2.31948612821397
100,5,6,5,10,40,"multinomial",2.34415183223742
100,5,6,5,10,40,"mixed",2.47200477760948
100,5,6,5,10,40,"mixed_population",2.31486407440269
100,5,6,5,10,41,"multinomial",2.4222505516746
100,5,6,5,10,41,"mixed",2.49208853651269
100,5,6,5,10,41,"mixed_population",2.39450619986998
100,5,6,5,10,42,"multinomial",2.40521368230831
100,5,6,5,10,42,"mixed",2.51478601939798
100,5,6,5,10,42,"mixed_population",2.35606668544873
100,5,6,5,10,43,"multinomial",2.45980937802029
100,5,6,5,10,43,"mixed",2.54871555156773
100,5,6,5,10,43,"mixed_population",2.44552970606175
100,5,6,5,10,44,"multinomial",2.58052874820137
100,5,6,5,10,44,"mixed",2.66783348799283
100,5,6,5,10,44,"mixed_population",2.53240921485775
100,5,6,5,10,45,"multinomial",2.46113065550774
100,5,6,5,10,45,"mixed",2.62040911589772
100,5,6,5,10,45,"mixed_population",2.44811743536424
100,5,6,5,10,46,"multinomial",2.34313966492141
100,5,6,5,10,46,"mixed",2.45494665682747
100,5,6,5,10,46,"mixed_population",2.32135366791891
100,5,6,5,10,47,"multinomial",2.45046631684787
100,5,6,5,10,47,"mixed",2.51211003968824
100,5,6,5,10,47,"mixed_population",2.42145065297068
100,5,6,5,10,48,"multinomial",2.42380423078519
100,5,6,5,10,48,"mixed",2.51817642150717
100,5,6,5,10,48,"mixed_population",2.40683090878649
100,5,6,5,10,49,"multinomial",2.53141048697657
100,5,6,5,10,49,"mixed",2.6148183803833
100,5,6,5,10,49,"mixed_population",2.52593092016345
100,5,6,5,10,50,"multinomial",2.39576434117701
100,5,6,5,10,50,"mixed",2.53292834199508
100,5,6,5,10,50,"mixed_population",2.36600728342171
100,5,6,5,10,51,"multinomial",2.40954255532977
100,5,6,5,10,51,"mixed",2.4855530530737
100,5,6,5,10,51,"mixed_population",2.39885373181349
100,5,6,5,10,52,"multinomial",2.50419868053411
100,5,6,5,10,52,"mixed",2.57205047699333
100,5,6,5,10,52,"mixed_population",2.47833811450389
100,5,6,5,10,53,"multinomial",2.4479031866005
100,5,6,5,10,53,"mixed",2.52730454858634
100,5,6,5,10,53,"mixed_population",2.41585721655634
100,5,6,5,10,54,"multinomial",2.47691879318017
100,5,6,5,10,54,"mixed",2.5799632882325
100,5,6,5,10,54,"mixed_population",2.46767875100153
100,5,6,5,10,55,"multinomial",2.43453129636586
100,5,6,5,10,55,"mixed",2.48851646995412
100,5,6,5,10,55,"mixed_population",2.39616943318463
100,5,6,5,10,56,"multinomial",2.50273590875401
100,5,6,5,10,56,"mixed",2.58448155200943
100,5,6,5,10,56,"mixed_population",2.48186460027648
100,5,6,5,10,57,"multinomial",2.49877611847811
100,5,6,5,10,57,"mixed",2.60483734127817
100,5,6,5,10,57,"mixed_population",2.46901227798792
100,5,6,5,10,58,"multinomial",2.38482653730118
100,5,6,5,10,58,"mixed",2.47438106259225
100,5,6,5,10,58,"mixed_population",2.37452725837378
100,5,6,5,10,59,"multinomial",2.42706996197564
100,5,6,5,10,59,"mixed",2.53289911967888
100,5,6,5,10,59,"mixed_population",2.40507221142607
100,5,6,5,10,60,"multinomial",2.45364170416325
100,5,6,5,10,60,"mixed",2.5431576689277
100,5,6,5,10,60,"mixed_population",2.43270296427672
100,5,6,5,10,61,"multinomial",2.44520068704904
100,5,6,5,10,61,"mixed",2.53852064640541
100,5,6,5,10,61,"mixed_population",2.43581984283987
100,5,6,5,10,62,"multinomial",2.4239809683421
100,5,6,5,10,62,"mixed",2.5649214201385
100,5,6,5,10,62,"mixed_population",2.40846434776877
100,5,6,5,10,63,"multinomial",2.42662050571858
100,5,6,5,10,63,"mixed",2.5352724962446
100,5,6,5,10,63,"mixed_population",2.3905247428323
100,5,6,5,10,64,"multinomial",2.47257032274212
100,5,6,5,10,64,"mixed",2.55308703546581
100,5,6,5,10,64,"mixed_population",2.4498772870165
100,5,6,5,10,65,"multinomial",2.44326885219287
100,5,6,5,10,65,"mixed",2.5220463807919
100,5,6,5,10,65,"mixed_population",2.42792478416086
100,5,6,5,10,66,"multinomial",2.46562671205692
100,5,6,5,10,66,"mixed",2.53284066898154
100,5,6,5,10,66,"mixed_population",2.45432250594704
100,5,6,5,10,67,"multinomial",2.39607448870829
100,5,6,5,10,67,"mixed",2.47995759929694
100,5,6,5,10,67,"mixed_population",2.36305055305609
100,5,6,5,10,68,"multinomial",2.39205526479158
100,5,6,5,10,68,"mixed",2.44318402860368
100,5,6,5,10,68,"mixed_population",2.36252642117783
100,5,6,5,10,69,"multinomial",2.54096092924283
100,5,6,5,10,69,"mixed",2.70066962325126
100,5,6,5,10,69,"mixed_population",2.51933423275177
100,5,6,5,10,70,"multinomial",2.48531690073738
100,5,6,5,10,70,"mixed",2.55899605949721
100,5,6,5,10,70,"mixed_population",2.46457517818961
100,5,6,5,10,71,"multinomial",2.36936364273173
100,5,6,5,10,71,"mixed",2.43615221522895
100,5,6,5,10,71,"mixed_population",2.33290941597626
100,5,6,5,10,72,"multinomial",2.3943434062863
100,5,6,5,10,72,"mixed",2.46895257959929
100,5,6,5,10,72,"mixed_population",2.38894772794634
100,5,6,5,10,73,"multinomial",2.40436176056203
100,5,6,5,10,73,"mixed",2.50282770850902
100,5,6,5,10,73,"mixed_population",2.38358380072247
100,5,6,5,10,74,"multinomial",2.4917812317051
100,5,6,5,10,74,"mixed",2.58883938954174
100,5,6,5,10,74,"mixed_population",2.45489446696976
100,5,6,5,10,75,"multinomial",2.40681441590035
100,5,6,5,10,75,"mixed",2.46894916739096
100,5,6,5,10,75,"mixed_population",2.34350145085347
100,5,6,5,10,76,"multinomial",2.46215101821071
100,5,6,5,10,76,"mixed",2.56797303390323
100,5,6,5,10,76,"mixed_population",2.44829457771153
100,5,6,5,10,77,"multinomial",2.39511229050356
100,5,6,5,10,77,"mixed",2.49958432053637
100,5,6,5,10,77,"mixed_population",2.37946545818583
100,5,6,5,10,78,"multinomial",2.50586820898102
100,5,6,5,10,78,"mixed",2.65281900183655
100,5,6,5,10,78,"mixed_population",2.47698760448715
100,5,6,5,10,79,"multinomial",2.45400942650552
100,5,6,5,10,79,"mixed",2.52920481701468
100,5,6,5,10,79,"mixed_population",2.40870639135719
100,5,6,5,10,80,"multinomial",2.44450354714874
100,5,6,5,10,80,"mixed",2.55113488172827
100,5,6,5,10,80,"mixed_population",2.41893832412062
100,5,6,5,10,81,"multinomial",2.37746021689408
100,5,6,5,10,81,"mixed",2.47333262920659
100,5,6,5,10,81,"mixed_population",2.3479304827389
100,5,6,5,10,82,"multinomial",2.42071537006433
100,5,6,5,10,82,"mixed",2.5429084904884
100,5,6,5,10,82,"mixed_population",2.39916394410547
100,5,6,5,10,83,"multinomial",2.44799746046691
100,5,6,5,10,83,"mixed",2.57919051762103
100,5,6,5,10,83,"mixed_population",2.44567591791742
100,5,6,5,10,84,"multinomial",2.45748086079042
100,5,6,5,10,84,"mixed",2.60451660595313
100,5,6,5,10,84,"mixed_population",2.446863759417
100,5,6,5,10,85,"multinomial",2.440090983817
100,5,6,5,10,85,"mixed",2.57354116434011
100,5,6,5,10,85,"mixed_population",2.41027019374423
100,5,6,5,10,86,"multinomial",2.46376868662021
100,5,6,5,10,86,"mixed",2.55017650108514
100,5,6,5,10,86,"mixed_population",2.44312312818501
100,5,6,5,10,87,"multinomial",2.50505053842437
100,5,6,5,10,87,"mixed",2.65431052314427
100,5,6,5,10,87,"mixed_population",2.47697899625315
100,5,6,5,10,88,"multinomial",2.43392220112148
100,5,6,5,10,88,"mixed",2.50421053702257
100,5,6,5,10,88,"mixed_population",2.3821363888953
100,5,6,5,10,89,"multinomial",2.359605233093
100,5,6,5,10,89,"mixed",2.45717404445775
100,5,6,5,10,89,"mixed_population",2.35676294691337
100,5,6,5,10,90,"multinomial",2.44137300561969
100,5,6,5,10,90,"mixed",2.52359331473381
100,5,6,5,10,90,"mixed_population",2.42479254307588
100,5,6,5,10,91,"multinomial",2.37578083713514
100,5,6,5,10,91,"mixed",2.48190519612682
100,5,6,5,10,91,"mixed_population",2.3591693816795
100,5,6,5,10,92,"multinomial",2.42683523475896
100,5,6,5,10,92,"mixed",2.52445894863094
100,5,6,5,10,92,"mixed_population",2.40903243573326
100,5,6,5,10,93,"multinomial",2.39820723643665
100,5,6,5,10,93,"mixed",2.45893970496293
100,5,6,5,10,93,"mixed_population",2.38648569546736
100,5,6,5,10,94,"multinomial",2.50479557792713
100,5,6,5,10,94,"mixed",2.62332659165674
100,5,6,5,10,94,"mixed_population",2.47614971164153
100,5,6,5,10,95,"multinomial",2.4968404573547
100,5,6,5,10,95,"mixed",2.57819239110148
100,5,6,5,10,95,"mixed_population",2.47907937193728
100,5,6,5,10,96,"multinomial",2.48056842839336
100,5,6,5,10,96,"mixed",2.55966014176315
100,5,6,5,10,96,"mixed_population",2.43810182884971
100,5,6,5,10,97,"multinomial",2.40946872180044
100,5,6,5,10,97,"mixed",2.51684758559566
100,5,6,5,10,97,"mixed_population",2.38605407809714
100,5,6,5,10,98,"multinomial",2.48684414773967
100,5,6,5,10,98,"mixed",2.58187757130893
100,5,6,5,10,98,"mixed_population",2.46467348860156
100,5,6,5,10,99,"multinomial",2.45252434045247
100,5,6,5,10,99,"mixed",2.58529819746344
100,5,6,5,10,99,"mixed_population",2.43518234962547
100,5,6,5,10,100,"multinomial",2.4421705707673
100,5,6,5,10,100,"mixed",2.57274391592578
100,5,6,5,10,100,"mixed_population",2.43043791425126
100,5,6,15,0.01,1,"multinomial",2.52820575654878
100,5,6,15,0.01,1,"mixed",2.52169547164442
100,5,6,15,0.01,1,"mixed_population",2.52170294954404
100,5,6,15,0.01,2,"multinomial",2.46480815699181
100,5,6,15,0.01,2,"mixed",2.46466998867374
100,5,6,15,0.01,2,"mixed_population",2.46467077270382
100,5,6,15,0.01,3,"multinomial",2.63522915764345
100,5,6,15,0.01,3,"mixed",2.62389306119321
100,5,6,15,0.01,3,"mixed_population",2.62389381720542
100,5,6,15,0.01,4,"multinomial",2.67391304874785
100,5,6,15,0.01,4,"mixed",2.67106414826156
100,5,6,15,0.01,4,"mixed_population",2.67106377611964
100,5,6,15,0.01,5,"multinomial",2.58191247044104
100,5,6,15,0.01,5,"mixed",2.57604123059989
100,5,6,15,0.01,5,"mixed_population",2.57604149300313
100,5,6,15,0.01,6,"multinomial",2.63887746332798
100,5,6,15,0.01,6,"mixed",2.637486496528
100,5,6,15,0.01,6,"mixed_population",2.63748666983405
100,5,6,15,0.01,7,"multinomial",2.59562953729948
100,5,6,15,0.01,7,"mixed",2.59552513947118
100,5,6,15,0.01,7,"mixed_population",2.59552674428862
100,5,6,15,0.01,8,"multinomial",2.68174979126394
100,5,6,15,0.01,8,"mixed",2.67542702639221
100,5,6,15,0.01,8,"mixed_population",2.67542675402742
100,5,6,15,0.01,9,"multinomial",2.443964579074
100,5,6,15,0.01,9,"mixed",2.43879976781375
100,5,6,15,0.01,9,"mixed_population",2.43879963930567
100,5,6,15,0.01,10,"multinomial",2.45901055800703
100,5,6,15,0.01,10,"mixed",2.45131945185476
100,5,6,15,0.01,10,"mixed_population",2.45131820109855
100,5,6,15,0.01,11,"multinomial",2.47347100037988
100,5,6,15,0.01,11,"mixed",2.46804633733644
100,5,6,15,0.01,11,"mixed_population",2.46804715642301
100,5,6,15,0.01,12,"multinomial",2.37479743687661
100,5,6,15,0.01,12,"mixed",2.37175020337617
100,5,6,15,0.01,12,"mixed_population",2.37174974993489
100,5,6,15,0.01,13,"multinomial",2.56424926798603
100,5,6,15,0.01,13,"mixed",2.55706117574844
100,5,6,15,0.01,13,"mixed_population",2.55705996467921
100,5,6,15,0.01,14,"multinomial",2.63733393795161
100,5,6,15,0.01,14,"mixed",2.62679256926742
100,5,6,15,0.01,14,"mixed_population",2.62679464141584
100,5,6,15,0.01,15,"multinomial",2.57009724261424
100,5,6,15,0.01,15,"mixed",2.56516658728422
100,5,6,15,0.01,15,"mixed_population",2.56516750577166
100,5,6,15,0.01,16,"multinomial",2.49990917880434
100,5,6,15,0.01,16,"mixed",2.49444583980824
100,5,6,15,0.01,16,"mixed_population",2.49444674455311
100,5,6,15,0.01,17,"multinomial",2.58576822482189
100,5,6,15,0.01,17,"mixed",2.57815570443337
100,5,6,15,0.01,17,"mixed_population",2.57815789348874
100,5,6,15,0.01,18,"multinomial",2.62941236406245
100,5,6,15,0.01,18,"mixed",2.62828109995907
100,5,6,15,0.01,18,"mixed_population",2.62828025594695
100,5,6,15,0.01,19,"multinomial",2.70752937209002
100,5,6,15,0.01,19,"mixed",2.70216669117805
100,5,6,15,0.01,19,"mixed_population",2.70216734035859
100,5,6,15,0.01,20,"multinomial",2.49866241684215
100,5,6,15,0.01,20,"mixed",2.4872392744848
100,5,6,15,0.01,20,"mixed_population",2.48724129242557
100,5,6,15,0.01,21,"multinomial",2.78502205487993
100,5,6,15,0.01,21,"mixed",2.77977449679713
100,5,6,15,0.01,21,"mixed_population",2.77977404400874
100,5,6,15,0.01,22,"multinomial",2.57238961248742
100,5,6,15,0.01,22,"mixed",2.56544959214063
100,5,6,15,0.01,22,"mixed_population",2.56544821338466
100,5,6,15,0.01,23,"multinomial",2.57284934940983
100,5,6,15,0.01,23,"mixed",2.56392805034228
100,5,6,15,0.01,23,"mixed_population",2.56392802254592
100,5,6,15,0.01,24,"multinomial",2.48691673262367
100,5,6,15,0.01,24,"mixed",2.48117044159769
100,5,6,15,0.01,24,"mixed_population",2.48116987556679
100,5,6,15,0.01,25,"multinomial",2.56343810081621
100,5,6,15,0.01,25,"mixed",2.55957937744338
100,5,6,15,0.01,25,"mixed_population",2.55958040231792
100,5,6,15,0.01,26,"multinomial",2.48664643801603
100,5,6,15,0.01,26,"mixed",2.47905496983889
100,5,6,15,0.01,26,"mixed_population",2.47905441604888
100,5,6,15,0.01,27,"multinomial",2.58666444168115
100,5,6,15,0.01,27,"mixed",2.58578509568357
100,5,6,15,0.01,27,"mixed_population",2.58579491816888
100,5,6,15,0.01,28,"multinomial",2.65755066988754
100,5,6,15,0.01,28,"mixed",2.65423553556634
100,5,6,15,0.01,28,"mixed_population",2.654249048836
100,5,6,15,0.01,29,"multinomial",2.72291423881189
100,5,6,15,0.01,29,"mixed",2.7161858334463
100,5,6,15,0.01,29,"mixed_population",2.71618621449419
100,5,6,15,0.01,30,"multinomial",2.54982601114016
100,5,6,15,0.01,30,"mixed",2.54270502860863
100,5,6,15,0.01,30,"mixed_population",2.54270697547229
100,5,6,15,0.01,31,"multinomial",2.45895286790112
100,5,6,15,0.01,31,"mixed",2.45822211253007
100,5,6,15,0.01,31,"mixed_population",2.45822198593946
100,5,6,15,0.01,32,"multinomial",2.57254954819504
100,5,6,15,0.01,32,"mixed",2.56843571642374
100,5,6,15,0.01,32,"mixed_population",2.56843540074923
100,5,6,15,0.01,33,"multinomial",2.64350392881772
100,5,6,15,0.01,33,"mixed",2.63011462092063
100,5,6,15,0.01,33,"mixed_population",2.63011446043242
100,5,6,15,0.01,34,"multinomial",2.49830892897136
100,5,6,15,0.01,34,"mixed",2.4929245770729
100,5,6,15,0.01,34,"mixed_population",2.49292542264104
100,5,6,15,0.01,35,"multinomial",2.45034698575332
100,5,6,15,0.01,35,"mixed",2.44975296760246
100,5,6,15,0.01,35,"mixed_population",2.44975292147795
100,5,6,15,0.01,36,"multinomial",2.69594830710593
100,5,6,15,0.01,36,"mixed",2.68729867226398
100,5,6,15,0.01,36,"mixed_population",2.68729565950742
100,5,6,15,0.01,37,"multinomial",2.49080038885099
100,5,6,15,0.01,37,"mixed",2.49164688000363
100,5,6,15,0.01,37,"mixed_population",2.49164674547296
100,5,6,15,0.01,38,"multinomial",2.46295880174989
100,5,6,15,0.01,38,"mixed",2.45952491292915
100,5,6,15,0.01,38,"mixed_population",2.45952496311594
100,5,6,15,0.01,39,"multinomial",2.51787904069728
100,5,6,15,0.01,39,"mixed",2.51772841319068
100,5,6,15,0.01,39,"mixed_population",2.51772864937858
100,5,6,15,0.01,40,"multinomial",2.48593028209999
100,5,6,15,0.01,40,"mixed",2.48008003972206
100,5,6,15,0.01,40,"mixed_population",2.48007966751667
100,5,6,15,0.01,41,"multinomial",2.41411920607966
100,5,6,15,0.01,41,"mixed",2.40310677578595
100,5,6,15,0.01,41,"mixed_population",2.40310663623179
100,5,6,15,0.01,42,"multinomial",2.62404083765184
100,5,6,15,0.01,42,"mixed",2.61958527291894
100,5,6,15,0.01,42,"mixed_population",2.61956421888453
100,5,6,15,0.01,43,"multinomial",2.53163325002972
100,5,6,15,0.01,43,"mixed",2.52714373328688
100,5,6,15,0.01,43,"mixed_population",2.52714433737728
100,5,6,15,0.01,44,"multinomial",2.65312818768894
100,5,6,15,0.01,44,"mixed",2.65070126129685
100,5,6,15,0.01,44,"mixed_population",2.65070164053618
100,5,6,15,0.01,45,"multinomial",2.45828260795097
100,5,6,15,0.01,45,"mixed",2.4501581455829
100,5,6,15,0.01,45,"mixed_population",2.45015727598285
100,5,6,15,0.01,46,"multinomial",2.62128759791085
100,5,6,15,0.01,46,"mixed",2.61403612462032
100,5,6,15,0.01,46,"mixed_population",2.61403589919821
100,5,6,15,0.01,47,"multinomial",2.47263913776989
100,5,6,15,0.01,47,"mixed",2.47052981213871
100,5,6,15,0.01,47,"mixed_population",2.4705299658395
100,5,6,15,0.01,48,"multinomial",2.48033795691425
100,5,6,15,0.01,48,"mixed",2.47885963579096
100,5,6,15,0.01,48,"mixed_population",2.47760170974737
100,5,6,15,0.01,49,"multinomial",2.61864781603557
100,5,6,15,0.01,49,"mixed",2.61215368075276
100,5,6,15,0.01,49,"mixed_population",2.61215373965868
100,5,6,15,0.01,50,"multinomial",2.57164510819356
100,5,6,15,0.01,50,"mixed",2.57249179825871
100,5,6,15,0.01,50,"mixed_population",2.57249502772806
100,5,6,15,0.01,51,"multinomial",2.4755476086837
100,5,6,15,0.01,51,"mixed",2.46973131664434
100,5,6,15,0.01,51,"mixed_population",2.46973576376494
100,5,6,15,0.01,52,"multinomial",2.55591457611029
100,5,6,15,0.01,52,"mixed",2.54841935811448
100,5,6,15,0.01,52,"mixed_population",2.54841936026308
100,5,6,15,0.01,53,"multinomial",2.49758278530792
100,5,6,15,0.01,53,"mixed",2.49651466184653
100,5,6,15,0.01,53,"mixed_population",2.49651359987335
100,5,6,15,0.01,54,"multinomial",2.30229297838525
100,5,6,15,0.01,54,"mixed",2.2970045051216
100,5,6,15,0.01,54,"mixed_population",2.29700413600746
100,5,6,15,0.01,55,"multinomial",2.51099415142721
100,5,6,15,0.01,55,"mixed",2.50484146591484
100,5,6,15,0.01,55,"mixed_population",2.50484165381868
100,5,6,15,0.01,56,"multinomial",2.60433406138379
100,5,6,15,0.01,56,"mixed",2.58835975616279
100,5,6,15,0.01,56,"mixed_population",2.58834047800818
100,5,6,15,0.01,57,"multinomial",2.5063384176657
100,5,6,15,0.01,57,"mixed",2.50219786969816
100,5,6,15,0.01,57,"mixed_population",2.50219823363805
100,5,6,15,0.01,58,"multinomial",2.64743406798013
100,5,6,15,0.01,58,"mixed",2.64308455875275
100,5,6,15,0.01,58,"mixed_population",2.64308391712111
100,5,6,15,0.01,59,"multinomial",2.56945355093063
100,5,6,15,0.01,59,"mixed",2.56647223915378
100,5,6,15,0.01,59,"mixed_population",2.56647633964249
100,5,6,15,0.01,60,"multinomial",2.62127002204222
100,5,6,15,0.01,60,"mixed",2.61943823791017
100,5,6,15,0.01,60,"mixed_population",2.61943438671031
100,5,6,15,0.01,61,"multinomial",2.45780734353089
100,5,6,15,0.01,61,"mixed",2.45335469491791
100,5,6,15,0.01,61,"mixed_population",2.45335485464111
100,5,6,15,0.01,62,"multinomial",2.68665990277115
100,5,6,15,0.01,62,"mixed",2.67873576651677
100,5,6,15,0.01,62,"mixed_population",2.67873621353754
100,5,6,15,0.01,63,"multinomial",2.57229534613512
100,5,6,15,0.01,63,"mixed",2.5682349464292
100,5,6,15,0.01,63,"mixed_population",2.56823471675753
100,5,6,15,0.01,64,"multinomial",2.50667347920252
100,5,6,15,0.01,64,"mixed",2.50042390841038
100,5,6,15,0.01,64,"mixed_population",2.50042311240386
100,5,6,15,0.01,65,"multinomial",2.63644797508244
100,5,6,15,0.01,65,"mixed",2.63490276336682
100,5,6,15,0.01,65,"mixed_population",2.6348998196245
100,5,6,15,0.01,66,"multinomial",2.72861931658259
100,5,6,15,0.01,66,"mixed",2.72468750749508
100,5,6,15,0.01,66,"mixed_population",2.72468663749345
100,5,6,15,0.01,67,"multinomial",2.66320959881613
100,5,6,15,0.01,67,"mixed",2.66384328292085
100,5,6,15,0.01,67,"mixed_population",2.66384330999768
100,5,6,15,0.01,68,"multinomial",2.56590400343658
100,5,6,15,0.01,68,"mixed",2.56238933329807
100,5,6,15,0.01,68,"mixed_population",2.56239123931997
100,5,6,15,0.01,69,"multinomial",2.56071984427139
100,5,6,15,0.01,69,"mixed",2.55782681704217
100,5,6,15,0.01,69,"mixed_population",2.55782717261435
100,5,6,15,0.01,70,"multinomial",2.52205758609819
100,5,6,15,0.01,70,"mixed",2.52007770645404
100,5,6,15,0.01,70,"mixed_population",2.52007756866867
100,5,6,15,0.01,71,"multinomial",2.47536195190339
100,5,6,15,0.01,71,"mixed",2.46982473580927
100,5,6,15,0.01,71,"mixed_population",2.46981939507571
100,5,6,15,0.01,72,"multinomial",2.49426986721584
100,5,6,15,0.01,72,"mixed",2.48808252505687
100,5,6,15,0.01,72,"mixed_population",2.48808254448928
100,5,6,15,0.01,73,"multinomial",2.60133789690047
100,5,6,15,0.01,73,"mixed",2.59416440948569
100,5,6,15,0.01,73,"mixed_population",2.59416476737491
100,5,6,15,0.01,74,"multinomial",2.65638523772917
100,5,6,15,0.01,74,"mixed",2.65165999888447
100,5,6,15,0.01,74,"mixed_population",2.65166089472473
100,5,6,15,0.01,75,"multinomial",2.40818710877519
100,5,6,15,0.01,75,"mixed",2.40310411738726
100,5,6,15,0.01,75,"mixed_population",2.403104107576
100,5,6,15,0.01,76,"multinomial",2.4734822432976
100,5,6,15,0.01,76,"mixed",2.46986251876574
100,5,6,15,0.01,76,"mixed_population",2.46986265343437
100,5,6,15,0.01,77,"multinomial",2.69069340475974
100,5,6,15,0.01,77,"mixed",2.68510356060237
100,5,6,15,0.01,77,"mixed_population",2.68511000320145
100,5,6,15,0.01,78,"multinomial",2.6215282784686
100,5,6,15,0.01,78,"mixed",2.61708597100158
100,5,6,15,0.01,78,"mixed_population",2.61708569136534
100,5,6,15,0.01,79,"multinomial",2.35222048135419
100,5,6,15,0.01,79,"mixed",2.34987274382988
100,5,6,15,0.01,79,"mixed_population",2.34987421922964
100,5,6,15,0.01,80,"multinomial",2.51603742069051
100,5,6,15,0.01,80,"mixed",2.5114362477559
100,5,6,15,0.01,80,"mixed_population",2.51143634454066
100,5,6,15,0.01,81,"multinomial",2.39613034436324
100,5,6,15,0.01,81,"mixed",2.39015456608986
100,5,6,15,0.01,81,"mixed_population",2.39015754607786
100,5,6,15,0.01,82,"multinomial",2.47050095938144
100,5,6,15,0.01,82,"mixed",2.46843913447273
100,5,6,15,0.01,82,"mixed_population",2.46843907713985
100,5,6,15,0.01,83,"multinomial",2.61979044276209
100,5,6,15,0.01,83,"mixed",2.61479957915445
100,5,6,15,0.01,83,"mixed_population",2.61480007962354
100,5,6,15,0.01,84,"multinomial",2.44710171554103
100,5,6,15,0.01,84,"mixed",2.44083340727588
100,5,6,15,0.01,84,"mixed_population",2.44083353926006
100,5,6,15,0.01,85,"multinomial",2.56156783745739
100,5,6,15,0.01,85,"mixed",2.55489353176065
100,5,6,15,0.01,85,"mixed_population",2.55489420253032
100,5,6,15,0.01,86,"multinomial",2.47152675693459
100,5,6,15,0.01,86,"mixed",2.46905816917772
100,5,6,15,0.01,86,"mixed_population",2.46905791432192
100,5,6,15,0.01,87,"multinomial",2.37467876933696
100,5,6,15,0.01,87,"mixed",2.3657265729245
100,5,6,15,0.01,87,"mixed_population",2.36572804386618
100,5,6,15,0.01,88,"multinomial",2.67282256291848
100,5,6,15,0.01,88,"mixed",2.6654691358969
100,5,6,15,0.01,88,"mixed_population",2.66546935034786
100,5,6,15,0.01,89,"multinomial",2.52672004814765
100,5,6,15,0.01,89,"mixed",2.51956234835667
100,5,6,15,0.01,89,"mixed_population",2.519562625448
100,5,6,15,0.01,90,"multinomial",2.52811819864512
100,5,6,15,0.01,90,"mixed",2.51947472290351
100,5,6,15,0.01,90,"mixed_population",2.51947308424385
100,5,6,15,0.01,91,"multinomial",2.5768135878163
100,5,6,15,0.01,91,"mixed",2.56657057581254
100,5,6,15,0.01,91,"mixed_population",2.56656867780993
100,5,6,15,0.01,92,"multinomial",2.57015514759281
100,5,6,15,0.01,92,"mixed",2.56989659914314
100,5,6,15,0.01,92,"mixed_population",2.56819840635365
100,5,6,15,0.01,93,"multinomial",2.5507110169182
100,5,6,15,0.01,93,"mixed",2.54174480290336
100,5,6,15,0.01,93,"mixed_population",2.54174588967172
100,5,6,15,0.01,94,"multinomial",2.49076359906662
100,5,6,15,0.01,94,"mixed",2.48804232241038
100,5,6,15,0.01,94,"mixed_population",2.48804160670674
100,5,6,15,0.01,95,"multinomial",2.41933403247324
100,5,6,15,0.01,95,"mixed",2.41570864192902
100,5,6,15,0.01,95,"mixed_population",2.41570845198939
100,5,6,15,0.01,96,"multinomial",2.48349334017289
100,5,6,15,0.01,96,"mixed",2.47592340107254
100,5,6,15,0.01,96,"mixed_population",2.47592467522748
100,5,6,15,0.01,97,"multinomial",2.40114128655771
100,5,6,15,0.01,97,"mixed",2.39867252628576
100,5,6,15,0.01,97,"mixed_population",2.39867236421003
100,5,6,15,0.01,98,"multinomial",2.5497906302235
100,5,6,15,0.01,98,"mixed",2.54916881044716
100,5,6,15,0.01,98,"mixed_population",2.54815025144993
100,5,6,15,0.01,99,"multinomial",2.48551461708202
100,5,6,15,0.01,99,"mixed",2.48065885519596
100,5,6,15,0.01,99,"mixed_population",2.48065968721623
100,5,6,15,0.01,100,"multinomial",2.47504788103668
100,5,6,15,0.01,100,"mixed",2.46936336588056
100,5,6,15,0.01,100,"mixed_population",2.4693826849419
100,5,6,15,0.1,1,"multinomial",2.46208062084368
100,5,6,15,0.1,1,"mixed",2.45774404808819
100,5,6,15,0.1,1,"mixed_population",2.45774462498997
100,5,6,15,0.1,2,"multinomial",2.47981805453458
100,5,6,15,0.1,2,"mixed",2.47472875635859
100,5,6,15,0.1,2,"mixed_population",2.47472864127415
100,5,6,15,0.1,3,"multinomial",2.56133334587162
100,5,6,15,0.1,3,"mixed",2.55845180985367
100,5,6,15,0.1,3,"mixed_population",2.55845275162865
100,5,6,15,0.1,4,"multinomial",2.59299311030339
100,5,6,15,0.1,4,"mixed",2.59406537602271
100,5,6,15,0.1,4,"mixed_population",2.59187657561096
100,5,6,15,0.1,5,"multinomial",2.64836493507383
100,5,6,15,0.1,5,"mixed",2.64227082103688
100,5,6,15,0.1,5,"mixed_population",2.64227095581913
100,5,6,15,0.1,6,"multinomial",2.53952938391605
100,5,6,15,0.1,6,"mixed",2.5311986677223
100,5,6,15,0.1,6,"mixed_population",2.53120141611537
100,5,6,15,0.1,7,"multinomial",2.70823295709375
100,5,6,15,0.1,7,"mixed",2.70465396909601
100,5,6,15,0.1,7,"mixed_population",2.70465429358403
100,5,6,15,0.1,8,"multinomial",2.44300506095189
100,5,6,15,0.1,8,"mixed",2.43273290111788
100,5,6,15,0.1,8,"mixed_population",2.43273659378973
100,5,6,15,0.1,9,"multinomial",2.64045331378103
100,5,6,15,0.1,9,"mixed",2.63850122678166
100,5,6,15,0.1,9,"mixed_population",2.63850271944791
100,5,6,15,0.1,10,"multinomial",2.78524375410082
100,5,6,15,0.1,10,"mixed",2.77668121995955
100,5,6,15,0.1,10,"mixed_population",2.77668099601606
100,5,6,15,0.1,11,"multinomial",2.69609607088697
100,5,6,15,0.1,11,"mixed",2.68772953965053
100,5,6,15,0.1,11,"mixed_population",2.68773003471778
100,5,6,15,0.1,12,"multinomial",2.53394551310586
100,5,6,15,0.1,12,"mixed",2.5282548998247
100,5,6,15,0.1,12,"mixed_population",2.52825382586499
100,5,6,15,0.1,13,"multinomial",2.59124519184976
100,5,6,15,0.1,13,"mixed",2.58828106889431
100,5,6,15,0.1,13,"mixed_population",2.58828061316305
100,5,6,15,0.1,14,"multinomial",2.44515581675186
100,5,6,15,0.1,14,"mixed",2.43931254175828
100,5,6,15,0.1,14,"mixed_population",2.4393125292112
100,5,6,15,0.1,15,"multinomial",2.50354304930774
100,5,6,15,0.1,15,"mixed",2.49717010652176
100,5,6,15,0.1,15,"mixed_population",2.49716951981428
100,5,6,15,0.1,16,"multinomial",2.40133712608201
100,5,6,15,0.1,16,"mixed",2.39513135132748
100,5,6,15,0.1,16,"mixed_population",2.39513124317477
100,5,6,15,0.1,17,"multinomial",2.65701864434618
100,5,6,15,0.1,17,"mixed",2.64451715269088
100,5,6,15,0.1,17,"mixed_population",2.64451731761558
100,5,6,15,0.1,18,"multinomial",2.51253178907457
100,5,6,15,0.1,18,"mixed",2.50668126103916
100,5,6,15,0.1,18,"mixed_population",2.50668318067368
100,5,6,15,0.1,19,"multinomial",2.57418217620406
100,5,6,15,0.1,19,"mixed",2.56833631139843
100,5,6,15,0.1,19,"mixed_population",2.56833649520303
100,5,6,15,0.1,20,"multinomial",2.64362856812667
100,5,6,15,0.1,20,"mixed",2.63438706590821
100,5,6,15,0.1,20,"mixed_population",2.63438695240267
100,5,6,15,0.1,21,"multinomial",2.77272793180657
100,5,6,15,0.1,21,"mixed",2.76851816683808
100,5,6,15,0.1,21,"mixed_population",2.76851638251334
100,5,6,15,0.1,22,"multinomial",2.66176038278796
100,5,6,15,0.1,22,"mixed",2.66033384221929
100,5,6,15,0.1,22,"mixed_population",2.66033293022123
100,5,6,15,0.1,23,"multinomial",2.6020838939282
100,5,6,15,0.1,23,"mixed",2.59458812702488
100,5,6,15,0.1,23,"mixed_population",2.59457582480146
100,5,6,15,0.1,24,"multinomial",2.43405949528808
100,5,6,15,0.1,24,"mixed",2.4319532195241
100,5,6,15,0.1,24,"mixed_population",2.43195324744107
100,5,6,15,0.1,25,"multinomial",2.50607624013469
100,5,6,15,0.1,25,"mixed",2.50233382070194
100,5,6,15,0.1,25,"mixed_population",2.5023342796154
100,5,6,15,0.1,26,"multinomial",2.53319227733763
100,5,6,15,0.1,26,"mixed",2.52293954575044
100,5,6,15,0.1,26,"mixed_population",2.52293926719578
100,5,6,15,0.1,27,"multinomial",2.47882378004128
100,5,6,15,0.1,27,"mixed",2.47584483983356
100,5,6,15,0.1,27,"mixed_population",2.47584383998642
100,5,6,15,0.1,28,"multinomial",2.37953739367937
100,5,6,15,0.1,28,"mixed",2.37459317389546
100,5,6,15,0.1,28,"mixed_population",2.37458255167451
100,5,6,15,0.1,29,"multinomial",2.43472913541632
100,5,6,15,0.1,29,"mixed",2.42979384041146
100,5,6,15,0.1,29,"mixed_population",2.42979309750534
100,5,6,15,0.1,30,"multinomial",2.70559461813064
100,5,6,15,0.1,30,"mixed",2.70176889809109
100,5,6,15,0.1,30,"mixed_population",2.70176890774318
100,5,6,15,0.1,31,"multinomial",2.59108999395515
100,5,6,15,0.1,31,"mixed",2.58578280603604
100,5,6,15,0.1,31,"mixed_population",2.58578252644909
100,5,6,15,0.1,32,"multinomial",2.68779982431068
100,5,6,15,0.1,32,"mixed",2.68672765998928
100,5,6,15,0.1,32,"mixed_population",2.68672794606064
100,5,6,15,0.1,33,"multinomial",2.46696861259838
100,5,6,15,0.1,33,"mixed",2.45433959996972
100,5,6,15,0.1,33,"mixed_population",2.45434027994399
100,5,6,15,0.1,34,"multinomial",2.5396934763596
100,5,6,15,0.1,34,"mixed",2.53772067492284
100,5,6,15,0.1,34,"mixed_population",2.53772075761316
100,5,6,15,0.1,35,"multinomial",2.52438164468142
100,5,6,15,0.1,35,"mixed",2.51675981546942
100,5,6,15,0.1,35,"mixed_population",2.51675941157733
100,5,6,15,0.1,36,"multinomial",2.37356501385148
100,5,6,15,0.1,36,"mixed",2.37446417922154
100,5,6,15,0.1,36,"mixed_population",2.37446341239728
100,5,6,15,0.1,37,"multinomial",2.52099437853222
100,5,6,15,0.1,37,"mixed",2.51570626687395
100,5,6,15,0.1,37,"mixed_population",2.51570343534541
100,5,6,15,0.1,38,"multinomial",2.55898239314243
100,5,6,15,0.1,38,"mixed",2.54709300457968
100,5,6,15,0.1,38,"mixed_population",2.54709189168663
100,5,6,15,0.1,39,"multinomial",2.53018252242336
100,5,6,15,0.1,39,"mixed",2.53112846180618
100,5,6,15,0.1,39,"mixed_population",2.53112925377546
100,5,6,15,0.1,40,"multinomial",2.66103984027585
100,5,6,15,0.1,40,"mixed",2.65490792805636
100,5,6,15,0.1,40,"mixed_population",2.65490416981591
100,5,6,15,0.1,41,"multinomial",2.60679878829418
100,5,6,15,0.1,41,"mixed",2.60420763275941
100,5,6,15,0.1,41,"mixed_population",2.60420129336203
100,5,6,15,0.1,42,"multinomial",2.61448675526118
100,5,6,15,0.1,42,"mixed",2.61089578216402
100,5,6,15,0.1,42,"mixed_population",2.61089510899465
100,5,6,15,0.1,43,"multinomial",2.76335478652426
100,5,6,15,0.1,43,"mixed",2.75576917039359
100,5,6,15,0.1,43,"mixed_population",2.75576751845943
100,5,6,15,0.1,44,"multinomial",2.60779194075677
100,5,6,15,0.1,44,"mixed",2.60086757227351
100,5,6,15,0.1,44,"mixed_population",2.60086198324773
100,5,6,15,0.1,45,"multinomial",2.53738024325267
100,5,6,15,0.1,45,"mixed",2.52991372630396
100,5,6,15,0.1,45,"mixed_population",2.52991443711092
100,5,6,15,0.1,46,"multinomial",2.45499583366964
100,5,6,15,0.1,46,"mixed",2.44710876970698
100,5,6,15,0.1,46,"mixed_population",2.44710887876115
100,5,6,15,0.1,47,"multinomial",2.50969089776895
100,5,6,15,0.1,47,"mixed",2.5060352891718
100,5,6,15,0.1,47,"mixed_population",2.50603372022307
100,5,6,15,0.1,48,"multinomial",2.52856442669204
100,5,6,15,0.1,48,"mixed",2.52301513638159
100,5,6,15,0.1,48,"mixed_population",2.52301469181568
100,5,6,15,0.1,49,"multinomial",2.6343721629958
100,5,6,15,0.1,49,"mixed",2.63041438500661
100,5,6,15,0.1,49,"mixed_population",2.63041443375419
100,5,6,15,0.1,50,"multinomial",2.82632558949165
100,5,6,15,0.1,50,"mixed",2.82165995261998
100,5,6,15,0.1,50,"mixed_population",2.82164714044221
100,5,6,15,0.1,51,"multinomial",2.54024931793682
100,5,6,15,0.1,51,"mixed",2.53777341372466
100,5,6,15,0.1,51,"mixed_population",2.53777341144399
100,5,6,15,0.1,52,"multinomial",2.6520096484568
100,5,6,15,0.1,52,"mixed",2.64844524900149
100,5,6,15,0.1,52,"mixed_population",2.64844523356518
100,5,6,15,0.1,53,"multinomial",2.51687505901377
100,5,6,15,0.1,53,"mixed",2.5132233254768
100,5,6,15,0.1,53,"mixed_population",2.513223802288
100,5,6,15,0.1,54,"multinomial",2.76051301959893
100,5,6,15,0.1,54,"mixed",2.7545986088878
100,5,6,15,0.1,54,"mixed_population",2.7546011954018
100,5,6,15,0.1,55,"multinomial",2.51279386552699
100,5,6,15,0.1,55,"mixed",2.50875084857364
100,5,6,15,0.1,55,"mixed_population",2.50775310755089
100,5,6,15,0.1,56,"multinomial",2.50954843121381
100,5,6,15,0.1,56,"mixed",2.50210840720412
100,5,6,15,0.1,56,"mixed_population",2.5021077414773
100,5,6,15,0.1,57,"multinomial",2.77930376792759
100,5,6,15,0.1,57,"mixed",2.7736878761348
100,5,6,15,0.1,57,"mixed_population",2.77368708086767
100,5,6,15,0.1,58,"multinomial",2.69851034772024
100,5,6,15,0.1,58,"mixed",2.69148968811953
100,5,6,15,0.1,58,"mixed_population",2.6914900265829
100,5,6,15,0.1,59,"multinomial",2.5677554660774
100,5,6,15,0.1,59,"mixed",2.56096552213676
100,5,6,15,0.1,59,"mixed_population",2.5609664806003
100,5,6,15,0.1,60,"multinomial",2.66877008689819
100,5,6,15,0.1,60,"mixed",2.66210815924283
100,5,6,15,0.1,60,"mixed_population",2.66210674174141
100,5,6,15,0.1,61,"multinomial",2.65288545599131
100,5,6,15,0.1,61,"mixed",2.64776805460027
100,5,6,15,0.1,61,"mixed_population",2.64776749714659
100,5,6,15,0.1,62,"multinomial",2.70670323627754
100,5,6,15,0.1,62,"mixed",2.70187412910007
100,5,6,15,0.1,62,"mixed_population",2.70187291328339
100,5,6,15,0.1,63,"multinomial",2.65264587370728
100,5,6,15,0.1,63,"mixed",2.64490385249915
100,5,6,15,0.1,63,"mixed_population",2.64490385363092
100,5,6,15,0.1,64,"multinomial",2.42919964661218
100,5,6,15,0.1,64,"mixed",2.41866704968355
100,5,6,15,0.1,64,"mixed_population",2.41867114497566
100,5,6,15,0.1,65,"multinomial",2.53836362823259
100,5,6,15,0.1,65,"mixed",2.5333495070439
100,5,6,15,0.1,65,"mixed_population",2.53334987189444
100,5,6,15,0.1,66,"multinomial",2.54783624831978
100,5,6,15,0.1,66,"mixed",2.54433475485993
100,5,6,15,0.1,66,"mixed_population",2.54433444878667
100,5,6,15,0.1,67,"multinomial",2.60289289309631
100,5,6,15,0.1,67,"mixed",2.59652675000075
100,5,6,15,0.1,67,"mixed_population",2.59652832361285
100,5,6,15,0.1,68,"multinomial",2.55856915425632
100,5,6,15,0.1,68,"mixed",2.5549994234783
100,5,6,15,0.1,68,"mixed_population",2.55499964246168
100,5,6,15,0.1,69,"multinomial",2.7150944458575
100,5,6,15,0.1,69,"mixed",2.70802868003758
100,5,6,15,0.1,69,"mixed_population",2.70802876165228
100,5,6,15,0.1,70,"multinomial",2.44967532387253
100,5,6,15,0.1,70,"mixed",2.44984344895168
100,5,6,15,0.1,70,"mixed_population",2.44984287841278
100,5,6,15,0.1,71,"multinomial",2.54435121780381
100,5,6,15,0.1,71,"mixed",2.53753525153191
100,5,6,15,0.1,71,"mixed_population",2.53753627765147
100,5,6,15,0.1,72,"multinomial",2.49386054929696
100,5,6,15,0.1,72,"mixed",2.48993796538653
100,5,6,15,0.1,72,"mixed_population",2.48993039134242
100,5,6,15,0.1,73,"multinomial",2.76605033186635
100,5,6,15,0.1,73,"mixed",2.76016651547666
100,5,6,15,0.1,73,"mixed_population",2.76016595103167
100,5,6,15,0.1,74,"multinomial",2.53678561635253
100,5,6,15,0.1,74,"mixed",2.53235790865528
100,5,6,15,0.1,74,"mixed_population",2.53235463471806
100,5,6,15,0.1,75,"multinomial",2.56361783642917
100,5,6,15,0.1,75,"mixed",2.55797471175332
100,5,6,15,0.1,75,"mixed_population",2.55797458954823
100,5,6,15,0.1,76,"multinomial",2.78670910698285
100,5,6,15,0.1,76,"mixed",2.77922192327044
100,5,6,15,0.1,76,"mixed_population",2.7792217205938
100,5,6,15,0.1,77,"multinomial",2.6119875491928
100,5,6,15,0.1,77,"mixed",2.6093947528809
100,5,6,15,0.1,77,"mixed_population",2.60939428220793
100,5,6,15,0.1,78,"multinomial",2.6313830737191
100,5,6,15,0.1,78,"mixed",2.6255250900142
100,5,6,15,0.1,78,"mixed_population",2.6255415564368
100,5,6,15,0.1,79,"multinomial",2.51099298097072
100,5,6,15,0.1,79,"mixed",2.49876883695279
100,5,6,15,0.1,79,"mixed_population",2.49876650060653
100,5,6,15,0.1,80,"multinomial",2.81375943760982
100,5,6,15,0.1,80,"mixed",2.80318780984683
100,5,6,15,0.1,80,"mixed_population",2.80318746129675
100,5,6,15,0.1,81,"multinomial",2.42187788482107
100,5,6,15,0.1,81,"mixed",2.41514356465055
100,5,6,15,0.1,81,"mixed_population",2.41514405487507
100,5,6,15,0.1,82,"multinomial",2.62249775303122
100,5,6,15,0.1,82,"mixed",2.61876111626084
100,5,6,15,0.1,82,"mixed_population",2.61875911176673
100,5,6,15,0.1,83,"multinomial",2.59094888952083
100,5,6,15,0.1,83,"mixed",2.58760329388914
100,5,6,15,0.1,83,"mixed_population",2.58760333977004
100,5,6,15,0.1,84,"multinomial",2.42691223155593
100,5,6,15,0.1,84,"mixed",2.42338676894773
100,5,6,15,0.1,84,"mixed_population",2.4233855169707
100,5,6,15,0.1,85,"multinomial",2.51100337510614
100,5,6,15,0.1,85,"mixed",2.50841768450136
100,5,6,15,0.1,85,"mixed_population",2.50841749471256
100,5,6,15,0.1,86,"multinomial",2.64911265541865
100,5,6,15,0.1,86,"mixed",2.64556704676614
100,5,6,15,0.1,86,"mixed_population",2.64556659494477
100,5,6,15,0.1,87,"multinomial",2.51676266281944
100,5,6,15,0.1,87,"mixed",2.51448398861074
100,5,6,15,0.1,87,"mixed_population",2.51441515795332
100,5,6,15,0.1,88,"multinomial",2.46310119695895
100,5,6,15,0.1,88,"mixed",2.455514371587
100,5,6,15,0.1,88,"mixed_population",2.45551474304603
100,5,6,15,0.1,89,"multinomial",2.60484585481133
100,5,6,15,0.1,89,"mixed",2.60504758097441
100,5,6,15,0.1,89,"mixed_population",2.60504725791717
100,5,6,15,0.1,90,"multinomial",2.41741393994638
100,5,6,15,0.1,90,"mixed",2.41280415816315
100,5,6,15,0.1,90,"mixed_population",2.41280611402294
100,5,6,15,0.1,91,"multinomial",2.63106959268098
100,5,6,15,0.1,91,"mixed",2.62156723691683
100,5,6,15,0.1,91,"mixed_population",2.621567253744
100,5,6,15,0.1,92,"multinomial",2.55498204895955
100,5,6,15,0.1,92,"mixed",2.54652435909764
100,5,6,15,0.1,92,"mixed_population",2.54652456670435
100,5,6,15,0.1,93,"multinomial",2.63616313948202
100,5,6,15,0.1,93,"mixed",2.63357205939765
100,5,6,15,0.1,93,"mixed_population",2.63357172326129
100,5,6,15,0.1,94,"multinomial",2.55779048847134
100,5,6,15,0.1,94,"mixed",2.55266857624721
100,5,6,15,0.1,94,"mixed_population",2.55266864460704
100,5,6,15,0.1,95,"multinomial",2.5573328489917
100,5,6,15,0.1,95,"mixed",2.54550831797159
100,5,6,15,0.1,95,"mixed_population",2.54550812980419
100,5,6,15,0.1,96,"multinomial",2.38162699263583
100,5,6,15,0.1,96,"mixed",2.37640820669839
100,5,6,15,0.1,96,"mixed_population",2.37640707524841
100,5,6,15,0.1,97,"multinomial",2.6678813202668
100,5,6,15,0.1,97,"mixed",2.66501985072433
100,5,6,15,0.1,97,"mixed_population",2.66501956922088
100,5,6,15,0.1,98,"multinomial",2.44586123225348
100,5,6,15,0.1,98,"mixed",2.44104865259066
100,5,6,15,0.1,98,"mixed_population",2.44104951895806
100,5,6,15,0.1,99,"multinomial",2.42682822637287
100,5,6,15,0.1,99,"mixed",2.41921815454042
100,5,6,15,0.1,99,"mixed_population",2.41921817199965
100,5,6,15,0.1,100,"multinomial",2.67288480629648
100,5,6,15,0.1,100,"mixed",2.66301476128094
100,5,6,15,0.1,100,"mixed_population",2.6630200473736
100,5,6,15,1,1,"multinomial",2.71851593194864
100,5,6,15,1,1,"mixed",2.72803484137485
100,5,6,15,1,1,"mixed_population",2.72773139486531
100,5,6,15,1,2,"multinomial",2.77043055823593
100,5,6,15,1,2,"mixed",2.76588425515075
100,5,6,15,1,2,"mixed_population",2.76484507201972
100,5,6,15,1,3,"multinomial",2.87879674182202
100,5,6,15,1,3,"mixed",2.89645472988692
100,5,6,15,1,3,"mixed_population",2.89054712071207
100,5,6,15,1,4,"multinomial",2.93719214613353
100,5,6,15,1,4,"mixed",2.92759015608378
100,5,6,15,1,4,"mixed_population",2.92317216702825
100,5,6,15,1,5,"multinomial",2.82592226264328
100,5,6,15,1,5,"mixed",2.83088505147832
100,5,6,15,1,5,"mixed_population",2.82729765839272
100,5,6,15,1,6,"multinomial",2.83363683872585
100,5,6,15,1,6,"mixed",2.83574193284228
100,5,6,15,1,6,"mixed_population",2.83286918548403
100,5,6,15,1,7,"multinomial",2.86074649875137
100,5,6,15,1,7,"mixed",2.86294797559548
100,5,6,15,1,7,"mixed_population",2.86091830605855
100,5,6,15,1,8,"multinomial",2.85862282602005
100,5,6,15,1,8,"mixed",2.85383612206753
100,5,6,15,1,8,"mixed_population",2.85383635803423
100,5,6,15,1,9,"multinomial",2.68136426399573
100,5,6,15,1,9,"mixed",2.67853547549633
100,5,6,15,1,9,"mixed_population",2.67701915327608
100,5,6,15,1,10,"multinomial",2.86489517558507
100,5,6,15,1,10,"mixed",2.88441549893842
100,5,6,15,1,10,"mixed_population",2.88373799673877
100,5,6,15,1,11,"multinomial",2.77032215927788
100,5,6,15,1,11,"mixed",2.76552475516615
100,5,6,15,1,11,"mixed_population",2.76552347039674
100,5,6,15,1,12,"multinomial",2.74753717304212
100,5,6,15,1,12,"mixed",2.7424590216396
100,5,6,15,1,12,"mixed_population",2.74111825511981
100,5,6,15,1,13,"multinomial",2.82276327590124
100,5,6,15,1,13,"mixed",2.82152287439604
100,5,6,15,1,13,"mixed_population",2.81774513810001
100,5,6,15,1,14,"multinomial",2.80972456179759
100,5,6,15,1,14,"mixed",2.80371209971611
100,5,6,15,1,14,"mixed_population",2.80370901348469
100,5,6,15,1,15,"multinomial",2.82423850059816
100,5,6,15,1,15,"mixed",2.83209647781701
100,5,6,15,1,15,"mixed_population",2.83045387186085
100,5,6,15,1,16,"multinomial",2.73477429874618
100,5,6,15,1,16,"mixed",2.73162577829694
100,5,6,15,1,16,"mixed_population",2.72971852625579
100,5,6,15,1,17,"multinomial",2.88383149917959
100,5,6,15,1,17,"mixed",2.88429505461933
100,5,6,15,1,17,"mixed_population",2.88269298245304
100,5,6,15,1,18,"multinomial",2.76849637124549
100,5,6,15,1,18,"mixed",2.78016052437489
100,5,6,15,1,18,"mixed_population",2.77808147063429
100,5,6,15,1,19,"multinomial",2.61118555019559
100,5,6,15,1,19,"mixed",2.60751146595606
100,5,6,15,1,19,"mixed_population",2.60750856018664
100,5,6,15,1,20,"multinomial",2.71275048460703
100,5,6,15,1,20,"mixed",2.7128380121594
100,5,6,15,1,20,"mixed_population",2.71283342159737
100,5,6,15,1,21,"multinomial",2.85891669444441
100,5,6,15,1,21,"mixed",2.85774024002734
100,5,6,15,1,21,"mixed_population",2.85773260529276
100,5,6,15,1,22,"multinomial",2.76468362772043
100,5,6,15,1,22,"mixed",2.77256305723506
100,5,6,15,1,22,"mixed_population",2.76721065578059
100,5,6,15,1,23,"multinomial",2.78321385466268
100,5,6,15,1,23,"mixed",2.78486207220838
100,5,6,15,1,23,"mixed_population",2.78260317702252
100,5,6,15,1,24,"multinomial",2.77668303399251
100,5,6,15,1,24,"mixed",2.77225195037493
100,5,6,15,1,24,"mixed_population",2.7722511159664
100,5,6,15,1,25,"multinomial",2.79675049314357
100,5,6,15,1,25,"mixed",2.79460097827333
100,5,6,15,1,25,"mixed_population",2.79108901845692
100,5,6,15,1,26,"multinomial",2.7833307632617
100,5,6,15,1,26,"mixed",2.78267718097346
100,5,6,15,1,26,"mixed_population",2.77812837507382
100,5,6,15,1,27,"multinomial",2.76468735118564
100,5,6,15,1,27,"mixed",2.76837952012772
100,5,6,15,1,27,"mixed_population",2.76837732263889
100,5,6,15,1,28,"multinomial",2.83706234577733
100,5,6,15,1,28,"mixed",2.84016011828189
100,5,6,15,1,28,"mixed_population",2.83454502432057
100,5,6,15,1,29,"multinomial",2.75601162480759
100,5,6,15,1,29,"mixed",2.74412699208908
100,5,6,15,1,29,"mixed_population",2.74410999994433
100,5,6,15,1,30,"multinomial",2.7340594592631
100,5,6,15,1,30,"mixed",2.73415866605824
100,5,6,15,1,30,"mixed_population",2.73009978289482
100,5,6,15,1,31,"multinomial",2.77971891809425
100,5,6,15,1,31,"mixed",2.79372959581796
100,5,6,15,1,31,"mixed_population",2.79045250152566
100,5,6,15,1,32,"multinomial",2.85571760465301
100,5,6,15,1,32,"mixed",2.86047285248732
100,5,6,15,1,32,"mixed_population",2.85527179385857
100,5,6,15,1,33,"multinomial",2.70174317272971
100,5,6,15,1,33,"mixed",2.70592927906577
100,5,6,15,1,33,"mixed_population",2.7026457876139
100,5,6,15,1,34,"multinomial",2.71451948361289
100,5,6,15,1,34,"mixed",2.71402577662256
100,5,6,15,1,34,"mixed_population",2.71219758733844
100,5,6,15,1,35,"multinomial",2.74912999256073
100,5,6,15,1,35,"mixed",2.74879001366613
100,5,6,15,1,35,"mixed_population",2.74615563018643
100,5,6,15,1,36,"multinomial",2.77634014824642
100,5,6,15,1,36,"mixed",2.78376595811672
100,5,6,15,1,36,"mixed_population",2.77823643262835
100,5,6,15,1,37,"multinomial",2.82230800116298
100,5,6,15,1,37,"mixed",2.82626791665855
100,5,6,15,1,37,"mixed_population",2.82171868416077
100,5,6,15,1,38,"multinomial",3.01320481949034
100,5,6,15,1,38,"mixed",3.01246146610801
100,5,6,15,1,38,"mixed_population",3.01238461638014
100,5,6,15,1,39,"multinomial",2.82361813652482
100,5,6,15,1,39,"mixed",2.81026889509096
100,5,6,15,1,39,"mixed_population",2.81026219462904
100,5,6,15,1,40,"multinomial",2.99009574463675
100,5,6,15,1,40,"mixed",2.99245900265012
100,5,6,15,1,40,"mixed_population",2.98479448496894
100,5,6,15,1,41,"multinomial",2.83822792439536
100,5,6,15,1,41,"mixed",2.83471033694139
100,5,6,15,1,41,"mixed_population",2.83470824106515
100,5,6,15,1,42,"multinomial",2.80275394517434
100,5,6,15,1,42,"mixed",2.80245299171098
100,5,6,15,1,42,"mixed_population",2.7965183538963
100,5,6,15,1,43,"multinomial",2.68756732996579
100,5,6,15,1,43,"mixed",2.68207973481885
100,5,6,15,1,43,"mixed_population",2.68208589552633
100,5,6,15,1,44,"multinomial",2.77599384398002
100,5,6,15,1,44,"mixed",2.78108066894448
100,5,6,15,1,44,"mixed_population",2.7810815681941
100,5,6,15,1,45,"multinomial",2.80566697421124
100,5,6,15,1,45,"mixed",2.80421540152734
100,5,6,15,1,45,"mixed_population",2.80421783951117
100,5,6,15,1,46,"multinomial",2.77450140500872
100,5,6,15,1,46,"mixed",2.76960076025675
100,5,6,15,1,46,"mixed_population",2.76653300171965
100,5,6,15,1,47,"multinomial",2.78809936406823
100,5,6,15,1,47,"mixed",2.79357553509414
100,5,6,15,1,47,"mixed_population",2.78737581346234
100,5,6,15,1,48,"multinomial",2.64343151236435
100,5,6,15,1,48,"mixed",2.63991073813103
100,5,6,15,1,48,"mixed_population",2.6364307599934
100,5,6,15,1,49,"multinomial",2.84668757844756
100,5,6,15,1,49,"mixed",2.84956157114633
100,5,6,15,1,49,"mixed_population",2.84723833758303
100,5,6,15,1,50,"multinomial",2.8773055971281
100,5,6,15,1,50,"mixed",2.87633087353774
100,5,6,15,1,50,"mixed_population",2.87339935956231
100,5,6,15,1,51,"multinomial",2.83816034141281
100,5,6,15,1,51,"mixed",2.83084983118674
100,5,6,15,1,51,"mixed_population",2.83085539019079
100,5,6,15,1,52,"multinomial",2.87389638764393
100,5,6,15,1,52,"mixed",2.87629428383008
100,5,6,15,1,52,"mixed_population",2.86981613361831
100,5,6,15,1,53,"multinomial",2.83848129992324
100,5,6,15,1,53,"mixed",2.83174184078122
100,5,6,15,1,53,"mixed_population",2.83031572996484
100,5,6,15,1,54,"multinomial",3.00828904375835
100,5,6,15,1,54,"mixed",3.01516516467213
100,5,6,15,1,54,"mixed_population",3.01182301568982
100,5,6,15,1,55,"multinomial",3.14776710891122
100,5,6,15,1,55,"mixed",3.15029241524003
100,5,6,15,1,55,"mixed_population",3.14850860775751
100,5,6,15,1,56,"multinomial",2.71137221110795
100,5,6,15,1,56,"mixed",2.71158418225424
100,5,6,15,1,56,"mixed_population",2.71160401637191
100,5,6,15,1,57,"multinomial",2.69103855406705
100,5,6,15,1,57,"mixed",2.68946158521918
100,5,6,15,1,57,"mixed_population",2.68569470067441
100,5,6,15,1,58,"multinomial",2.81955720108485
100,5,6,15,1,58,"mixed",2.8218312680977
100,5,6,15,1,58,"mixed_population",2.81976155385862
100,5,6,15,1,59,"multinomial",2.84619608275002
100,5,6,15,1,59,"mixed",2.86398820573537
100,5,6,15,1,59,"mixed_population",2.85961098572371
100,5,6,15,1,60,"multinomial",2.80799028249852
100,5,6,15,1,60,"mixed",2.82030029296373
100,5,6,15,1,60,"mixed_population",2.81296912418414
100,5,6,15,1,61,"multinomial",2.95446773854259
100,5,6,15,1,61,"mixed",2.9533487075617
100,5,6,15,1,61,"mixed_population",2.9540932552416
100,5,6,15,1,62,"multinomial",2.78468560053256
100,5,6,15,1,62,"mixed",2.78660755373809
100,5,6,15,1,62,"mixed_population",2.78123930200594
100,5,6,15,1,63,"multinomial",2.8880780813389
100,5,6,15,1,63,"mixed",2.89999683395299
100,5,6,15,1,63,"mixed_population",2.89431925734896
100,5,6,15,1,64,"multinomial",2.91031768780965
100,5,6,15,1,64,"mixed",2.91635677219056
100,5,6,15,1,64,"mixed_population",2.91005446665136
100,5,6,15,1,65,"multinomial",2.74509168740456
100,5,6,15,1,65,"mixed",2.74499918282416
100,5,6,15,1,65,"mixed_population",2.74500134570356
100,5,6,15,1,66,"multinomial",2.90403160315068
100,5,6,15,1,66,"mixed",2.89995251321413
100,5,6,15,1,66,"mixed_population",2.89924387142341
100,5,6,15,1,67,"multinomial",2.62854414659476
100,5,6,15,1,67,"mixed",2.62495366293262
100,5,6,15,1,67,"mixed_population",2.62494055839016
100,5,6,15,1,68,"multinomial",2.72309314394787
100,5,6,15,1,68,"mixed",2.71840123687496
100,5,6,15,1,68,"mixed_population",2.71840113828781
100,5,6,15,1,69,"multinomial",2.77640659572977
100,5,6,15,1,69,"mixed",2.78438019079908
100,5,6,15,1,69,"mixed_population",2.77819992224867
100,5,6,15,1,70,"multinomial",2.91717870000664
100,5,6,15,1,70,"mixed",2.92858601862068
100,5,6,15,1,70,"mixed_population",2.92497491868434
100,5,6,15,1,71,"multinomial",2.7799527163907
100,5,6,15,1,71,"mixed",2.80641923859657
100,5,6,15,1,71,"mixed_population",2.80404274318239
100,5,6,15,1,72,"multinomial",2.80453931225303
100,5,6,15,1,72,"mixed",2.79841122059656
100,5,6,15,1,72,"mixed_population",2.79691437065234
100,5,6,15,1,73,"multinomial",2.76987296298296
100,5,6,15,1,73,"mixed",2.76534501847502
100,5,6,15,1,73,"mixed_population",2.76532419576356
100,5,6,15,1,74,"multinomial",2.95980849376976
100,5,6,15,1,74,"mixed",2.96399347929584
100,5,6,15,1,74,"mixed_population",2.96350714571924
100,5,6,15,1,75,"multinomial",2.78223966624987
100,5,6,15,1,75,"mixed",2.7790341145202
100,5,6,15,1,75,"mixed_population",2.77539427032285
100,5,6,15,1,76,"multinomial",2.91885297323736
100,5,6,15,1,76,"mixed",2.91003390882239
100,5,6,15,1,76,"mixed_population",2.90719245462796
100,5,6,15,1,77,"multinomial",2.89128382619311
100,5,6,15,1,77,"mixed",2.89313778589588
100,5,6,15,1,77,"mixed_population",2.89311364876432
100,5,6,15,1,78,"multinomial",2.75546135514491
100,5,6,15,1,78,"mixed",2.75628616799692
100,5,6,15,1,78,"mixed_population",2.7563146640492
100,5,6,15,1,79,"multinomial",2.98102356400347
100,5,6,15,1,79,"mixed",2.97497452880816
100,5,6,15,1,79,"mixed_population",2.97498415865689
100,5,6,15,1,80,"multinomial",2.69327841539334
100,5,6,15,1,80,"mixed",2.69899520469042
100,5,6,15,1,80,"mixed_population",2.69569814433127
100,5,6,15,1,81,"multinomial",2.83365417379587
100,5,6,15,1,81,"mixed",2.83631172884
100,5,6,15,1,81,"mixed_population",2.83377631331502
100,5,6,15,1,82,"multinomial",2.75307264422148
100,5,6,15,1,82,"mixed",2.76634071424297
100,5,6,15,1,82,"mixed_population",2.76270742615549
100,5,6,15,1,83,"multinomial",2.84486151308767
100,5,6,15,1,83,"mixed",2.8416151246395
100,5,6,15,1,83,"mixed_population",2.83815013828686
100,5,6,15,1,84,"multinomial",2.92683956340649
100,5,6,15,1,84,"mixed",2.93401716883258
100,5,6,15,1,84,"mixed_population",2.93459092753475
100,5,6,15,1,85,"multinomial",2.87205781564432
100,5,6,15,1,85,"mixed",2.88440117129258
100,5,6,15,1,85,"mixed_population",2.88016431639538
100,5,6,15,1,86,"multinomial",2.79745634031538
100,5,6,15,1,86,"mixed",2.79026165816902
100,5,6,15,1,86,"mixed_population",2.79026700971771
100,5,6,15,1,87,"multinomial",2.8477718646227
100,5,6,15,1,87,"mixed",2.84446185850884
100,5,6,15,1,87,"mixed_population",2.84044755975122
100,5,6,15,1,88,"multinomial",2.90003866994768
100,5,6,15,1,88,"mixed",2.90168847136681
100,5,6,15,1,88,"mixed_population",2.89780333857946
100,5,6,15,1,89,"multinomial",2.80849339450836
100,5,6,15,1,89,"mixed",2.81006808285862
100,5,6,15,1,89,"mixed_population",2.80510209039061
100,5,6,15,1,90,"multinomial",2.71094548598174
100,5,6,15,1,90,"mixed",2.70235907898465
100,5,6,15,1,90,"mixed_population",2.70236067089232
100,5,6,15,1,91,"multinomial",2.75430640001792
100,5,6,15,1,91,"mixed",2.75301573334738
100,5,6,15,1,91,"mixed_population",2.75171581209434
100,5,6,15,1,92,"multinomial",2.81273241581234
100,5,6,15,1,92,"mixed",2.81107471332969
100,5,6,15,1,92,"mixed_population",2.81104604807822
100,5,6,15,1,93,"multinomial",2.88514102798072
100,5,6,15,1,93,"mixed",2.88539187063267
100,5,6,15,1,93,"mixed_population",2.8839363885114
100,5,6,15,1,94,"multinomial",2.96339806489446
100,5,6,15,1,94,"mixed",2.97268165777444
100,5,6,15,1,94,"mixed_population",2.96771931335201
100,5,6,15,1,95,"multinomial",2.89992917059919
100,5,6,15,1,95,"mixed",2.90804369456654
100,5,6,15,1,95,"mixed_population",2.90645996838733
100,5,6,15,1,96,"multinomial",2.74783903222276
100,5,6,15,1,96,"mixed",2.7570469253817
100,5,6,15,1,96,"mixed_population",2.75897630274937
100,5,6,15,1,97,"multinomial",2.83098814307904
100,5,6,15,1,97,"mixed",2.84050159288959
100,5,6,15,1,97,"mixed_population",2.83761199498373
100,5,6,15,1,98,"multinomial",2.84339514211962
100,5,6,15,1,98,"mixed",2.85774964224399
100,5,6,15,1,98,"mixed_population",2.85128110630783
100,5,6,15,1,99,"multinomial",2.88637612294162
100,5,6,15,1,99,"mixed",2.88732908970737
100,5,6,15,1,99,"mixed_population",2.88201084032615
100,5,6,15,1,100,"multinomial",2.78953909689655
100,5,6,15,1,100,"mixed",2.78857872024591
100,5,6,15,1,100,"mixed_population",2.78650098123983
100,5,6,15,10,1,"multinomial",5.99394124890735
100,5,6,15,10,1,"mixed",6.45913522275623
100,5,6,15,10,1,"mixed_population",5.9601167098512
100,5,6,15,10,2,"multinomial",5.91190844358318
100,5,6,15,10,2,"mixed",6.3226923464779
100,5,6,15,10,2,"mixed_population",5.88301426047628
100,5,6,15,10,3,"multinomial",5.74358683046085
100,5,6,15,10,3,"mixed",6.13819419749845
100,5,6,15,10,3,"mixed_population",5.71109866456825
100,5,6,15,10,4,"multinomial",6.05818957144131
100,5,6,15,10,4,"mixed",6.36333176703988
100,5,6,15,10,4,"mixed_population",6.04440118240185
100,5,6,15,10,5,"multinomial",5.92010626597475
100,5,6,15,10,5,"mixed",6.26885526284907
100,5,6,15,10,5,"mixed_population",5.91684008048267
100,5,6,15,10,6,"multinomial",5.98903506042799
100,5,6,15,10,6,"mixed",6.30890314452774
100,5,6,15,10,6,"mixed_population",5.93348485727478
100,5,6,15,10,7,"multinomial",5.74969316821566
100,5,6,15,10,7,"mixed",6.13206016920317
100,5,6,15,10,7,"mixed_population",5.73145076407874
100,5,6,15,10,8,"multinomial",5.74121149607805
100,5,6,15,10,8,"mixed",6.15187402954549
100,5,6,15,10,8,"mixed_population",5.68981964856191
100,5,6,15,10,9,"multinomial",5.97036660921742
100,5,6,15,10,9,"mixed",6.45001114592975
100,5,6,15,10,9,"mixed_population",5.92176180194298
100,5,6,15,10,10,"multinomial",5.98790345988184
100,5,6,15,10,10,"mixed",6.48384686496882
100,5,6,15,10,10,"mixed_population",5.93662957698199
100,5,6,15,10,11,"multinomial",5.79745699287037
100,5,6,15,10,11,"mixed",6.24143540123145
100,5,6,15,10,11,"mixed_population",5.78634198861344
100,5,6,15,10,12,"multinomial",5.91729894194143
100,5,6,15,10,12,"mixed",6.51976521405744
100,5,6,15,10,12,"mixed_population",5.91110277927845
100,5,6,15,10,13,"multinomial",5.93142562250628
100,5,6,15,10,13,"mixed",6.385711768079
100,5,6,15,10,13,"mixed_population",5.88932343584392
100,5,6,15,10,14,"multinomial",6.06505327967138
100,5,6,15,10,14,"mixed",6.59539715305918
100,5,6,15,10,14,"mixed_population",5.99926578119816
100,5,6,15,10,15,"multinomial",5.8237392971281
100,5,6,15,10,15,"mixed",6.34074127571859
100,5,6,15,10,15,"mixed_population",5.76874207001524
100,5,6,15,10,16,"multinomial",6.02283643569656
100,5,6,15,10,16,"mixed",6.45889610274499
100,5,6,15,10,16,"mixed_population",5.94872730348698
100,5,6,15,10,17,"multinomial",6.12291365399162
100,5,6,15,10,17,"mixed",6.60538691271408
100,5,6,15,10,17,"mixed_population",6.11526595541668
100,5,6,15,10,18,"multinomial",5.99204179248638
100,5,6,15,10,18,"mixed",6.35418276183773
100,5,6,15,10,18,"mixed_population",5.95734720726036
100,5,6,15,10,19,"multinomial",5.67930761407143
100,5,6,15,10,19,"mixed",6.01453495211997
100,5,6,15,10,19,"mixed_population",5.68104225711688
100,5,6,15,10,20,"multinomial",5.95008250002388
100,5,6,15,10,20,"mixed",6.30327735054713
100,5,6,15,10,20,"mixed_population",5.93893466238245
100,5,6,15,10,21,"multinomial",6.05512887926319
100,5,6,15,10,21,"mixed",6.45289896260795
100,5,6,15,10,21,"mixed_population",6.00535374438746
100,5,6,15,10,22,"multinomial",5.72176525741453
100,5,6,15,10,22,"mixed",6.11211800739012
100,5,6,15,10,22,"mixed_population",5.66830166650565
100,5,6,15,10,23,"multinomial",6.16385704431809
100,5,6,15,10,23,"mixed",6.68121542100385
100,5,6,15,10,23,"mixed_population",6.13197860142172
100,5,6,15,10,24,"multinomial",5.83284061525026
100,5,6,15,10,24,"mixed",6.32277857432505
100,5,6,15,10,24,"mixed_population",5.83023607789351
100,5,6,15,10,25,"multinomial",5.70059362613479
100,5,6,15,10,25,"mixed",6.08487934981778
100,5,6,15,10,25,"mixed_population",5.66424768141518
100,5,6,15,10,26,"multinomial",5.74751078414026
100,5,6,15,10,26,"mixed",6.19224362933475
100,5,6,15,10,26,"mixed_population",5.74284317590615
100,5,6,15,10,27,"multinomial",6.01956358997035
100,5,6,15,10,27,"mixed",6.58433451857303
100,5,6,15,10,27,"mixed_population",5.973743568592
100,5,6,15,10,28,"multinomial",6.0236316537684
100,5,6,15,10,28,"mixed",6.62217977001866
100,5,6,15,10,28,"mixed_population",5.99291301315454
100,5,6,15,10,29,"multinomial",5.83292847037951
100,5,6,15,10,29,"mixed",6.30205450126529
100,5,6,15,10,29,"mixed_population",5.77212911261029
100,5,6,15,10,30,"multinomial",6.04584480190594
100,5,6,15,10,30,"mixed",6.40029097978292
100,5,6,15,10,30,"mixed_population",6.0602378780405
100,5,6,15,10,31,"multinomial",5.79651541020716
100,5,6,15,10,31,"mixed",6.10650734001837
100,5,6,15,10,31,"mixed_population",5.77562342755982
100,5,6,15,10,32,"multinomial",6.0393387275923
100,5,6,15,10,32,"mixed",6.59363444005548
100,5,6,15,10,32,"mixed_population",6.00752036679407
100,5,6,15,10,33,"multinomial",6.03338482987009
100,5,6,15,10,33,"mixed",6.53787010030444
100,5,6,15,10,33,"mixed_population",5.95972966203208
100,5,6,15,10,34,"multinomial",5.81598624243969
100,5,6,15,10,34,"mixed",6.3368687518914
100,5,6,15,10,34,"mixed_population",5.75946848839466
100,5,6,15,10,35,"multinomial",6.05548335855762
100,5,6,15,10,35,"mixed",6.47788378635133
100,5,6,15,10,35,"mixed_population",5.99297235325291
100,5,6,15,10,36,"multinomial",5.97860764579614
100,5,6,15,10,36,"mixed",6.3900263235798
100,5,6,15,10,36,"mixed_population",5.90500961862295
100,5,6,15,10,37,"multinomial",6.09319157483963
100,5,6,15,10,37,"mixed",6.52662284800632
100,5,6,15,10,37,"mixed_population",6.04770693099269
100,5,6,15,10,38,"multinomial",5.74667603573258
100,5,6,15,10,38,"mixed",6.06469152828802
100,5,6,15,10,38,"mixed_population",5.68213277487968
100,5,6,15,10,39,"multinomial",5.94921139705779
100,5,6,15,10,39,"mixed",6.32716654402822
100,5,6,15,10,39,"mixed_population",5.92153944279168
100,5,6,15,10,40,"multinomial",6.25296439916917
100,5,6,15,10,40,"mixed",6.66211814974998
100,5,6,15,10,40,"mixed_population",6.22606172958029
100,5,6,15,10,41,"multinomial",5.78019377018667
100,5,6,15,10,41,"mixed",6.1591187441504
100,5,6,15,10,41,"mixed_population",5.69322240341427
100,5,6,15,10,42,"multinomial",6.06579378170467
100,5,6,15,10,42,"mixed",6.43426890578025
100,5,6,15,10,42,"mixed_population",6.07329802938927
100,5,6,15,10,43,"multinomial",5.75748981171069
100,5,6,15,10,43,"mixed",6.10316879635077
100,5,6,15,10,43,"mixed_population",5.6827023464469
100,5,6,15,10,44,"multinomial",5.88125197891936
100,5,6,15,10,44,"mixed",6.38539609618013
100,5,6,15,10,44,"mixed_population",5.8754871929705
100,5,6,15,10,45,"multinomial",5.72346941175199
100,5,6,15,10,45,"mixed",6.0240506830275
100,5,6,15,10,45,"mixed_population",5.6529646011103
100,5,6,15,10,46,"multinomial",6.12065853753886
100,5,6,15,10,46,"mixed",6.56050484440178
100,5,6,15,10,46,"mixed_population",6.08762263177348
100,5,6,15,10,47,"multinomial",5.99905776545605
100,5,6,15,10,47,"mixed",6.4511423874321
100,5,6,15,10,47,"mixed_population",5.92968064119886
100,5,6,15,10,48,"multinomial",5.64637550461917
100,5,6,15,10,48,"mixed",5.94530909088615
100,5,6,15,10,48,"mixed_population",5.54636247910862
100,5,6,15,10,49,"multinomial",5.90461854811337
100,5,6,15,10,49,"mixed",6.3137371875621
100,5,6,15,10,49,"mixed_population",5.90059565088016
100,5,6,15,10,50,"multinomial",5.86559614447318
100,5,6,15,10,50,"mixed",6.15565424357825
100,5,6,15,10,50,"mixed_population",5.82993302482818
100,5,6,15,10,51,"multinomial",6.08577490263079
100,5,6,15,10,51,"mixed",6.5024385536896
100,5,6,15,10,51,"mixed_population",6.01858446499721
100,5,6,15,10,52,"multinomial",5.88721030016263
100,5,6,15,10,52,"mixed",6.36447133348812
100,5,6,15,10,52,"mixed_population",5.86571646152737
100,5,6,15,10,53,"multinomial",5.71666555142533
100,5,6,15,10,53,"mixed",6.24887645917177
100,5,6,15,10,53,"mixed_population",5.68679755255292
100,5,6,15,10,54,"multinomial",5.93324330129201
100,5,6,15,10,54,"mixed",6.29878831045275
100,5,6,15,10,54,"mixed_population",5.8418912304872
100,5,6,15,10,55,"multinomial",5.98653908008858
100,5,6,15,10,55,"mixed",6.38806876179531
100,5,6,15,10,55,"mixed_population",5.96554655785543
100,5,6,15,10,56,"multinomial",5.86598020393957
100,5,6,15,10,56,"mixed",6.24940267024501
100,5,6,15,10,56,"mixed_population",5.86323106918129
100,5,6,15,10,57,"multinomial",5.74809649361774
100,5,6,15,10,57,"mixed",6.1212225363159
100,5,6,15,10,57,"mixed_population",5.7396452719236
100,5,6,15,10,58,"multinomial",5.92842431061737
100,5,6,15,10,58,"mixed",6.2747873815082
100,5,6,15,10,58,"mixed_population",5.91252175955575
100,5,6,15,10,59,"multinomial",6.06358077796828
100,5,6,15,10,59,"mixed",6.45783717116773
100,5,6,15,10,59,"mixed_population",6.06199892848044
100,5,6,15,10,60,"multinomial",5.80937510423218
100,5,6,15,10,60,"mixed",6.0620895292308
100,5,6,15,10,60,"mixed_population",5.77551822371674
100,5,6,15,10,61,"multinomial",5.78203187388017
100,5,6,15,10,61,"mixed",6.22180478017703
100,5,6,15,10,61,"mixed_population",5.72856840151356
100,5,6,15,10,62,"multinomial",5.7557410206532
100,5,6,15,10,62,"mixed",6.22213774730227
100,5,6,15,10,62,"mixed_population",5.70059864170935
100,5,6,15,10,63,"multinomial",6.21261214971058
100,5,6,15,10,63,"mixed",6.7016230283829
100,5,6,15,10,63,"mixed_population",6.19619027905882
100,5,6,15,10,64,"multinomial",5.88952027467743
100,5,6,15,10,64,"mixed",6.28708588320232
100,5,6,15,10,64,"mixed_population",5.8375545229229
100,5,6,15,10,65,"multinomial",5.97929020011426
100,5,6,15,10,65,"mixed",6.39630280507837
100,5,6,15,10,65,"mixed_population",5.93315009182713
100,5,6,15,10,66,"multinomial",5.8061853389116
100,5,6,15,10,66,"mixed",6.26045841871011
100,5,6,15,10,66,"mixed_population",5.71836385704336
100,5,6,15,10,67,"multinomial",6.21611089644544
100,5,6,15,10,67,"mixed",6.69594864165909
100,5,6,15,10,67,"mixed_population",6.18973280368495
100,5,6,15,10,68,"multinomial",5.93082426335688
100,5,6,15,10,68,"mixed",6.39442727945908
100,5,6,15,10,68,"mixed_population",5.90715829814594
100,5,6,15,10,69,"multinomial",6.23946517709672
100,5,6,15,10,69,"mixed",6.59883812532047
100,5,6,15,10,69,"mixed_population",6.19335989564701
100,5,6,15,10,70,"multinomial",6.0387608647248
100,5,6,15,10,70,"mixed",6.67502102786322
100,5,6,15,10,70,"mixed_population",6.04190981487579
100,5,6,15,10,71,"multinomial",5.94680015545995
100,5,6,15,10,71,"mixed",6.30362495667
100,5,6,15,10,71,"mixed_population",5.89861878298154
100,5,6,15,10,72,"multinomial",5.81006087901822
100,5,6,15,10,72,"mixed",6.27471795104386
100,5,6,15,10,72,"mixed_population",5.80392363369199
100,5,6,15,10,73,"multinomial",5.90951811931866
100,5,6,15,10,73,"mixed",6.4896453915024
100,5,6,15,10,73,"mixed_population",5.92882638296149
100,5,6,15,10,74,"multinomial",5.73876192715202
100,5,6,15,10,74,"mixed",6.21464236704439
100,5,6,15,10,74,"mixed_population",5.66025532074953
100,5,6,15,10,75,"multinomial",5.69691524560497
100,5,6,15,10,75,"mixed",6.01026006748522
100,5,6,15,10,75,"mixed_population",5.66573677633757
100,5,6,15,10,76,"multinomial",5.9101553711359
100,5,6,15,10,76,"mixed",6.19628901733736
100,5,6,15,10,76,"mixed_population",5.84991247109728
100,5,6,15,10,77,"multinomial",5.75583422361139
100,5,6,15,10,77,"mixed",6.18669821323679
100,5,6,15,10,77,"mixed_population",5.74353677852197
100,5,6,15,10,78,"multinomial",6.1240846833712
100,5,6,15,10,78,"mixed",6.52817349422911
100,5,6,15,10,78,"mixed_population",6.02484407240985
100,5,6,15,10,79,"multinomial",5.86784559387126
100,5,6,15,10,79,"mixed",6.19804123821565
100,5,6,15,10,79,"mixed_population",5.82937993752994
100,5,6,15,10,80,"multinomial",6.29138730932678
100,5,6,15,10,80,"mixed",6.78006299052629
100,5,6,15,10,80,"mixed_population",6.27132443807736
100,5,6,15,10,81,"multinomial",5.82660476960045
100,5,6,15,10,81,"mixed",6.24288214492963
100,5,6,15,10,81,"mixed_population",5.82203927418856
100,5,6,15,10,82,"multinomial",6.07370690917371
100,5,6,15,10,82,"mixed",6.51798122238566
100,5,6,15,10,82,"mixed_population",6.06019834328677
100,5,6,15,10,83,"multinomial",5.83072314983803
100,5,6,15,10,83,"mixed",6.21268820459294
100,5,6,15,10,83,"mixed_population",5.77922856183181
100,5,6,15,10,84,"multinomial",5.90254669942063
100,5,6,15,10,84,"mixed",6.24538002682449
100,5,6,15,10,84,"mixed_population",5.8643163053297
100,5,6,15,10,85,"multinomial",5.63054126935368
100,5,6,15,10,85,"mixed",5.93487443580312
100,5,6,15,10,85,"mixed_population",5.55150240285003
100,5,6,15,10,86,"multinomial",5.68016642111692
100,5,6,15,10,86,"mixed",6.0777098401979
100,5,6,15,10,86,"mixed_population",5.61981665280618
100,5,6,15,10,87,"multinomial",5.82859143809413
100,5,6,15,10,87,"mixed",6.16516113906728
100,5,6,15,10,87,"mixed_population",5.80824333672911
100,5,6,15,10,88,"multinomial",5.84917991171446
100,5,6,15,10,88,"mixed",6.2109482842137
100,5,6,15,10,88,"mixed_population",5.83550091726545
100,5,6,15,10,89,"multinomial",5.86568432633093
100,5,6,15,10,89,"mixed",6.17142358390371
100,5,6,15,10,89,"mixed_population",5.76386576411985
100,5,6,15,10,90,"multinomial",5.67078940613225
100,5,6,15,10,90,"mixed",5.99712165438069
100,5,6,15,10,90,"mixed_population",5.65000438304936
100,5,6,15,10,91,"multinomial",5.79595697451661
100,5,6,15,10,91,"mixed",6.16583971758696
100,5,6,15,10,91,"mixed_population",5.74603267902425
100,5,6,15,10,92,"multinomial",5.84267931225854
100,5,6,15,10,92,"mixed",6.16086610754617
100,5,6,15,10,92,"mixed_population",5.80392545500212
100,5,6,15,10,93,"multinomial",5.92368044864078
100,5,6,15,10,93,"mixed",6.3511222392138
100,5,6,15,10,93,"mixed_population",5.95914972097665
100,5,6,15,10,94,"multinomial",5.6602789536708
100,5,6,15,10,94,"mixed",6.08544051352294
100,5,6,15,10,94,"mixed_population",5.63795209626636
100,5,6,15,10,95,"multinomial",5.76489859243246
100,5,6,15,10,95,"mixed",6.09003831722647
100,5,6,15,10,95,"mixed_population",5.72993828762768
100,5,6,15,10,96,"multinomial",5.96932802787602
100,5,6,15,10,96,"mixed",6.4310435184269
100,5,6,15,10,96,"mixed_population",5.95034135828811
100,5,6,15,10,97,"multinomial",5.81582843339633
100,5,6,15,10,97,"mixed",6.25182140085866
100,5,6,15,10,97,"mixed_population",5.74458988955096
100,5,6,15,10,98,"multinomial",5.94436305008213
100,5,6,15,10,98,"mixed",6.3464186880608
100,5,6,15,10,98,"mixed_population",5.92432773404354
100,5,6,15,10,99,"multinomial",6.01187846428873
100,5,6,15,10,99,"mixed",6.40916678532423
100,5,6,15,10,99,"mixed_population",5.9930570128456
100,5,6,15,10,100,"multinomial",5.90678814677837
100,5,6,15,10,100,"mixed",6.52312939088799
100,5,6,15,10,100,"mixed_population",5.87226925839967
100,5,6,30,0.01,1,"multinomial",4.10765126301508
100,5,6,30,0.01,1,"mixed",4.10101973330933
100,5,6,30,0.01,1,"mixed_population",4.10101853192836
100,5,6,30,0.01,2,"multinomial",4.21008847480609
100,5,6,30,0.01,2,"mixed",4.20966120293711
100,5,6,30,0.01,2,"mixed_population",4.20966134246045
100,5,6,30,0.01,3,"multinomial",3.99467800180388
100,5,6,30,0.01,3,"mixed",3.98823416616275
100,5,6,30,0.01,3,"mixed_population",3.98823409119883
100,5,6,30,0.01,4,"multinomial",4.38521881966814
100,5,6,30,0.01,4,"mixed",4.38124444713511
100,5,6,30,0.01,4,"mixed_population",4.38123829153628
100,5,6,30,0.01,5,"multinomial",4.35230643201885
100,5,6,30,0.01,5,"mixed",4.33782728349804
100,5,6,30,0.01,5,"mixed_population",4.337826337209
100,5,6,30,0.01,6,"multinomial",4.12886269237072
100,5,6,30,0.01,6,"mixed",4.12048828255487
100,5,6,30,0.01,6,"mixed_population",4.12050474837523
100,5,6,30,0.01,7,"multinomial",4.25219376274758
100,5,6,30,0.01,7,"mixed",4.24699479135904
100,5,6,30,0.01,7,"mixed_population",4.24699423947118
100,5,6,30,0.01,8,"multinomial",4.04923211110862
100,5,6,30,0.01,8,"mixed",4.04591780936237
100,5,6,30,0.01,8,"mixed_population",4.04590918870902
100,5,6,30,0.01,9,"multinomial",4.23211195433018
100,5,6,30,0.01,9,"mixed",4.22964912134032
100,5,6,30,0.01,9,"mixed_population",4.22962790202871
100,5,6,30,0.01,10,"multinomial",4.30832863259997
100,5,6,30,0.01,10,"mixed",4.30636966449514
100,5,6,30,0.01,10,"mixed_population",4.30330672976827
100,5,6,30,0.01,11,"multinomial",3.84588476592611
100,5,6,30,0.01,11,"mixed",3.8431896715173
100,5,6,30,0.01,11,"mixed_population",3.84319718345414
100,5,6,30,0.01,12,"multinomial",3.84006411708185
100,5,6,30,0.01,12,"mixed",3.82851986558142
100,5,6,30,0.01,12,"mixed_population",3.82851645342051
100,5,6,30,0.01,13,"multinomial",4.01462641418855
100,5,6,30,0.01,13,"mixed",4.009159883609
100,5,6,30,0.01,13,"mixed_population",4.00916175110094
100,5,6,30,0.01,14,"multinomial",4.46458128122023
100,5,6,30,0.01,14,"mixed",4.45784443225743
100,5,6,30,0.01,14,"mixed_population",4.45784496995338
100,5,6,30,0.01,15,"multinomial",4.23382953449724
100,5,6,30,0.01,15,"mixed",4.23092575991212
100,5,6,30,0.01,15,"mixed_population",4.23093642218376
100,5,6,30,0.01,16,"multinomial",3.80893860529472
100,5,6,30,0.01,16,"mixed",3.80520427762939
100,5,6,30,0.01,16,"mixed_population",3.80520290001999
100,5,6,30,0.01,17,"multinomial",3.89107164572276
100,5,6,30,0.01,17,"mixed",3.88276076085332
100,5,6,30,0.01,17,"mixed_population",3.8827636602812
100,5,6,30,0.01,18,"multinomial",4.25838104118086
100,5,6,30,0.01,18,"mixed",4.25918792166221
100,5,6,30,0.01,18,"mixed_population",4.25918900647701
100,5,6,30,0.01,19,"multinomial",4.0079099298481
100,5,6,30,0.01,19,"mixed",4.00609129832311
100,5,6,30,0.01,19,"mixed_population",4.00609121022265
100,5,6,30,0.01,20,"multinomial",4.0037717690168
100,5,6,30,0.01,20,"mixed",3.99507242458382
100,5,6,30,0.01,20,"mixed_population",3.99507440119044
100,5,6,30,0.01,21,"multinomial",4.15873351152785
100,5,6,30,0.01,21,"mixed",4.15094715313828
100,5,6,30,0.01,21,"mixed_population",4.15094982261814
100,5,6,30,0.01,22,"multinomial",3.91469413529532
100,5,6,30,0.01,22,"mixed",3.90772792868028
100,5,6,30,0.01,22,"mixed_population",3.90773222594394
100,5,6,30,0.01,23,"multinomial",4.03551616670328
100,5,6,30,0.01,23,"mixed",4.03220320646188
100,5,6,30,0.01,23,"mixed_population",4.0321965659999
100,5,6,30,0.01,24,"multinomial",4.00590888643839
100,5,6,30,0.01,24,"mixed",4.0047701901721
100,5,6,30,0.01,24,"mixed_population",4.00477033430068
100,5,6,30,0.01,25,"multinomial",4.01904922025522
100,5,6,30,0.01,25,"mixed",4.0191632612073
100,5,6,30,0.01,25,"mixed_population",4.0191781332264
100,5,6,30,0.01,26,"multinomial",4.16873204465671
100,5,6,30,0.01,26,"mixed",4.15069058485562
100,5,6,30,0.01,26,"mixed_population",4.15068764010714
100,5,6,30,0.01,27,"multinomial",4.08651710305619
100,5,6,30,0.01,27,"mixed",4.07837024306905
100,5,6,30,0.01,27,"mixed_population",4.07836967653814
100,5,6,30,0.01,28,"multinomial",4.08268009215755
100,5,6,30,0.01,28,"mixed",4.07889562877446
100,5,6,30,0.01,28,"mixed_population",4.07889630077204
100,5,6,30,0.01,29,"multinomial",4.19416347115835
100,5,6,30,0.01,29,"mixed",4.1799709318709
100,5,6,30,0.01,29,"mixed_population",4.1799662303237
100,5,6,30,0.01,30,"multinomial",4.16449303764298
100,5,6,30,0.01,30,"mixed",4.16172567718498
100,5,6,30,0.01,30,"mixed_population",4.16172940023759
100,5,6,30,0.01,31,"multinomial",4.19786359598489
100,5,6,30,0.01,31,"mixed",4.19113959626384
100,5,6,30,0.01,31,"mixed_population",4.19114254568042
100,5,6,30,0.01,32,"multinomial",4.085358133372
100,5,6,30,0.01,32,"mixed",4.08529170117428
100,5,6,30,0.01,32,"mixed_population",4.08529039670012
100,5,6,30,0.01,33,"multinomial",4.12066271519585
100,5,6,30,0.01,33,"mixed",4.11637861810793
100,5,6,30,0.01,33,"mixed_population",4.11638426596388
100,5,6,30,0.01,34,"multinomial",4.110671199044
100,5,6,30,0.01,34,"mixed",4.10814872910318
100,5,6,30,0.01,34,"mixed_population",4.10814888936616
100,5,6,30,0.01,35,"multinomial",3.95911456184083
100,5,6,30,0.01,35,"mixed",3.95802778570983
100,5,6,30,0.01,35,"mixed_population",3.95801747098601
100,5,6,30,0.01,36,"multinomial",4.33158059854019
100,5,6,30,0.01,36,"mixed",4.32849746386582
100,5,6,30,0.01,36,"mixed_population",4.3277646288776
100,5,6,30,0.01,37,"multinomial",4.22714864028912
100,5,6,30,0.01,37,"mixed",4.21236638414355
100,5,6,30,0.01,37,"mixed_population",4.20872041284452
100,5,6,30,0.01,38,"multinomial",4.33423514659164
100,5,6,30,0.01,38,"mixed",4.32769990393915
100,5,6,30,0.01,38,"mixed_population",4.32769600677537
100,5,6,30,0.01,39,"multinomial",4.12375120454091
100,5,6,30,0.01,39,"mixed",4.11780005472925
100,5,6,30,0.01,39,"mixed_population",4.11780440003162
100,5,6,30,0.01,40,"multinomial",4.08387647844919
100,5,6,30,0.01,40,"mixed",4.0773739871972
100,5,6,30,0.01,40,"mixed_population",4.07737520311323
100,5,6,30,0.01,41,"multinomial",4.15283462617448
100,5,6,30,0.01,41,"mixed",4.14852744851414
100,5,6,30,0.01,41,"mixed_population",4.14852815357411
100,5,6,30,0.01,42,"multinomial",4.00890027849462
100,5,6,30,0.01,42,"mixed",4.00043053756163
100,5,6,30,0.01,42,"mixed_population",4.00042886439601
100,5,6,30,0.01,43,"multinomial",4.27789339992641
100,5,6,30,0.01,43,"mixed",4.27393747256063
100,5,6,30,0.01,43,"mixed_population",4.27393791193444
100,5,6,30,0.01,44,"multinomial",4.03822684439151
100,5,6,30,0.01,44,"mixed",4.03601872713651
100,5,6,30,0.01,44,"mixed_population",4.03602624684295
100,5,6,30,0.01,45,"multinomial",4.20705206971489
100,5,6,30,0.01,45,"mixed",4.2008039343229
100,5,6,30,0.01,45,"mixed_population",4.20080472652351
100,5,6,30,0.01,46,"multinomial",4.21697490429944
100,5,6,30,0.01,46,"mixed",4.21621947538174
100,5,6,30,0.01,46,"mixed_population",4.21621756474357
100,5,6,30,0.01,47,"multinomial",4.21498037860672
100,5,6,30,0.01,47,"mixed",4.21447365617214
100,5,6,30,0.01,47,"mixed_population",4.21447642194819
100,5,6,30,0.01,48,"multinomial",4.23893679722325
100,5,6,30,0.01,48,"mixed",4.23669979891621
100,5,6,30,0.01,48,"mixed_population",4.23668209453801
100,5,6,30,0.01,49,"multinomial",3.95934209647752
100,5,6,30,0.01,49,"mixed",3.95577797265467
100,5,6,30,0.01,49,"mixed_population",3.95577753825405
100,5,6,30,0.01,50,"multinomial",4.03030330655479
100,5,6,30,0.01,50,"mixed",4.02416698151499
100,5,6,30,0.01,50,"mixed_population",4.02416460025583
100,5,6,30,0.01,51,"multinomial",4.27822468862963
100,5,6,30,0.01,51,"mixed",4.27457995926885
100,5,6,30,0.01,51,"mixed_population",4.27458363112943
100,5,6,30,0.01,52,"multinomial",3.98094485204417
100,5,6,30,0.01,52,"mixed",3.97823192372859
100,5,6,30,0.01,52,"mixed_population",3.9782230713971
100,5,6,30,0.01,53,"multinomial",4.07741831732199
100,5,6,30,0.01,53,"mixed",4.07563279670329
100,5,6,30,0.01,53,"mixed_population",4.07561917424997
100,5,6,30,0.01,54,"multinomial",4.09731660946157
100,5,6,30,0.01,54,"mixed",4.09007827687843
100,5,6,30,0.01,54,"mixed_population",4.09006485573066
100,5,6,30,0.01,55,"multinomial",4.14419486184012
100,5,6,30,0.01,55,"mixed",4.1420550100166
100,5,6,30,0.01,55,"mixed_population",4.14204638010043
100,5,6,30,0.01,56,"multinomial",4.53232257687397
100,5,6,30,0.01,56,"mixed",4.52973986968278
100,5,6,30,0.01,56,"mixed_population",4.52973311329997
100,5,6,30,0.01,57,"multinomial",4.23064734096153
100,5,6,30,0.01,57,"mixed",4.22901986815835
100,5,6,30,0.01,57,"mixed_population",4.23098066090459
100,5,6,30,0.01,58,"multinomial",3.82587558405185
100,5,6,30,0.01,58,"mixed",3.82120147026086
100,5,6,30,0.01,58,"mixed_population",3.82118949963759
100,5,6,30,0.01,59,"multinomial",4.03737638693827
100,5,6,30,0.01,59,"mixed",4.03630223697954
100,5,6,30,0.01,59,"mixed_population",4.03629632736703
100,5,6,30,0.01,60,"multinomial",3.99770112477105
100,5,6,30,0.01,60,"mixed",3.99358350428828
100,5,6,30,0.01,60,"mixed_population",3.99358281204678
100,5,6,30,0.01,61,"multinomial",4.0998524505665
100,5,6,30,0.01,61,"mixed",4.09390105715836
100,5,6,30,0.01,61,"mixed_population",4.0938895891849
100,5,6,30,0.01,62,"multinomial",4.36513471721428
100,5,6,30,0.01,62,"mixed",4.36055122984743
100,5,6,30,0.01,62,"mixed_population",4.36054551909733
100,5,6,30,0.01,63,"multinomial",4.18823504199331
100,5,6,30,0.01,63,"mixed",4.18732695586668
100,5,6,30,0.01,63,"mixed_population",4.18733290877153
100,5,6,30,0.01,64,"multinomial",4.19923391816755
100,5,6,30,0.01,64,"mixed",4.19440271007496
100,5,6,30,0.01,64,"mixed_population",4.1944019997117
100,5,6,30,0.01,65,"multinomial",4.01697616554703
100,5,6,30,0.01,65,"mixed",4.0126902781958
100,5,6,30,0.01,65,"mixed_population",4.01268882252444
100,5,6,30,0.01,66,"multinomial",3.97757120287869
100,5,6,30,0.01,66,"mixed",3.97510433372009
100,5,6,30,0.01,66,"mixed_population",3.97510595154435
100,5,6,30,0.01,67,"multinomial",4.14523181049749
100,5,6,30,0.01,67,"mixed",4.13930184420048
100,5,6,30,0.01,67,"mixed_population",4.13929380463008
100,5,6,30,0.01,68,"multinomial",3.87124323122691
100,5,6,30,0.01,68,"mixed",3.86518258215524
100,5,6,30,0.01,68,"mixed_population",3.86091143019677
100,5,6,30,0.01,69,"multinomial",4.14597337463457
100,5,6,30,0.01,69,"mixed",4.14376490794389
100,5,6,30,0.01,69,"mixed_population",4.14374677314552
100,5,6,30,0.01,70,"multinomial",3.84651093819086
100,5,6,30,0.01,70,"mixed",3.83712697838635
100,5,6,30,0.01,70,"mixed_population",3.83712774421336
100,5,6,30,0.01,71,"multinomial",4.33952453053776
100,5,6,30,0.01,71,"mixed",4.33894758872705
100,5,6,30,0.01,71,"mixed_population",4.33894983086363
100,5,6,30,0.01,72,"multinomial",4.27530030723962
100,5,6,30,0.01,72,"mixed",4.27264493706459
100,5,6,30,0.01,72,"mixed_population",4.27264411195101
100,5,6,30,0.01,73,"multinomial",4.29261320105087
100,5,6,30,0.01,73,"mixed",4.28973986380005
100,5,6,30,0.01,73,"mixed_population",4.28972269143518
100,5,6,30,0.01,74,"multinomial",4.00919142730993
100,5,6,30,0.01,74,"mixed",3.99613941367181
100,5,6,30,0.01,74,"mixed_population",3.99613903963534
100,5,6,30,0.01,75,"multinomial",4.28377850936176
100,5,6,30,0.01,75,"mixed",4.27657770041076
100,5,6,30,0.01,75,"mixed_population",4.27504344368336
100,5,6,30,0.01,76,"multinomial",4.41576885174066
100,5,6,30,0.01,76,"mixed",4.41040194490582
100,5,6,30,0.01,76,"mixed_population",4.410380564031
100,5,6,30,0.01,77,"multinomial",4.18930956788153
100,5,6,30,0.01,77,"mixed",4.18317561574405
100,5,6,30,0.01,77,"mixed_population",4.18317359308477
100,5,6,30,0.01,78,"multinomial",4.30328722122618
100,5,6,30,0.01,78,"mixed",4.29441061285207
100,5,6,30,0.01,78,"mixed_population",4.29442681513386
100,5,6,30,0.01,79,"multinomial",4.10784562186575
100,5,6,30,0.01,79,"mixed",4.10798490717906
100,5,6,30,0.01,79,"mixed_population",4.1079847588932
100,5,6,30,0.01,80,"multinomial",4.16742737549099
100,5,6,30,0.01,80,"mixed",4.16712065021914
100,5,6,30,0.01,80,"mixed_population",4.16711771525464
100,5,6,30,0.01,81,"multinomial",3.83556231741124
100,5,6,30,0.01,81,"mixed",3.82962939686875
100,5,6,30,0.01,81,"mixed_population",3.8296266458238
100,5,6,30,0.01,82,"multinomial",4.30561101480486
100,5,6,30,0.01,82,"mixed",4.30256748187994
100,5,6,30,0.01,82,"mixed_population",4.3025704250398
100,5,6,30,0.01,83,"multinomial",4.06673592951448
100,5,6,30,0.01,83,"mixed",4.06394559491676
100,5,6,30,0.01,83,"mixed_population",4.0639396952624
100,5,6,30,0.01,84,"multinomial",4.02295832691432
100,5,6,30,0.01,84,"mixed",4.00997966993702
100,5,6,30,0.01,84,"mixed_population",4.00997604416328
100,5,6,30,0.01,85,"multinomial",4.04661335876306
100,5,6,30,0.01,85,"mixed",4.04771504916233
100,5,6,30,0.01,85,"mixed_population",4.04771108954028
100,5,6,30,0.01,86,"multinomial",4.1815067210357
100,5,6,30,0.01,86,"mixed",4.17572520593185
100,5,6,30,0.01,86,"mixed_population",4.17572521347679
100,5,6,30,0.01,87,"multinomial",4.28122829314035
100,5,6,30,0.01,87,"mixed",4.27343624498202
100,5,6,30,0.01,87,"mixed_population",4.27346147723515
100,5,6,30,0.01,88,"multinomial",4.01478125208595
100,5,6,30,0.01,88,"mixed",4.01052178624178
100,5,6,30,0.01,88,"mixed_population",4.01052113514861
100,5,6,30,0.01,89,"multinomial",4.04513804937504
100,5,6,30,0.01,89,"mixed",4.03971969885533
100,5,6,30,0.01,89,"mixed_population",4.03974629341026
100,5,6,30,0.01,90,"multinomial",3.96301423962931
100,5,6,30,0.01,90,"mixed",3.95797073117118
100,5,6,30,0.01,90,"mixed_population",3.95795872778083
100,5,6,30,0.01,91,"multinomial",4.4113079699708
100,5,6,30,0.01,91,"mixed",4.40425660651347
100,5,6,30,0.01,91,"mixed_population",4.40065958218061
100,5,6,30,0.01,92,"multinomial",3.85365592355345
100,5,6,30,0.01,92,"mixed",3.84584460361062
100,5,6,30,0.01,92,"mixed_population",3.84585017743908
100,5,6,30,0.01,93,"multinomial",4.07900148007957
100,5,6,30,0.01,93,"mixed",4.07578677040819
100,5,6,30,0.01,93,"mixed_population",4.07580310738099
100,5,6,30,0.01,94,"multinomial",4.20137967148311
100,5,6,30,0.01,94,"mixed",4.19715837724447
100,5,6,30,0.01,94,"mixed_population",4.19714213679877
100,5,6,30,0.01,95,"multinomial",4.10550268517108
100,5,6,30,0.01,95,"mixed",4.10101562334865
100,5,6,30,0.01,95,"mixed_population",4.10102010684123
100,5,6,30,0.01,96,"multinomial",3.95191172244462
100,5,6,30,0.01,96,"mixed",3.95104123608481
100,5,6,30,0.01,96,"mixed_population",3.95104386450294
100,5,6,30,0.01,97,"multinomial",3.95257398873645
100,5,6,30,0.01,97,"mixed",3.95133445035778
100,5,6,30,0.01,97,"mixed_population",3.95133224925731
100,5,6,30,0.01,98,"multinomial",4.16355196569731
100,5,6,30,0.01,98,"mixed",4.16335396035876
100,5,6,30,0.01,98,"mixed_population",4.16337779380127
100,5,6,30,0.01,99,"multinomial",4.05398315002357
100,5,6,30,0.01,99,"mixed",4.05367249876102
100,5,6,30,0.01,99,"mixed_population",4.05366462729911
100,5,6,30,0.01,100,"multinomial",4.26297390494685
100,5,6,30,0.01,100,"mixed",4.26010323501695
100,5,6,30,0.01,100,"mixed_population",4.26011649570417
100,5,6,30,0.1,1,"multinomial",4.30008054377602
100,5,6,30,0.1,1,"mixed",4.29969820826196
100,5,6,30,0.1,1,"mixed_population",4.29971493271313
100,5,6,30,0.1,2,"multinomial",4.27445753988803
100,5,6,30,0.1,2,"mixed",4.26655646580509
100,5,6,30,0.1,2,"mixed_population",4.26655634730793
100,5,6,30,0.1,3,"multinomial",4.32462144257367
100,5,6,30,0.1,3,"mixed",4.32067158953601
100,5,6,30,0.1,3,"mixed_population",4.32067224128134
100,5,6,30,0.1,4,"multinomial",4.24854103201953
100,5,6,30,0.1,4,"mixed",4.24190544932824
100,5,6,30,0.1,4,"mixed_population",4.24190794810127
100,5,6,30,0.1,5,"multinomial",4.32464855822704
100,5,6,30,0.1,5,"mixed",4.32440427955816
100,5,6,30,0.1,5,"mixed_population",4.32440268089543
100,5,6,30,0.1,6,"multinomial",3.95742925025997
100,5,6,30,0.1,6,"mixed",3.95284462577283
100,5,6,30,0.1,6,"mixed_population",3.95284134692202
100,5,6,30,0.1,7,"multinomial",4.15472688145811
100,5,6,30,0.1,7,"mixed",4.15253359160718
100,5,6,30,0.1,7,"mixed_population",4.15253399135131
100,5,6,30,0.1,8,"multinomial",4.27442249557537
100,5,6,30,0.1,8,"mixed",4.26690251563087
100,5,6,30,0.1,8,"mixed_population",4.26690280545794
100,5,6,30,0.1,9,"multinomial",4.13794660337478
100,5,6,30,0.1,9,"mixed",4.12989872946725
100,5,6,30,0.1,9,"mixed_population",4.12989754150966
100,5,6,30,0.1,10,"multinomial",4.22427749322435
100,5,6,30,0.1,10,"mixed",4.21839210493778
100,5,6,30,0.1,10,"mixed_population",4.2183889807349
100,5,6,30,0.1,11,"multinomial",4.14114647174068
100,5,6,30,0.1,11,"mixed",4.13586283669091
100,5,6,30,0.1,11,"mixed_population",4.13586341548354
100,5,6,30,0.1,12,"multinomial",4.23012956133184
100,5,6,30,0.1,12,"mixed",4.2270770895552
100,5,6,30,0.1,12,"mixed_population",4.22707555014879
100,5,6,30,0.1,13,"multinomial",4.10266018197208
100,5,6,30,0.1,13,"mixed",4.10329690922964
100,5,6,30,0.1,13,"mixed_population",4.10306753055882
100,5,6,30,0.1,14,"multinomial",3.7483879177514
100,5,6,30,0.1,14,"mixed",3.74770565690634
100,5,6,30,0.1,14,"mixed_population",3.74770719590602
100,5,6,30,0.1,15,"multinomial",4.22851824598626
100,5,6,30,0.1,15,"mixed",4.21297153185478
100,5,6,30,0.1,15,"mixed_population",4.21287617455762
100,5,6,30,0.1,16,"multinomial",4.22016311013861
100,5,6,30,0.1,16,"mixed",4.21561866645449
100,5,6,30,0.1,16,"mixed_population",4.21561916040637
100,5,6,30,0.1,17,"multinomial",4.15742975571194
100,5,6,30,0.1,17,"mixed",4.15464360433064
100,5,6,30,0.1,17,"mixed_population",4.15464313722684
100,5,6,30,0.1,18,"multinomial",3.9720757126092
100,5,6,30,0.1,18,"mixed",3.96607847856333
100,5,6,30,0.1,18,"mixed_population",3.96612928338996
100,5,6,30,0.1,19,"multinomial",4.3143875348938
100,5,6,30,0.1,19,"mixed",4.31475925923708
100,5,6,30,0.1,19,"mixed_population",4.31476040640244
100,5,6,30,0.1,20,"multinomial",4.08590743189054
100,5,6,30,0.1,20,"mixed",4.07512128789596
100,5,6,30,0.1,20,"mixed_population",4.07512338393621
100,5,6,30,0.1,21,"multinomial",4.27837044776207
100,5,6,30,0.1,21,"mixed",4.27666574293591
100,5,6,30,0.1,21,"mixed_population",4.27669029940676
100,5,6,30,0.1,22,"multinomial",4.00979408416379
100,5,6,30,0.1,22,"mixed",4.0062704164097
100,5,6,30,0.1,22,"mixed_population",4.00626531023228
100,5,6,30,0.1,23,"multinomial",3.94794255062168
100,5,6,30,0.1,23,"mixed",3.94418092067724
100,5,6,30,0.1,23,"mixed_population",3.94418301129438
100,5,6,30,0.1,24,"multinomial",4.30925557591533
100,5,6,30,0.1,24,"mixed",4.3034484344512
100,5,6,30,0.1,24,"mixed_population",4.30306044253672
100,5,6,30,0.1,25,"multinomial",4.2114322855545
100,5,6,30,0.1,25,"mixed",4.20248806615309
100,5,6,30,0.1,25,"mixed_population",4.20119026671438
100,5,6,30,0.1,26,"multinomial",4.05867672075037
100,5,6,30,0.1,26,"mixed",4.06085138038696
100,5,6,30,0.1,26,"mixed_population",4.06083339755224
100,5,6,30,0.1,27,"multinomial",4.11265193310508
100,5,6,30,0.1,27,"mixed",4.10946180056821
100,5,6,30,0.1,27,"mixed_population",4.1094638457641
100,5,6,30,0.1,28,"multinomial",4.1324274459883
100,5,6,30,0.1,28,"mixed",4.13160295713735
100,5,6,30,0.1,28,"mixed_population",4.13141335927402
100,5,6,30,0.1,29,"multinomial",4.2297883607508
100,5,6,30,0.1,29,"mixed",4.22376532473091
100,5,6,30,0.1,29,"mixed_population",4.22377877638555
100,5,6,30,0.1,30,"multinomial",4.09343863560376
100,5,6,30,0.1,30,"mixed",4.09392814893383
100,5,6,30,0.1,30,"mixed_population",4.09409806237296
100,5,6,30,0.1,31,"multinomial",4.1679647998333
100,5,6,30,0.1,31,"mixed",4.16470463209518
100,5,6,30,0.1,31,"mixed_population",4.16470642543636
100,5,6,30,0.1,32,"multinomial",4.17373946283856
100,5,6,30,0.1,32,"mixed",4.1671559046308
100,5,6,30,0.1,32,"mixed_population",4.16713955616806
100,5,6,30,0.1,33,"multinomial",4.03157072726508
100,5,6,30,0.1,33,"mixed",4.02622107507814
100,5,6,30,0.1,33,"mixed_population",4.02623514794031
100,5,6,30,0.1,34,"multinomial",3.85897898058457
100,5,6,30,0.1,34,"mixed",3.85809917321994
100,5,6,30,0.1,34,"mixed_population",3.85810530648641
100,5,6,30,0.1,35,"multinomial",4.20269736351202
100,5,6,30,0.1,35,"mixed",4.19264688860669
100,5,6,30,0.1,35,"mixed_population",4.19264783713487
100,5,6,30,0.1,36,"multinomial",3.96442476714445
100,5,6,30,0.1,36,"mixed",3.95612773546707
100,5,6,30,0.1,36,"mixed_population",3.95612844202388
100,5,6,30,0.1,37,"multinomial",4.08887263874743
100,5,6,30,0.1,37,"mixed",4.08543279001513
100,5,6,30,0.1,37,"mixed_population",4.08543039742483
100,5,6,30,0.1,38,"multinomial",4.11292533505775
100,5,6,30,0.1,38,"mixed",4.11050661617371
100,5,6,30,0.1,38,"mixed_population",4.11051359199757
100,5,6,30,0.1,39,"multinomial",4.20959760334155
100,5,6,30,0.1,39,"mixed",4.20809005482437
100,5,6,30,0.1,39,"mixed_population",4.20809097645031
100,5,6,30,0.1,40,"multinomial",4.11300008976663
100,5,6,30,0.1,40,"mixed",4.10959265392689
100,5,6,30,0.1,40,"mixed_population",4.10958840962772
100,5,6,30,0.1,41,"multinomial",4.21808693793168
100,5,6,30,0.1,41,"mixed",4.21208023955286
100,5,6,30,0.1,41,"mixed_population",4.21207830282086
100,5,6,30,0.1,42,"multinomial",4.00552109716496
100,5,6,30,0.1,42,"mixed",4.00263007926708
100,5,6,30,0.1,42,"mixed_population",4.00262943551438
100,5,6,30,0.1,43,"multinomial",4.09394333980836
100,5,6,30,0.1,43,"mixed",4.09234946323711
100,5,6,30,0.1,43,"mixed_population",4.09234630312381
100,5,6,30,0.1,44,"multinomial",3.8921353078885
100,5,6,30,0.1,44,"mixed",3.88497668561694
100,5,6,30,0.1,44,"mixed_population",3.88498336214746
100,5,6,30,0.1,45,"multinomial",4.10595374321512
100,5,6,30,0.1,45,"mixed",4.10606602653168
100,5,6,30,0.1,45,"mixed_population",4.10626787992421
100,5,6,30,0.1,46,"multinomial",3.85468272905061
100,5,6,30,0.1,46,"mixed",3.85011244990634
100,5,6,30,0.1,46,"mixed_population",3.85011086711728
100,5,6,30,0.1,47,"multinomial",4.17952982426249
100,5,6,30,0.1,47,"mixed",4.17584072107227
100,5,6,30,0.1,47,"mixed_population",4.17585122343131
100,5,6,30,0.1,48,"multinomial",4.18561779202285
100,5,6,30,0.1,48,"mixed",4.17684813196142
100,5,6,30,0.1,48,"mixed_population",4.1768458937881
100,5,6,30,0.1,49,"multinomial",4.221784382834
100,5,6,30,0.1,49,"mixed",4.21400035610111
100,5,6,30,0.1,49,"mixed_population",4.21399553577709
100,5,6,30,0.1,50,"multinomial",4.2654165453047
100,5,6,30,0.1,50,"mixed",4.26267675681354
100,5,6,30,0.1,50,"mixed_population",4.26267909645937
100,5,6,30,0.1,51,"multinomial",3.86767920995683
100,5,6,30,0.1,51,"mixed",3.86658724618225
100,5,6,30,0.1,51,"mixed_population",3.86658701115401
100,5,6,30,0.1,52,"multinomial",4.25989389447214
100,5,6,30,0.1,52,"mixed",4.26071842056092
100,5,6,30,0.1,52,"mixed_population",4.25873354481708
100,5,6,30,0.1,53,"multinomial",3.73649917656973
100,5,6,30,0.1,53,"mixed",3.72697219139888
100,5,6,30,0.1,53,"mixed_population",3.72697083585742
100,5,6,30,0.1,54,"multinomial",4.19034664267001
100,5,6,30,0.1,54,"mixed",4.18614885155921
100,5,6,30,0.1,54,"mixed_population",4.18562604861233
100,5,6,30,0.1,55,"multinomial",4.22389642835156
100,5,6,30,0.1,55,"mixed",4.22311213654477
100,5,6,30,0.1,55,"mixed_population",4.22311143601926
100,5,6,30,0.1,56,"multinomial",4.25466148267966
100,5,6,30,0.1,56,"mixed",4.24944083364814
100,5,6,30,0.1,56,"mixed_population",4.24943893770575
100,5,6,30,0.1,57,"multinomial",4.23282932184943
100,5,6,30,0.1,57,"mixed",4.22821430420582
100,5,6,30,0.1,57,"mixed_population",4.2282155360753
100,5,6,30,0.1,58,"multinomial",4.04588980064223
100,5,6,30,0.1,58,"mixed",4.03618595263941
100,5,6,30,0.1,58,"mixed_population",4.03534890982132
100,5,6,30,0.1,59,"multinomial",4.20109515334135
100,5,6,30,0.1,59,"mixed",4.19937240427666
100,5,6,30,0.1,59,"mixed_population",4.19906577000743
100,5,6,30,0.1,60,"multinomial",3.93929448462739
100,5,6,30,0.1,60,"mixed",3.93875424474907
100,5,6,30,0.1,60,"mixed_population",3.93591252952464
100,5,6,30,0.1,61,"multinomial",4.06512559805292
100,5,6,30,0.1,61,"mixed",4.06173242254525
100,5,6,30,0.1,61,"mixed_population",4.06173010198196
100,5,6,30,0.1,62,"multinomial",3.93404548344657
100,5,6,30,0.1,62,"mixed",3.9296922753779
100,5,6,30,0.1,62,"mixed_population",3.92969071065148
100,5,6,30,0.1,63,"multinomial",4.25686223286523
100,5,6,30,0.1,63,"mixed",4.25152391179356
100,5,6,30,0.1,63,"mixed_population",4.25152265403488
100,5,6,30,0.1,64,"multinomial",4.24830834731654
100,5,6,30,0.1,64,"mixed",4.24329064510983
100,5,6,30,0.1,64,"mixed_population",4.24327495351275
100,5,6,30,0.1,65,"multinomial",4.18783979308781
100,5,6,30,0.1,65,"mixed",4.18158474081447
100,5,6,30,0.1,65,"mixed_population",4.18158336450946
100,5,6,30,0.1,66,"multinomial",4.08464274591223
100,5,6,30,0.1,66,"mixed",4.08216617716224
100,5,6,30,0.1,66,"mixed_population",4.0821680051425
100,5,6,30,0.1,67,"multinomial",4.45909833768949
100,5,6,30,0.1,67,"mixed",4.45428191561759
100,5,6,30,0.1,67,"mixed_population",4.45428487467268
100,5,6,30,0.1,68,"multinomial",3.99154106178195
100,5,6,30,0.1,68,"mixed",3.98834718955155
100,5,6,30,0.1,68,"mixed_population",3.98860664381924
100,5,6,30,0.1,69,"multinomial",4.01948617558238
100,5,6,30,0.1,69,"mixed",4.01710824151086
100,5,6,30,0.1,69,"mixed_population",4.01710679765122
100,5,6,30,0.1,70,"multinomial",4.0510950257728
100,5,6,30,0.1,70,"mixed",4.04867800002916
100,5,6,30,0.1,70,"mixed_population",4.04867771746206
100,5,6,30,0.1,71,"multinomial",4.28758987870618
100,5,6,30,0.1,71,"mixed",4.28706592841577
100,5,6,30,0.1,71,"mixed_population",4.28640386664205
100,5,6,30,0.1,72,"multinomial",4.17090848791109
100,5,6,30,0.1,72,"mixed",4.16293602543905
100,5,6,30,0.1,72,"mixed_population",4.1629250890182
100,5,6,30,0.1,73,"multinomial",3.94561908830361
100,5,6,30,0.1,73,"mixed",3.94295165164599
100,5,6,30,0.1,73,"mixed_population",3.94295181111979
100,5,6,30,0.1,74,"multinomial",4.08545269442139
100,5,6,30,0.1,74,"mixed",4.08122967208154
100,5,6,30,0.1,74,"mixed_population",4.08123700597757
100,5,6,30,0.1,75,"multinomial",4.0012330774758
100,5,6,30,0.1,75,"mixed",3.99612004403723
100,5,6,30,0.1,75,"mixed_population",3.99611733884135
100,5,6,30,0.1,76,"multinomial",4.17499139863872
100,5,6,30,0.1,76,"mixed",4.16936234488349
100,5,6,30,0.1,76,"mixed_population",4.16942981945433
100,5,6,30,0.1,77,"multinomial",3.9557941807017
100,5,6,30,0.1,77,"mixed",3.95360430745359
100,5,6,30,0.1,77,"mixed_population",3.95361157600753
100,5,6,30,0.1,78,"multinomial",4.19419401655458
100,5,6,30,0.1,78,"mixed",4.19002588690446
100,5,6,30,0.1,78,"mixed_population",4.19002580215106
100,5,6,30,0.1,79,"multinomial",4.04098018479565
100,5,6,30,0.1,79,"mixed",4.03506260602493
100,5,6,30,0.1,79,"mixed_population",4.03354514619014
100,5,6,30,0.1,80,"multinomial",4.23141978060669
100,5,6,30,0.1,80,"mixed",4.22787501849458
100,5,6,30,0.1,80,"mixed_population",4.22787472807049
100,5,6,30,0.1,81,"multinomial",4.05208617257225
100,5,6,30,0.1,81,"mixed",4.04668044749716
100,5,6,30,0.1,81,"mixed_population",4.04668068565493
100,5,6,30,0.1,82,"multinomial",4.25484569336427
100,5,6,30,0.1,82,"mixed",4.24694738303714
100,5,6,30,0.1,82,"mixed_population",4.24694718743992
100,5,6,30,0.1,83,"multinomial",4.13563327335921
100,5,6,30,0.1,83,"mixed",4.13664155797185
100,5,6,30,0.1,83,"mixed_population",4.13664181305785
100,5,6,30,0.1,84,"multinomial",4.31595234647254
100,5,6,30,0.1,84,"mixed",4.3096665073104
100,5,6,30,0.1,84,"mixed_population",4.30965984831837
100,5,6,30,0.1,85,"multinomial",3.90097422651585
100,5,6,30,0.1,85,"mixed",3.89491497071515
100,5,6,30,0.1,85,"mixed_population",3.8949153455761
100,5,6,30,0.1,86,"multinomial",3.99824266962143
100,5,6,30,0.1,86,"mixed",4.00035699958176
100,5,6,30,0.1,86,"mixed_population",4.00034207798945
100,5,6,30,0.1,87,"multinomial",4.17225965901026
100,5,6,30,0.1,87,"mixed",4.17171907615331
100,5,6,30,0.1,87,"mixed_population",4.17172219729661
100,5,6,30,0.1,88,"multinomial",4.22832681667998
100,5,6,30,0.1,88,"mixed",4.22313391734419
100,5,6,30,0.1,88,"mixed_population",4.22310316203179
100,5,6,30,0.1,89,"multinomial",4.20077431184018
100,5,6,30,0.1,89,"mixed",4.19243363219091
100,5,6,30,0.1,89,"mixed_population",4.19243259821969
100,5,6,30,0.1,90,"multinomial",3.91011336494077
100,5,6,30,0.1,90,"mixed",3.90900610055529
100,5,6,30,0.1,90,"mixed_population",3.90900577671889
100,5,6,30,0.1,91,"multinomial",4.21730405429074
100,5,6,30,0.1,91,"mixed",4.21628641579237
100,5,6,30,0.1,91,"mixed_population",4.21628932007257
100,5,6,30,0.1,92,"multinomial",3.89492419471409
100,5,6,30,0.1,92,"mixed",3.89164609496258
100,5,6,30,0.1,92,"mixed_population",3.89164388726417
100,5,6,30,0.1,93,"multinomial",4.13797103637917
100,5,6,30,0.1,93,"mixed",4.1359232512631
100,5,6,30,0.1,93,"mixed_population",4.13592443511104
100,5,6,30,0.1,94,"multinomial",4.01073274456563
100,5,6,30,0.1,94,"mixed",4.00848267201656
100,5,6,30,0.1,94,"mixed_population",4.00848325937122
100,5,6,30,0.1,95,"multinomial",3.84928815293367
100,5,6,30,0.1,95,"mixed",3.84591538134183
100,5,6,30,0.1,95,"mixed_population",3.84591001514405
100,5,6,30,0.1,96,"multinomial",4.10604120900544
100,5,6,30,0.1,96,"mixed",4.10060520313612
100,5,6,30,0.1,96,"mixed_population",4.10060586517849
100,5,6,30,0.1,97,"multinomial",4.32424497706796
100,5,6,30,0.1,97,"mixed",4.32108608523724
100,5,6,30,0.1,97,"mixed_population",4.32108009856575
100,5,6,30,0.1,98,"multinomial",4.04074157042533
100,5,6,30,0.1,98,"mixed",4.03680085333693
100,5,6,30,0.1,98,"mixed_population",4.03680383062373
100,5,6,30,0.1,99,"multinomial",4.20651196545355
100,5,6,30,0.1,99,"mixed",4.19792302063424
100,5,6,30,0.1,99,"mixed_population",4.19791804816073
100,5,6,30,0.1,100,"multinomial",3.87252964652742
100,5,6,30,0.1,100,"mixed",3.87148661767492
100,5,6,30,0.1,100,"mixed_population",3.87148926109777
100,5,6,30,1,1,"multinomial",4.66850203803449
100,5,6,30,1,1,"mixed",4.68734753881357
100,5,6,30,1,1,"mixed_population",4.6915178368121
100,5,6,30,1,2,"multinomial",4.49231717490361
100,5,6,30,1,2,"mixed",4.5049183410819
100,5,6,30,1,2,"mixed_population",4.51192576261418
100,5,6,30,1,3,"multinomial",4.5580451544564
100,5,6,30,1,3,"mixed",4.5648022769019
100,5,6,30,1,3,"mixed_population",4.5671399271621
100,5,6,30,1,4,"multinomial",4.48254975275296
100,5,6,30,1,4,"mixed",4.49497018374273
100,5,6,30,1,4,"mixed_population",4.49715415387066
100,5,6,30,1,5,"multinomial",4.63509730263388
100,5,6,30,1,5,"mixed",4.65288866658375
100,5,6,30,1,5,"mixed_population",4.64924035283626
100,5,6,30,1,6,"multinomial",4.64352196642527
100,5,6,30,1,6,"mixed",4.6570175220911
100,5,6,30,1,6,"mixed_population",4.6543588041152
100,5,6,30,1,7,"multinomial",4.54262385849501
100,5,6,30,1,7,"mixed",4.54750030832278
100,5,6,30,1,7,"mixed_population",4.53829750613297
100,5,6,30,1,8,"multinomial",4.56602505273623
100,5,6,30,1,8,"mixed",4.58136789353341
100,5,6,30,1,8,"mixed_population",4.58135940046625
100,5,6,30,1,9,"multinomial",4.64007349009722
100,5,6,30,1,9,"mixed",4.65415241674828
100,5,6,30,1,9,"mixed_population",4.66103448936587
100,5,6,30,1,10,"multinomial",4.47476179639951
100,5,6,30,1,10,"mixed",4.49981295668618
100,5,6,30,1,10,"mixed_population",4.5018668292245
100,5,6,30,1,11,"multinomial",4.8819533893777
100,5,6,30,1,11,"mixed",4.92068169857179
100,5,6,30,1,11,"mixed_population",4.92004055163127
100,5,6,30,1,12,"multinomial",4.31820304298089
100,5,6,30,1,12,"mixed",4.33752188054215
100,5,6,30,1,12,"mixed_population",4.34679077328502
100,5,6,30,1,13,"multinomial",4.75862300753373
100,5,6,30,1,13,"mixed",4.76957515831675
100,5,6,30,1,13,"mixed_population",4.77172832565529
100,5,6,30,1,14,"multinomial",4.49537488302531
100,5,6,30,1,14,"mixed",4.5168091348509
100,5,6,30,1,14,"mixed_population",4.51427192577992
100,5,6,30,1,15,"multinomial",4.72538414682267
100,5,6,30,1,15,"mixed",4.73996760403087
100,5,6,30,1,15,"mixed_population",4.74236113421956
100,5,6,30,1,16,"multinomial",4.88779995865749
100,5,6,30,1,16,"mixed",4.91033554746917
100,5,6,30,1,16,"mixed_population",4.90810191660947
100,5,6,30,1,17,"multinomial",4.77105787075283
100,5,6,30,1,17,"mixed",4.79163148840943
100,5,6,30,1,17,"mixed_population",4.7984618494217
100,5,6,30,1,18,"multinomial",4.67732107830959
100,5,6,30,1,18,"mixed",4.69929668392287
100,5,6,30,1,18,"mixed_population",4.7078521732025
100,5,6,30,1,19,"multinomial",4.92945987213253
100,5,6,30,1,19,"mixed",4.9463059810397
100,5,6,30,1,19,"mixed_population",4.95074748542218
100,5,6,30,1,20,"multinomial",4.59752234491316
100,5,6,30,1,20,"mixed",4.61493926352781
100,5,6,30,1,20,"mixed_population",4.61044527326466
100,5,6,30,1,21,"multinomial",4.35187272303434
100,5,6,30,1,21,"mixed",4.36506447515024
100,5,6,30,1,21,"mixed_population",4.36664253062994
100,5,6,30,1,22,"multinomial",4.4547482965033
100,5,6,30,1,22,"mixed",4.48443314312934
100,5,6,30,1,22,"mixed_population",4.49350417786133
100,5,6,30,1,23,"multinomial",4.62345167378314
100,5,6,30,1,23,"mixed",4.64174832073061
100,5,6,30,1,23,"mixed_population",4.64639163564707
100,5,6,30,1,24,"multinomial",4.92958164472675
100,5,6,30,1,24,"mixed",4.94522062610805
100,5,6,30,1,24,"mixed_population",4.94965880269651
100,5,6,30,1,25,"multinomial",4.79475314367515
100,5,6,30,1,25,"mixed",4.80604227689613
100,5,6,30,1,25,"mixed_population",4.80590083372078
100,5,6,30,1,26,"multinomial",4.49914935364542
100,5,6,30,1,26,"mixed",4.50885473948424
100,5,6,30,1,26,"mixed_population",4.50653701478673
100,5,6,30,1,27,"multinomial",4.77136709472686
100,5,6,30,1,27,"mixed",4.79476409003589
100,5,6,30,1,27,"mixed_population",4.79802834589997
100,5,6,30,1,28,"multinomial",4.93153986376744
100,5,6,30,1,28,"mixed",4.95246897709384
100,5,6,30,1,28,"mixed_population",4.95621013743318
100,5,6,30,1,29,"multinomial",4.81613873872333
100,5,6,30,1,29,"mixed",4.83038083513416
100,5,6,30,1,29,"mixed_population",4.82749850452992
100,5,6,30,1,30,"multinomial",4.53676499802859
100,5,6,30,1,30,"mixed",4.55480005808292
100,5,6,30,1,30,"mixed_population",4.55811369166345
100,5,6,30,1,31,"multinomial",4.82394636484266
100,5,6,30,1,31,"mixed",4.84723206611898
100,5,6,30,1,31,"mixed_population",4.85072214690519
100,5,6,30,1,32,"multinomial",4.54762337749385
100,5,6,30,1,32,"mixed",4.56895644046535
100,5,6,30,1,32,"mixed_population",4.57907030156503
100,5,6,30,1,33,"multinomial",4.79215949212948
100,5,6,30,1,33,"mixed",4.7985537575558
100,5,6,30,1,33,"mixed_population",4.79343682874624
100,5,6,30,1,34,"multinomial",4.67092533470112
100,5,6,30,1,34,"mixed",4.68945125007819
100,5,6,30,1,34,"mixed_population",4.68864166034855
100,5,6,30,1,35,"multinomial",4.52834108630769
100,5,6,30,1,35,"mixed",4.53621687860235
100,5,6,30,1,35,"mixed_population",4.5369471714553
100,5,6,30,1,36,"multinomial",4.54561438045043
100,5,6,30,1,36,"mixed",4.5725298127762
100,5,6,30,1,36,"mixed_population",4.58112866242466
100,5,6,30,1,37,"multinomial",4.44363356980203
100,5,6,30,1,37,"mixed",4.45682721235817
100,5,6,30,1,37,"mixed_population",4.45564800487561
100,5,6,30,1,38,"multinomial",4.3962224697518
100,5,6,30,1,38,"mixed",4.41549019625038
100,5,6,30,1,38,"mixed_population",4.41995797952257
100,5,6,30,1,39,"multinomial",4.8388210021872
100,5,6,30,1,39,"mixed",4.84939607430377
100,5,6,30,1,39,"mixed_population",4.84276496169135
100,5,6,30,1,40,"multinomial",4.53768185299361
100,5,6,30,1,40,"mixed",4.54203408941444
100,5,6,30,1,40,"mixed_population",4.54319253036847
100,5,6,30,1,41,"multinomial",4.79708480949471
100,5,6,30,1,41,"mixed",4.81300866347251
100,5,6,30,1,41,"mixed_population",4.81105443325142
100,5,6,30,1,42,"multinomial",4.60143965787839
100,5,6,30,1,42,"mixed",4.63144641061984
100,5,6,30,1,42,"mixed_population",4.63319068417545
100,5,6,30,1,43,"multinomial",5.13808641333938
100,5,6,30,1,43,"mixed",5.19005313612798
100,5,6,30,1,43,"mixed_population",5.21185990829975
100,5,6,30,1,44,"multinomial",4.61785871558746
100,5,6,30,1,44,"mixed",4.62921559886506
100,5,6,30,1,44,"mixed_population",4.63190028043251
100,5,6,30,1,45,"multinomial",4.81901653430256
100,5,6,30,1,45,"mixed",4.82878736081038
100,5,6,30,1,45,"mixed_population",4.83426383745186
100,5,6,30,1,46,"multinomial",4.26167640734745
100,5,6,30,1,46,"mixed",4.28434231078008
100,5,6,30,1,46,"mixed_population",4.28463308437787
100,5,6,30,1,47,"multinomial",4.39491621342602
100,5,6,30,1,47,"mixed",4.42202913331952
100,5,6,30,1,47,"mixed_population",4.4197204979121
100,5,6,30,1,48,"multinomial",4.70390457162626
100,5,6,30,1,48,"mixed",4.72412972454598
100,5,6,30,1,48,"mixed_population",4.72210461087143
100,5,6,30,1,49,"multinomial",4.47538848731813
100,5,6,30,1,49,"mixed",4.50366972919181
100,5,6,30,1,49,"mixed_population",4.50652436039929
100,5,6,30,1,50,"multinomial",4.81669992069222
100,5,6,30,1,50,"mixed",4.82715807812072
100,5,6,30,1,50,"mixed_population",4.83164932953813
100,5,6,30,1,51,"multinomial",4.4109858417963
100,5,6,30,1,51,"mixed",4.43998582237037
100,5,6,30,1,51,"mixed_population",4.44610477486658
100,5,6,30,1,52,"multinomial",4.38932097760103
100,5,6,30,1,52,"mixed",4.39773504125097
100,5,6,30,1,52,"mixed_population",4.39338023902887
100,5,6,30,1,53,"multinomial",4.4918712754685
100,5,6,30,1,53,"mixed",4.52526814973034
100,5,6,30,1,53,"mixed_population",4.53061294293782
100,5,6,30,1,54,"multinomial",4.720919427549
100,5,6,30,1,54,"mixed",4.74373092992456
100,5,6,30,1,54,"mixed_population",4.75561336281739
100,5,6,30,1,55,"multinomial",4.85386779241068
100,5,6,30,1,55,"mixed",4.8884643002896
100,5,6,30,1,55,"mixed_population",4.89904162330026
100,5,6,30,1,56,"multinomial",4.56671059837308
100,5,6,30,1,56,"mixed",4.5800890301908
100,5,6,30,1,56,"mixed_population",4.57790548148097
100,5,6,30,1,57,"multinomial",4.72788757084478
100,5,6,30,1,57,"mixed",4.7281442819988
100,5,6,30,1,57,"mixed_population",4.72906084581564
100,5,6,30,1,58,"multinomial",4.65001005442408
100,5,6,30,1,58,"mixed",4.66710367912136
100,5,6,30,1,58,"mixed_population",4.67308997106921
100,5,6,30,1,59,"multinomial",4.79149397802786
100,5,6,30,1,59,"mixed",4.81109417495737
100,5,6,30,1,59,"mixed_population",4.81585223995701
100,5,6,30,1,60,"multinomial",4.66550777622998
100,5,6,30,1,60,"mixed",4.68030776387039
100,5,6,30,1,60,"mixed_population",4.68363154875343
100,5,6,30,1,61,"multinomial",4.39285620998394
100,5,6,30,1,61,"mixed",4.39724051804468
100,5,6,30,1,61,"mixed_population",4.39330479639092
100,5,6,30,1,62,"multinomial",4.6277956931776
100,5,6,30,1,62,"mixed",4.63978001680877
100,5,6,30,1,62,"mixed_population",4.63793034714818
100,5,6,30,1,63,"multinomial",4.7003688279845
100,5,6,30,1,63,"mixed",4.71714875855799
100,5,6,30,1,63,"mixed_population",4.72005040939261
100,5,6,30,1,64,"multinomial",4.47290112493593
100,5,6,30,1,64,"mixed",4.48253942024641
100,5,6,30,1,64,"mixed_population",4.47763283203066
100,5,6,30,1,65,"multinomial",4.81828019426554
100,5,6,30,1,65,"mixed",4.82597031214845
100,5,6,30,1,65,"mixed_population",4.8248992511354
100,5,6,30,1,66,"multinomial",4.53529888477258
100,5,6,30,1,66,"mixed",4.56425909335988
100,5,6,30,1,66,"mixed_population",4.56387315522754
100,5,6,30,1,67,"multinomial",4.54024504332641
100,5,6,30,1,67,"mixed",4.54662719269831
100,5,6,30,1,67,"mixed_population",4.53987068004725
100,5,6,30,1,68,"multinomial",4.90781863997841
100,5,6,30,1,68,"mixed",4.93730102629848
100,5,6,30,1,68,"mixed_population",4.94243016588852
100,5,6,30,1,69,"multinomial",4.74219315819051
100,5,6,30,1,69,"mixed",4.7613953244756
100,5,6,30,1,69,"mixed_population",4.76578290009357
100,5,6,30,1,70,"multinomial",4.5532532025906
100,5,6,30,1,70,"mixed",4.56871788204257
100,5,6,30,1,70,"mixed_population",4.57479143370864
100,5,6,30,1,71,"multinomial",4.5834167040922
100,5,6,30,1,71,"mixed",4.59516063946426
100,5,6,30,1,71,"mixed_population",4.59542784628183
100,5,6,30,1,72,"multinomial",4.60035772361302
100,5,6,30,1,72,"mixed",4.61145010264008
100,5,6,30,1,72,"mixed_population",4.60220063341889
100,5,6,30,1,73,"multinomial",4.51025679144545
100,5,6,30,1,73,"mixed",4.52634724378921
100,5,6,30,1,73,"mixed_population",4.51772775994182
100,5,6,30,1,74,"multinomial",4.71243939311661
100,5,6,30,1,74,"mixed",4.7343825106189
100,5,6,30,1,74,"mixed_population",4.73558958084957
100,5,6,30,1,75,"multinomial",4.74984739131755
100,5,6,30,1,75,"mixed",4.75761232119118
100,5,6,30,1,75,"mixed_population",4.76120440430676
100,5,6,30,1,76,"multinomial",4.76781528634231
100,5,6,30,1,76,"mixed",4.79731326590676
100,5,6,30,1,76,"mixed_population",4.80073163033715
100,5,6,30,1,77,"multinomial",4.74410774833657
100,5,6,30,1,77,"mixed",4.75517647757485
100,5,6,30,1,77,"mixed_population",4.75839895851132
100,5,6,30,1,78,"multinomial",4.60516824915047
100,5,6,30,1,78,"mixed",4.62026015494297
100,5,6,30,1,78,"mixed_population",4.61402011199157
100,5,6,30,1,79,"multinomial",4.71868293636085
100,5,6,30,1,79,"mixed",4.74762622309486
100,5,6,30,1,79,"mixed_population",4.75131549848944
100,5,6,30,1,80,"multinomial",4.54639102155649
100,5,6,30,1,80,"mixed",4.55725861470185
100,5,6,30,1,80,"mixed_population",4.55737715860688
100,5,6,30,1,81,"multinomial",4.83264936680145
100,5,6,30,1,81,"mixed",4.83919197984758
100,5,6,30,1,81,"mixed_population",4.84869188823341
100,5,6,30,1,82,"multinomial",4.47329601234239
100,5,6,30,1,82,"mixed",4.48487080897766
100,5,6,30,1,82,"mixed_population",4.48520198411552
100,5,6,30,1,83,"multinomial",4.66003262805023
100,5,6,30,1,83,"mixed",4.6604090230738
100,5,6,30,1,83,"mixed_population",4.66127587475156
100,5,6,30,1,84,"multinomial",4.58031171971111
100,5,6,30,1,84,"mixed",4.59337834444723
100,5,6,30,1,84,"mixed_population",4.59985418441431
100,5,6,30,1,85,"multinomial",4.78385729711264
100,5,6,30,1,85,"mixed",4.79891733942421
100,5,6,30,1,85,"mixed_population",4.81200224812844
100,5,6,30,1,86,"multinomial",4.61358013326407
100,5,6,30,1,86,"mixed",4.6261917173652
100,5,6,30,1,86,"mixed_population",4.62217084393505
100,5,6,30,1,87,"multinomial",4.66278405995138
100,5,6,30,1,87,"mixed",4.6848505271385
100,5,6,30,1,87,"mixed_population",4.68676225127492
100,5,6,30,1,88,"multinomial",4.45859196885684
100,5,6,30,1,88,"mixed",4.48094835796741
100,5,6,30,1,88,"mixed_population",4.48852048793231
100,5,6,30,1,89,"multinomial",4.64708704306123
100,5,6,30,1,89,"mixed",4.66368146056473
100,5,6,30,1,89,"mixed_population",4.66454426608515
100,5,6,30,1,90,"multinomial",4.51928872543994
100,5,6,30,1,90,"mixed",4.53486133748505
100,5,6,30,1,90,"mixed_population",4.5399280138069
100,5,6,30,1,91,"multinomial",4.64186080580786
100,5,6,30,1,91,"mixed",4.66728514238264
100,5,6,30,1,91,"mixed_population",4.66733076823066
100,5,6,30,1,92,"multinomial",4.56918878754927
100,5,6,30,1,92,"mixed",4.59747803709711
100,5,6,30,1,92,"mixed_population",4.59508873099763
100,5,6,30,1,93,"multinomial",4.6301930309264
100,5,6,30,1,93,"mixed",4.64408405634343
100,5,6,30,1,93,"mixed_population",4.64086830350081
100,5,6,30,1,94,"multinomial",4.66870012142053
100,5,6,30,1,94,"mixed",4.6861758769707
100,5,6,30,1,94,"mixed_population",4.68426818028654
100,5,6,30,1,95,"multinomial",4.41821738947856
100,5,6,30,1,95,"mixed",4.44442304466992
100,5,6,30,1,95,"mixed_population",4.44787805575304
100,5,6,30,1,96,"multinomial",4.86194037863243
100,5,6,30,1,96,"mixed",4.87717074525844
100,5,6,30,1,96,"mixed_population",4.88424274892189
100,5,6,30,1,97,"multinomial",4.48365308780672
100,5,6,30,1,97,"mixed",4.4895652987654
100,5,6,30,1,97,"mixed_population",4.48199075729633
100,5,6,30,1,98,"multinomial",4.94227858045586
100,5,6,30,1,98,"mixed",4.96796729656174
100,5,6,30,1,98,"mixed_population",4.9647109293737
100,5,6,30,1,99,"multinomial",4.6927637998506
100,5,6,30,1,99,"mixed",4.70533860526915
100,5,6,30,1,99,"mixed_population",4.70605469594285
100,5,6,30,1,100,"multinomial",4.7840019002586
100,5,6,30,1,100,"mixed",4.80810493503877
100,5,6,30,1,100,"mixed_population",4.81696371458049
100,5,6,30,10,1,"multinomial",10.9128274571365
100,5,6,30,10,1,"mixed",11.6131125708428
100,5,6,30,10,1,"mixed_population",10.7521669867623
100,5,6,30,10,2,"multinomial",11.0435365819266
100,5,6,30,10,2,"mixed",11.7066902463557
100,5,6,30,10,2,"mixed_population",10.8104425961644
100,5,6,30,10,3,"multinomial",11.1263858408274
100,5,6,30,10,3,"mixed",12.3117572761495
100,5,6,30,10,3,"mixed_population",11.1183104499164
100,5,6,30,10,4,"multinomial",11.553859094939
100,5,6,30,10,4,"mixed",12.413677263537
100,5,6,30,10,4,"mixed_population",11.5191190112789
100,5,6,30,10,5,"multinomial",11.216152598613
100,5,6,30,10,5,"mixed",11.8969562459544
100,5,6,30,10,5,"mixed_population",11.1704719190222
100,5,6,30,10,6,"multinomial",11.1653874582239
100,5,6,30,10,6,"mixed",12.0074651068601
100,5,6,30,10,6,"mixed_population",11.1160645266495
100,5,6,30,10,7,"multinomial",11.2256226805129
100,5,6,30,10,7,"mixed",12.0381719821243
100,5,6,30,10,7,"mixed_population",11.0925435748251
100,5,6,30,10,8,"multinomial",10.8232614447706
100,5,6,30,10,8,"mixed",11.6004110917967
100,5,6,30,10,8,"mixed_population",10.7765232075601
100,5,6,30,10,9,"multinomial",10.7284899215341
100,5,6,30,10,9,"mixed",11.7570728407176
100,5,6,30,10,9,"mixed_population",10.5521855519598
100,5,6,30,10,10,"multinomial",11.2089420738118
100,5,6,30,10,10,"mixed",12.1105485501217
100,5,6,30,10,10,"mixed_population",11.0597093091968
100,5,6,30,10,11,"multinomial",10.9036125361849
100,5,6,30,10,11,"mixed",11.7997561237033
100,5,6,30,10,11,"mixed_population",10.8056928610105
100,5,6,30,10,12,"multinomial",11.2238779456449
100,5,6,30,10,12,"mixed",12.0536069900551
100,5,6,30,10,12,"mixed_population",11.159269643998
100,5,6,30,10,13,"multinomial",11.3885234555027
100,5,6,30,10,13,"mixed",12.3171882509252
100,5,6,30,10,13,"mixed_population",11.2492464557086
100,5,6,30,10,14,"multinomial",11.2990452801252
100,5,6,30,10,14,"mixed",12.3899593725243
100,5,6,30,10,14,"mixed_population",11.2602412047364
100,5,6,30,10,15,"multinomial",11.4147799983123
100,5,6,30,10,15,"mixed",12.4959029497876
100,5,6,30,10,15,"mixed_population",11.3430270143294
100,5,6,30,10,16,"multinomial",10.851841752075
100,5,6,30,10,16,"mixed",11.6807228641404
100,5,6,30,10,16,"mixed_population",10.7837154556465
100,5,6,30,10,17,"multinomial",11.0590590719476
100,5,6,30,10,17,"mixed",12.0124082103169
100,5,6,30,10,17,"mixed_population",11.0256057062058
100,5,6,30,10,18,"multinomial",11.3275882000266
100,5,6,30,10,18,"mixed",12.2156604631005
100,5,6,30,10,18,"mixed_population",11.2902702527028
100,5,6,30,10,19,"multinomial",11.1194944493751
100,5,6,30,10,19,"mixed",12.2988587035695
100,5,6,30,10,19,"mixed_population",11.0084949584931
100,5,6,30,10,20,"multinomial",11.2818860357388
100,5,6,30,10,20,"mixed",12.3016109778554
100,5,6,30,10,20,"mixed_population",11.2387692221334
100,5,6,30,10,21,"multinomial",10.9924687544525
100,5,6,30,10,21,"mixed",11.9822342502078
100,5,6,30,10,21,"mixed_population",10.9312232629416
100,5,6,30,10,22,"multinomial",11.1047064129481
100,5,6,30,10,22,"mixed",12.0738238497588
100,5,6,30,10,22,"mixed_population",11.0511206718347
100,5,6,30,10,23,"multinomial",10.7192126167768
100,5,6,30,10,23,"mixed",11.6890770817026
100,5,6,30,10,23,"mixed_population",10.6388543476754
100,5,6,30,10,24,"multinomial",10.9891602075326
100,5,6,30,10,24,"mixed",12.0131308327875
100,5,6,30,10,24,"mixed_population",10.9220220779667
100,5,6,30,10,25,"multinomial",10.8838759701211
100,5,6,30,10,25,"mixed",11.9405207931425
100,5,6,30,10,25,"mixed_population",10.8078970436422
100,5,6,30,10,26,"multinomial",11.0465523287665
100,5,6,30,10,26,"mixed",11.9153847665057
100,5,6,30,10,26,"mixed_population",11.0286541485733
100,5,6,30,10,27,"multinomial",11.3611032161323
100,5,6,30,10,27,"mixed",12.3305555011587
100,5,6,30,10,27,"mixed_population",11.2680413422923
100,5,6,30,10,28,"multinomial",11.397375435298
100,5,6,30,10,28,"mixed",12.2327099186273
100,5,6,30,10,28,"mixed_population",11.2146095466651
100,5,6,30,10,29,"multinomial",11.4367202172841
100,5,6,30,10,29,"mixed",12.3176174330003
100,5,6,30,10,29,"mixed_population",11.3558979032254
100,5,6,30,10,30,"multinomial",10.8574029088765
100,5,6,30,10,30,"mixed",11.8572673766274
100,5,6,30,10,30,"mixed_population",10.8366391043409
100,5,6,30,10,31,"multinomial",10.718871294493
100,5,6,30,10,31,"mixed",11.7685198008085
100,5,6,30,10,31,"mixed_population",10.6682802157133
100,5,6,30,10,32,"multinomial",11.0613543635893
100,5,6,30,10,32,"mixed",11.9613124525037
100,5,6,30,10,32,"mixed_population",11.0332325673018
100,5,6,30,10,33,"multinomial",11.1575706476916
100,5,6,30,10,33,"mixed",11.7933369804721
100,5,6,30,10,33,"mixed_population",11.0185829950306
100,5,6,30,10,34,"multinomial",11.3016099151724
100,5,6,30,10,34,"mixed",12.0414773055738
100,5,6,30,10,34,"mixed_population",11.2259373211604
100,5,6,30,10,35,"multinomial",11.7137096670105
100,5,6,30,10,35,"mixed",12.8771893262475
100,5,6,30,10,35,"mixed_population",11.6286341932528
100,5,6,30,10,36,"multinomial",11.1609247195623
100,5,6,30,10,36,"mixed",12.2924173921201
100,5,6,30,10,36,"mixed_population",11.147376670248
100,5,6,30,10,37,"multinomial",10.9241652476844
100,5,6,30,10,37,"mixed",11.7300868063933
100,5,6,30,10,37,"mixed_population",10.9183420020201
100,5,6,30,10,38,"multinomial",10.921312805313
100,5,6,30,10,38,"mixed",11.8616298128285
100,5,6,30,10,38,"mixed_population",10.8962596907067
100,5,6,30,10,39,"multinomial",11.0240143453638
100,5,6,30,10,39,"mixed",12.0995358832045
100,5,6,30,10,39,"mixed_population",10.9500904629003
100,5,6,30,10,40,"multinomial",11.1619343975204
100,5,6,30,10,40,"mixed",12.1746010716958
100,5,6,30,10,40,"mixed_population",11.0720262995147
100,5,6,30,10,41,"multinomial",11.1256179855545
100,5,6,30,10,41,"mixed",11.8925482471606
100,5,6,30,10,41,"mixed_population",11.101065708466
100,5,6,30,10,42,"multinomial",11.2855941506235
100,5,6,30,10,42,"mixed",12.246802092516
100,5,6,30,10,42,"mixed_population",11.3225860521109
100,5,6,30,10,43,"multinomial",10.8847188585201
100,5,6,30,10,43,"mixed",11.6944515165152
100,5,6,30,10,43,"mixed_population",10.79881050745
100,5,6,30,10,44,"multinomial",11.5644614972699
100,5,6,30,10,44,"mixed",12.4913268681217
100,5,6,30,10,44,"mixed_population",11.5214133778023
100,5,6,30,10,45,"multinomial",11.0323291834991
100,5,6,30,10,45,"mixed",11.7956270653494
100,5,6,30,10,45,"mixed_population",10.9802911463285
100,5,6,30,10,46,"multinomial",10.6105296154558
100,5,6,30,10,46,"mixed",11.6769408317378
100,5,6,30,10,46,"mixed_population",10.6309918667947
100,5,6,30,10,47,"multinomial",11.2816797456708
100,5,6,30,10,47,"mixed",12.3957633247478
100,5,6,30,10,47,"mixed_population",11.3660428386376
100,5,6,30,10,48,"multinomial",11.0599828901397
100,5,6,30,10,48,"mixed",12.1386312252759
100,5,6,30,10,48,"mixed_population",10.9814556614519
100,5,6,30,10,49,"multinomial",10.9657599809065
100,5,6,30,10,49,"mixed",11.8400813510914
100,5,6,30,10,49,"mixed_population",10.9066790831884
100,5,6,30,10,50,"multinomial",11.4082901836759
100,5,6,30,10,50,"mixed",12.0862365107797
100,5,6,30,10,50,"mixed_population",11.2912194261932
100,5,6,30,10,51,"multinomial",11.0277017668148
100,5,6,30,10,51,"mixed",11.8863272809144
100,5,6,30,10,51,"mixed_population",11.0454452494676
100,5,6,30,10,52,"multinomial",11.0624188058647
100,5,6,30,10,52,"mixed",11.9335607912715
100,5,6,30,10,52,"mixed_population",11.0003354448225
100,5,6,30,10,53,"multinomial",11.1160143447486
100,5,6,30,10,53,"mixed",11.9517902507686
100,5,6,30,10,53,"mixed_population",11.0196086743476
100,5,6,30,10,54,"multinomial",11.3687151574077
100,5,6,30,10,54,"mixed",12.5460105096
100,5,6,30,10,54,"mixed_population",11.3218971791229
100,5,6,30,10,55,"multinomial",11.3948578742527
100,5,6,30,10,55,"mixed",12.0582754517053
100,5,6,30,10,55,"mixed_population",11.3293673379315
100,5,6,30,10,56,"multinomial",11.2542126812366
100,5,6,30,10,56,"mixed",11.9674557793944
100,5,6,30,10,56,"mixed_population",11.0734084317883
100,5,6,30,10,57,"multinomial",11.1069794883294
100,5,6,30,10,57,"mixed",11.8464529684464
100,5,6,30,10,57,"mixed_population",11.0963502328789
100,5,6,30,10,58,"multinomial",10.9860070369495
100,5,6,30,10,58,"mixed",11.5746732184226
100,5,6,30,10,58,"mixed_population",10.8325439453433
100,5,6,30,10,59,"multinomial",11.2363217883438
100,5,6,30,10,59,"mixed",12.1385686975554
100,5,6,30,10,59,"mixed_population",11.1551364917891
100,5,6,30,10,60,"multinomial",11.3458735974564
100,5,6,30,10,60,"mixed",12.4016453853296
100,5,6,30,10,60,"mixed_population",11.3447324165377
100,5,6,30,10,61,"multinomial",11.0327025671857
100,5,6,30,10,61,"mixed",11.9669615548719
100,5,6,30,10,61,"mixed_population",10.9007037697612
100,5,6,30,10,62,"multinomial",11.1889017967172
100,5,6,30,10,62,"mixed",12.1602318477355
100,5,6,30,10,62,"mixed_population",11.1330493420724
100,5,6,30,10,63,"multinomial",11.4097426521406
100,5,6,30,10,63,"mixed",12.0374818345429
100,5,6,30,10,63,"mixed_population",11.2888796148033
100,5,6,30,10,64,"multinomial",11.0250089092476
100,5,6,30,10,64,"mixed",11.6956223822209
100,5,6,30,10,64,"mixed_population",10.9046826834501
100,5,6,30,10,65,"multinomial",11.2564789726595
100,5,6,30,10,65,"mixed",12.0893249265973
100,5,6,30,10,65,"mixed_population",11.1064985707454
100,5,6,30,10,66,"multinomial",10.9479878956493
100,5,6,30,10,66,"mixed",11.7840744791585
100,5,6,30,10,66,"mixed_population",10.8543107323096
100,5,6,30,10,67,"multinomial",11.6653079157433
100,5,6,30,10,67,"mixed",12.7535095647317
100,5,6,30,10,67,"mixed_population",11.6421230215596
100,5,6,30,10,68,"multinomial",11.1491200496305
100,5,6,30,10,68,"mixed",11.9060255525341
100,5,6,30,10,68,"mixed_population",11.0194770898375
100,5,6,30,10,69,"multinomial",11.0015034915189
100,5,6,30,10,69,"mixed",11.8683733106056
100,5,6,30,10,69,"mixed_population",10.9715749851497
100,5,6,30,10,70,"multinomial",11.172977000679
100,5,6,30,10,70,"mixed",12.316931640738
100,5,6,30,10,70,"mixed_population",11.1126723879276
100,5,6,30,10,71,"multinomial",11.1120072409005
100,5,6,30,10,71,"mixed",12.1227154812068
100,5,6,30,10,71,"mixed_population",11.0963699344414
100,5,6,30,10,72,"multinomial",11.2031814824467
100,5,6,30,10,72,"mixed",11.9747218745966
100,5,6,30,10,72,"mixed_population",11.1140603553884
100,5,6,30,10,73,"multinomial",11.2999034624806
100,5,6,30,10,73,"mixed",12.3700259124149
100,5,6,30,10,73,"mixed_population",11.2997311873007
100,5,6,30,10,74,"multinomial",11.17769458221
100,5,6,30,10,74,"mixed",12.0432713734862
100,5,6,30,10,74,"mixed_population",11.1547365385372
100,5,6,30,10,75,"multinomial",10.8301985339125
100,5,6,30,10,75,"mixed",11.8030315062346
100,5,6,30,10,75,"mixed_population",10.8388108411203
100,5,6,30,10,76,"multinomial",11.2873626640346
100,5,6,30,10,76,"mixed",12.2152381414694
100,5,6,30,10,76,"mixed_population",11.1384768767062
100,5,6,30,10,77,"multinomial",10.9799512310857
100,5,6,30,10,77,"mixed",11.7956846744021
100,5,6,30,10,77,"mixed_population",10.8238245709073
100,5,6,30,10,78,"multinomial",11.1458540810089
100,5,6,30,10,78,"mixed",11.9627550301673
100,5,6,30,10,78,"mixed_population",11.082813328827
100,5,6,30,10,79,"multinomial",11.5410646100285
100,5,6,30,10,79,"mixed",12.2851237027156
100,5,6,30,10,79,"mixed_population",11.4372655967132
100,5,6,30,10,80,"multinomial",11.399864930049
100,5,6,30,10,80,"mixed",12.1347759146254
100,5,6,30,10,80,"mixed_population",11.1766493774492
100,5,6,30,10,81,"multinomial",10.6406244280716
100,5,6,30,10,81,"mixed",11.5202046381409
100,5,6,30,10,81,"mixed_population",10.6240120394534
100,5,6,30,10,82,"multinomial",10.7496698739083
100,5,6,30,10,82,"mixed",11.6584946254797
100,5,6,30,10,82,"mixed_population",10.7042262656312
100,5,6,30,10,83,"multinomial",10.9552630792813
100,5,6,30,10,83,"mixed",11.5362470961226
100,5,6,30,10,83,"mixed_population",10.936087389374
100,5,6,30,10,84,"multinomial",11.0938720273692
100,5,6,30,10,84,"mixed",12.2174370721608
100,5,6,30,10,84,"mixed_population",11.0308885599248
100,5,6,30,10,85,"multinomial",11.1172276452402
100,5,6,30,10,85,"mixed",12.0749790480923
100,5,6,30,10,85,"mixed_population",10.9995384278666
100,5,6,30,10,86,"multinomial",11.0609467107832
100,5,6,30,10,86,"mixed",11.7215328462877
100,5,6,30,10,86,"mixed_population",11.0224043777993
100,5,6,30,10,87,"multinomial",10.7833459400277
100,5,6,30,10,87,"mixed",11.5879817963802
100,5,6,30,10,87,"mixed_population",10.7478205909125
100,5,6,30,10,88,"multinomial",10.9648176258729
100,5,6,30,10,88,"mixed",11.7447039270372
100,5,6,30,10,88,"mixed_population",10.9000061511231
100,5,6,30,10,89,"multinomial",11.1604113354404
100,5,6,30,10,89,"mixed",11.9028467397255
100,5,6,30,10,89,"mixed_population",10.9677843682722
100,5,6,30,10,90,"multinomial",11.0246092183809
100,5,6,30,10,90,"mixed",12.0190481760344
100,5,6,30,10,90,"mixed_population",10.8286302426303
100,5,6,30,10,91,"multinomial",10.7308373355732
100,5,6,30,10,91,"mixed",11.3574979914187
100,5,6,30,10,91,"mixed_population",10.6453389584996
100,5,6,30,10,92,"multinomial",11.1411088356693
100,5,6,30,10,92,"mixed",11.9792604004607
100,5,6,30,10,92,"mixed_population",11.0316343475346
100,5,6,30,10,93,"multinomial",11.11091141306
100,5,6,30,10,93,"mixed",11.8276727894757
100,5,6,30,10,93,"mixed_population",11.0362141772309
100,5,6,30,10,94,"multinomial",11.0423106243561
100,5,6,30,10,94,"mixed",12.3001210771762
100,5,6,30,10,94,"mixed_population",11.0014732235781
100,5,6,30,10,95,"multinomial",10.7190951746155
100,5,6,30,10,95,"mixed",11.6869192857497
100,5,6,30,10,95,"mixed_population",10.6881557349712
100,5,6,30,10,96,"multinomial",11.3266881748376
100,5,6,30,10,96,"mixed",12.1983112937267
100,5,6,30,10,96,"mixed_population",11.3613737321709
100,5,6,30,10,97,"multinomial",10.9659698215924
100,5,6,30,10,97,"mixed",11.766342257235
100,5,6,30,10,97,"mixed_population",10.8712666689623
100,5,6,30,10,98,"multinomial",11.2987588829103
100,5,6,30,10,98,"mixed",12.3586165451669
100,5,6,30,10,98,"mixed_population",11.2364977643964
100,5,6,30,10,99,"multinomial",11.2812850355102
100,5,6,30,10,99,"mixed",12.4061884758212
100,5,6,30,10,99,"mixed_population",11.2440575464534
100,5,6,30,10,100,"multinomial",11.1105004372653
100,5,6,30,10,100,"mixed",12.2376198358946
100,5,6,30,10,100,"mixed_population",11.0000079385546
